"gene_name","ensembl_ID","feature_id","twostep_gene_padj","twostep_feature_padj","lr","df","pvalue","adj_pvalue","pA_usage_control","pA_usage_treatment","change_in_usage","chr","start","end","strand","mean_usage","sig_PAS_count","UTR_type"
"AGGF1","ENSG00000164252","PAS15005_APA_0.25",0.000134627389270078,0.000748627619287964,17.2380782659661,1,3.29760246124071e-05,0.00156678269462529,0.404916385436652,0.186247497233827,-0.218668888202824,"chr5",77065209,77065210,"+",0.295581941335239,2,"TUTR"
"CPNE3","ENSG00000085719","PAS23096_APA_0.25",1.40750164123712e-10,2.37674660845392e-13,59.8058361861549,1,1.04692443397128e-14,5.77492621469286e-12,0.81549443331614,0.6000316511921,-0.21546278212404,"chr8",86561411,86561412,"+",0.70776304225412,2,"TUTR"
"DENR","ENSG00000139726","PAS33506_ATTAAA_0.3",9.32681796315758e-06,5.57643390134819e-07,31.0955466436353,1,2.45634300475342e-08,3.24621080221944e-06,0.685863535569845,0.516289841550635,-0.169573694019211,"chr12",122771059,122771060,"+",0.60107668856024,2,"TUTR"
"HGSNAT","ENSG00000165102","PAS22874_AATAAA_0.3",0.0239595631353071,0.00404624770746323,12.7476152013223,1,0.0003564633752522,0.0103508493016019,0.280415290230753,0.107910465776478,-0.172504824454275,"chr8",43202825,43202826,"+",0.194162878003616,2,"TUTR"
"HPRT1","ENSG00000165704","PAS52367_AATAAA_0.35",0.00077044323370808,0,17.9499171004409,1,2.2679429661202e-05,0.00118409022268177,0.812757192504712,0.937366433669755,0.124609241165042,"chrX",134500665,134500666,"+",0.875061813087234,2,"TUTR"
"IGF2BP1","ENSG00000159217","PAS43019_AATAAA_0.2",9.63876392719852e-05,0.000906064719501387,16.8756210313077,1,3.99109139456136e-05,0.00182468511713286,0.525438300907741,0.307691024553404,-0.217747276354337,"chr17",49056142,49056143,"+",0.416564662730573,2,"TUTR"
"IPO7","ENSG00000205339","PAS29463_AATAAA_0.35",1.51525471344228e-21,6.48294570954723e-18,81.3365120652652,1,1.90376605378485e-19,3.45043998919548e-16,0.194113133109439,0.063982328260281,-0.130130804849158,"chr11",9448125,9448126,"+",0.12904773068486,2,"TUTR"
"LGALSL","ENSG00000119862","PAS5728_AATAAA_0.35",0.0226908725804554,0,10.0354858926326,1,0.00153553037351692,0.0305349119887291,0.526768567837511,0.282480971493366,-0.244287596344145,"chr2",64461376,64461377,"+",0.404624769665439,2,"TUTR"
"RMND5A","ENSG00000153561","PAS5950_ATTAAA_0.35",7.66545371600665e-05,0.00117191712957971,16.3876179127201,1,5.162134967112e-05,0.00224287692903253,0.446263261498409,0.281713223981764,-0.164550037516644,"chr2",86778032,86778033,"+",0.363988242740086,2,"TUTR"
"SEC24A","ENSG00000113615","PAS15401_AATAAA_0.35",0.00056344713266356,0,18.6744758569057,1,1.55044112870306e-05,0.000890065457007044,0.754718352017807,0.497490256636632,-0.257228095381175,"chr5",134727902,134727903,"+",0.62610430432722,2,"TUTR"
"SERPINE1","ENSG00000106366","PAS20775_AATAAA_0.4",1.14064295852586e-05,0,27.0855352571193,1,1.94648969031717e-07,2.0928063305978e-05,0.310135640511114,0.483880867920052,0.173745227408939,"chr7",101139244,101139245,"+",0.397008254215583,2,"TUTR"
"STYX","ENSG00000198252","PAS36624_ATTAAA_0.25",4.16198934378107e-06,1.0719477684722e-06,28.484826771479,1,9.4435671582555e-08,1.09917923428245e-05,0.691210216747238,0.349423886832053,-0.341786329915185,"chr14",52774941,52774942,"+",0.520317051789645,2,"TUTR"
"TIMM17A","ENSG00000134375","PAS2068_AATAAA_0.25",7.32048151604131e-06,0,28.1471931526958,1,1.12430603488636e-07,1.28505141122612e-05,0.609041830644905,0.392415971363319,-0.216625859281586,"chr1",201970349,201970350,"+",0.500728901004112,2,"TUTR"
"TNPO1","ENSG00000083312","PAS14950_AATAAA_0.2",1.86090169602524e-12,4.02619773558845e-08,37.5593297376709,1,8.86742568684956e-10,1.60715756698658e-07,0.262124192614325,0.14149058661444,-0.120633605999885,"chr5",72914386,72914387,"+",0.201807389614382,2,"TUTR"
"UTP3","ENSG00000132467","PAS12900_AATAAA_0.3",0.00397666465315626,0,14.2569155675819,1,0.000159473753155584,0.00554313289393122,0.374653292940973,0.165853696363148,-0.208799596577825,"chr4",70690542,70690543,"+",0.270253494652061,2,"TUTR"
"YBX1","ENSG00000065978","PAS730_AATAAA_0.2",4.02473851919443e-05,0,24.3616530329182,1,7.98422957092751e-07,7.13351553284206e-05,0.698625643225225,0.821040848578942,0.122415205353716,"chr1",42702359,42702360,"+",0.759833245902084,2,"TUTR"
"AGGF1","ENSG00000164252","PAS15004_AATAAA_0.4",0.000134627389270078,3.23974737467965e-05,23.2438447821232,1,1.42706448991328e-06,0.000116807530216321,0.251035806053619,0.519288851942038,0.268253045888419,"chr5",77064090,77064091,"+",0.385162328997828,2,"TUTR"
"ATG4C","ENSG00000125703","PAS940_AATAAA_0.2",0.0421511938176366,0,8.52313179046968,1,0.00350660528773,0.0549238287474452,0.359424998715755,0.133522954656777,-0.225902044058978,"chr1",62865151,62865152,"+",0.246473976686266,2,"TUTR"
"ATG4C","ENSG00000125703","PAS939_AATAAA_0.1",0.0421511938176366,0,8.52313179046968,1,0.00350660528773,0.0549238287474452,0.640575001284244,0.866477045343223,0.225902044058978,"chr1",62864368,62864369,"+",0.753526023313734,2,"TUTR"
"CPNE3","ENSG00000085719","PAS23093_APA_0.35",1.40750164123712e-10,1.72459840510274e-10,46.8671295984705,1,7.59662053442226e-12,2.67717568667265e-09,0.142108988798531,0.318713362185499,0.176604373386968,"chr8",86558657,86558658,"+",0.230411175492015,2,"TUTR"
"DENR","ENSG00000139726","PAS33504_AATAAA_0.05",9.32681796315758e-06,0.00392661527225672,14.1041469168686,1,0.000172962042175984,0.00593889696953131,0.256668537030231,0.364608044640094,0.107939507609863,"chr12",122769489,122769490,"+",0.310638290835162,2,"TUTR"
"FNDC3B","ENSG00000075420","PAS10481_AATAAA_0.25",0.00801583676337502,0.0286271517595354,11.1492468416691,1,0.000840657969047789,0.0195337502807863,0.671999562292921,0.559574612941594,-0.112424949351327,"chr3",172400695,172400696,"+",0.615787087617258,2,"TUTR"
"FNDC3B","ENSG00000075420","PAS10479_AATAAA_0.25",0.00801583676337502,0.0185310499795452,11.9578430308029,1,0.000544178302158147,0.0144133405417128,0.21333331447483,0.319148470424106,0.105815155949276,"chr3",172398770,172398771,"+",0.266240892449468,2,"TUTR"
"FZD2","ENSG00000180340","PAS42884_AATAAA_0.15",3.97736733671884e-06,1.42603895449698e-07,32.3977765366271,1,1.25630138269465e-08,1.85333670258687e-06,0.731653853721187,0.906923237053642,0.175269383332455,"chr17",44559487,44559488,"+",0.819288545387414,2,"TUTR"
"FZD2","ENSG00000180340","PAS42885_APA_0.15",3.97736733671884e-06,0.000161953083131644,18.8330110323432,1,1.42676244311794e-05,0.000838024773881355,0.202148810488436,0.0798488075448231,-0.122300002943613,"chr17",44560571,44560572,"+",0.14099880901663,2,"TUTR"
"HGSNAT","ENSG00000165102","PAS22873_AATAAA_0.35",0.0239595631353071,0.0244867988961367,9.41070717015623,1,0.00215722012459566,0.0385473967897819,0.647839041102907,0.814492339567977,0.16665329846507,"chr8",43201822,43201823,"+",0.731165690335442,2,"TUTR"
"HPRT1","ENSG00000165704","PAS52366_AATAAA_0.25",0.00077044323370808,0,17.9499171004409,1,2.2679429661202e-05,0.00118409022268177,0.187242807495288,0.0626335663302454,-0.124609241165042,"chrX",134500403,134500404,"+",0.124938186912767,2,"TUTR"
"IGF2BP1","ENSG00000159217","PAS43016_AATAAA_0.45",9.63876392719852e-05,7.1154561890167e-05,21.7325603927111,1,3.13426131192822e-06,0.000227030812774171,0.183693323460962,0.410237887718064,0.226544564257102,"chr17",49049784,49049785,"+",0.296965605589513,2,"TUTR"
"IPO7","ENSG00000205339","PAS29460_ATTAAA_0.2",1.51525471344228e-21,3.05417180534599e-14,64.6449015741982,1,8.96880656717785e-16,5.68936244588927e-13,0.334179966844405,0.504998438364469,0.170818471520064,"chr11",9446227,9446228,"+",0.419589202604437,2,"TUTR"
"KIF1C","ENSG00000129250","PAS42186_AATAAA_0.05",5.09873323031221e-08,2.79713751816879e-09,40.0588942583936,1,2.46420178115126e-10,5.29886915211288e-08,0.69090622896753,0.472048827281276,-0.218857401686254,"chr17",5024701,5024702,"+",0.581477528124403,2,"TUTR"
"KIF1C","ENSG00000129250","PAS42187_AATAAA_0.45",5.09873323031221e-08,5.49468223826629e-09,38.7404754078498,1,4.840665026459e-10,9.44823341395159e-08,0.228314921266861,0.432888266062564,0.204573344795703,"chr17",5026944,5026945,"+",0.330601593664712,2,"TUTR"
"LGALSL","ENSG00000119862","PAS5725_APA_0.35",0.0226908725804554,0,10.0354858926326,1,0.00153553037351692,0.0305349119887291,0.473231432162489,0.717519028506634,0.244287596344145,"chr2",64458657,64458658,"+",0.595375230334561,2,"TUTR"
"MIB1","ENSG00000101752","PAS45250_AATAAA_0.25",2.38885120620466e-07,6.42793884838322e-08,33.947190888226,1,5.66283861856286e-09,8.76151628703744e-07,0.502392315312006,0.225642358643955,-0.276749956668052,"chr18",21870168,21870169,"+",0.36401733697798,2,"TUTR"
"MIB1","ENSG00000101752","PAS45248_ATTAAA_0.2",2.38885120620466e-07,6.04296228362162e-06,25.1428435472772,1,5.32368477631342e-07,4.89431802587597e-05,0.200956823013824,0.430768395213797,0.229811572199972,"chr18",21868816,21868817,"+",0.315862609113811,2,"TUTR"
"REEP3","ENSG00000165476","PAS27266_ATTAAA_0.25",1.53293322540083e-05,3.13677361301743e-07,32.2128963070627,1,1.38170595368622e-08,2.01490844073759e-06,0.402899980930844,0.653818909703761,0.250918928772917,"chr10",63620968,63620969,"+",0.528359445317302,2,"TUTR"
"REEP3","ENSG00000165476","PAS27270_AATAAA_0.1",1.53293322540083e-05,2.97008925387666e-05,23.4109987183324,1,1.3082837690391e-06,0.000107780494661033,0.523800644605508,0.314889076781648,-0.20891156782386,"chr10",63624574,63624575,"+",0.419344860693578,2,"TUTR"
"RMND5A","ENSG00000153561","PAS5947_AATAAA_0.3",7.66545371600665e-05,4.06696692402433e-05,22.8066544948433,1,1.79144340829997e-06,0.000142943663654728,0.213551435408305,0.396566160052203,0.183014724643898,"chr2",86774201,86774202,"+",0.305058797730254,2,"TUTR"
"SEC24A","ENSG00000113615","PAS15400_AATAAA_0.2",0.00056344713266356,0,18.6744758569057,1,1.55044112870306e-05,0.000890065457007044,0.245281647982193,0.502509743363368,0.257228095381175,"chr5",134725423,134725424,"+",0.37389569567278,2,"TUTR"
"SERPINE1","ENSG00000106366","PAS20774_APA_0.05",1.14064295852586e-05,0,27.0855352571193,1,1.94648969031717e-07,2.0928063305978e-05,0.689864359488886,0.516119132079948,-0.173745227408938,"chr7",101138302,101138303,"+",0.602991745784417,2,"TUTR"
"STYX","ENSG00000198252","PAS36621_APA_0.25",4.16198934378107e-06,1.2398260365172e-07,32.6697255622469,1,1.09225288626622e-08,1.63028380800701e-06,0.235286762198961,0.593168592521723,0.357881830322761,"chr14",52771227,52771228,"+",0.414227677360342,2,"TUTR"
"TIMM17A","ENSG00000134375","PAS2067_AATAAA_0.3",7.32048151604131e-06,0,28.1471931526949,1,1.12430603488689e-07,1.28505141122612e-05,0.390958169355095,0.607584028636681,0.216625859281586,"chr1",201969934,201969935,"+",0.499271098995888,2,"TUTR"
"TNPO1","ENSG00000083312","PAS14946_AATAAA_0.45",1.86090169602524e-12,6.61338314942516e-07,32.1104034136224,1,1.4565524961138e-08,2.07632376608941e-06,0.539641258569694,0.675248279366101,0.135607020796407,"chr5",72909104,72909105,"+",0.607444768967897,2,"TUTR"
"UTP3","ENSG00000132467","PAS12899_AATAAA_0.4",0.00397666465315626,0,14.2569155675819,1,0.000159473753155584,0.00554313289393122,0.625346707059027,0.834146303636852,0.208799596577825,"chr4",70690176,70690177,"+",0.729746505347939,2,"TUTR"
"YBX1","ENSG00000065978","PAS729_APA_0.2",4.02473851919443e-05,0,24.3616530329182,1,7.98422957092751e-07,7.13351553284206e-05,0.301374356774775,0.178959151421058,-0.122415205353716,"chr1",42702102,42702103,"+",0.240166754097916,2,"TUTR"
"ARRB1","ENSG00000137486","PAS31585_AATAAA_0.15",0.00862705307279904,0.0115609770964172,10.7936465455846,1,0.00101849051638658,0.0223944353230443,0.294030318263407,0.583593022240659,0.289562703977252,"chr11",75260127,75260128,"-",0.438811670252033,2,"TUTR"
"ATL3","ENSG00000184743","PAS31319_AATAAA_0.1",5.06287897289742e-16,0,78.6117715781065,1,7.55975955850725e-19,1.06567410576424e-15,0.713533921442301,0.339513341435008,-0.374020580007293,"chr11",63624087,63624088,"-",0.526523631438655,2,"TUTR"
"CBR4","ENSG00000145439","PAS14426_AATAAA_0.3",2.13289055493747e-05,0,25.6925390049078,1,4.00371947172563e-07,3.87749533876207e-05,0.354538442909913,0.119130098016108,-0.235408344893805,"chr4",168987592,168987593,"-",0.236834270463011,2,"TUTR"
"DUSP11","ENSG00000144048","PAS7902_ATTAAA_0.3",0.0493276199238459,0,8.14223932023185,1,0.00432458442591738,0.0634289047533107,0.786086121524286,0.943129836370736,0.157043714846449,"chr2",73762214,73762215,"-",0.864607978947511,2,"TUTR"
"EIF2AK2","ENSG00000055332","PAS7538_AATAAA_0.35",0.0388250768224747,0.00926584536543033,11.2038097630298,1,0.000816295677457919,0.0192497086615402,0.276932274941742,0.164543896885794,-0.112388378055948,"chr2",37099211,37099212,"-",0.220738085913768,2,"TUTR"
"FEM1C","ENSG00000145780","PAS16611_AATAAA_0.35",0.00863246243642217,0,12.4417679007029,1,0.00041983819016729,0.0118630002642651,0.472689169801237,0.214496564114,-0.258192605687237,"chr5",115520910,115520911,"-",0.343592866957619,2,"TUTR"
"GNB4","ENSG00000114450","PAS12172_AATAAA_0.2",0.0271037967822008,0.0353699879214744,8.7382704301308,1,0.00311599936253603,0.0505533042359266,0.828155680949382,0.670290320063488,-0.157865360885894,"chr3",179396088,179396089,"-",0.749223000506435,2,"TUTR"
"INIP","ENSG00000148153","PAS26392_AATAAA_0.3",0.047647450586546,0,8.23178579970261,1,0.00411630065860733,0.0612233369938466,0.691257205689962,0.415065484386498,-0.276191721303464,"chr9",112683943,112683944,"-",0.55316134503823,2,"TUTR"
"LETM1","ENSG00000168924","PAS13532_ATTAAA_0.45",0.0493276199238459,0,8.15079636634573,1,0.00430422551761899,0.0634235878537039,0.650862791563274,0.446199352931777,-0.204663438631497,"chr4",1811480,1811481,"-",0.548531072247525,2,"TUTR"
"NOL4L","ENSG00000197183","PAS49625_AATAAA_0.15",0.000287749977546233,0.000569822228355895,17.756949714385,1,2.50998912447722e-05,0.0012840416138001,0.369264719243452,0.232043809594008,-0.137220909649444,"chr20",32443060,32443061,"-",0.30065426441873,2,"TUTR"
"NUDT21","ENSG00000167005","PAS41628_AATAAA_0.2",1.61566961480805e-06,2.03681535981307e-06,27.2428455776026,1,1.79437871928925e-07,1.97958980970632e-05,0.254069556940216,0.124754001104366,-0.129315555835851,"chr16",56429134,56429135,"-",0.189411779022291,2,"TUTR"
"SAR1A","ENSG00000079332","PAS28667_AATAAA_0.25",9.1132193661607e-09,3.46267561562336e-07,30.6751156918162,1,3.05052267332007e-08,3.87027069845154e-06,0.511429093012052,0.336845350749038,-0.174583742263014,"chr10",70150206,70150207,"-",0.424137221880545,2,"TUTR"
"STX6","ENSG00000135823","PAS4524_AATAAA_0.35",0.000898336046425505,0.000189028355204301,18.5382476635277,1,1.6652881975123e-05,0.000926645235168355,0.570586839153155,0.273971694916698,-0.296615144236457,"chr1",180973041,180973042,"-",0.422279267034927,2,"TUTR"
"SUMO1","ENSG00000116030","PAS8762_AATAAA_0.35",0.0144615991099634,0,11.1292428662773,1,0.000849772711360352,0.0196376436958967,0.215885834693245,0.11000852426486,-0.105877310428385,"chr2",202206186,202206187,"-",0.162947179479052,2,"TUTR"
"TOB2","ENSG00000183864","PAS51591_ATTAAA_0.05",0.0352602631930529,0,8.95449922869648,1,0.00276787048955705,0.0466347581686724,0.660161146049088,0.5573215370701,-0.102839608978988,"chr22",41433494,41433495,"-",0.608741341559594,2,"TUTR"
"TOMM20","ENSG00000173726","PAS5027_ATTAAA_0.25",0.00103783747800988,0.00010141855158246,19.7266435692873,1,8.93469748369366e-06,0.000566772534878107,0.234559982995384,0.393661850484762,0.159101867489378,"chr1",235109344,235109345,"-",0.314110916740073,2,"TUTR"
"ZNF681","ENSG00000196172","PAS48005_AATAAA_0.3",0.043132598889511,0,8.46385862590768,1,0.00362272506767476,0.0560265187931178,0.485789888348326,0.132481888466247,-0.353307999882079,"chr19",23739196,23739197,"-",0.309135888407286,2,"TUTR"
"ARRB1","ENSG00000137486","PAS31586_APA_0.2",0.00862705307279904,0.0226425327245906,9.55436476532464,1,0.00199474531042149,0.0367444506983813,0.206057880921572,0.0337054543139851,-0.172352426607587,"chr11",75264380,75264381,"-",0.119881667617778,2,"TUTR"
"ATL3","ENSG00000184743","PAS31320_ATTAAA_0.15",5.06287897289742e-16,0,78.6117715781065,1,7.55975955850725e-19,1.06567410576424e-15,0.286466078557699,0.660486658564992,0.374020580007293,"chr11",63629123,63629124,"-",0.473476368561345,2,"TUTR"
"CBR4","ENSG00000145439","PAS14427_APA_0.25",2.13289055493747e-05,0,25.6925390049078,1,4.00371947172563e-07,3.87749533876207e-05,0.645461557090087,0.880869901983892,0.235408344893805,"chr4",168989991,168989992,"-",0.763165729536989,2,"TUTR"
"CDCP1","ENSG00000163814","PAS11119_AATAAA_0.35",2.00111217826202e-13,1.80205289098462e-11,52.0935433301493,1,5.29186464716046e-13,2.31509954408706e-10,0.58050981100974,0.410894139579959,-0.169615671429781,"chr3",45082516,45082517,"-",0.495701975294849,2,"TUTR"
"CDCP1","ENSG00000163814","PAS11121_None_0.1",2.00111217826202e-13,1.31195496080482e-06,30.2222435239983,1,3.85265499724396e-08,4.79202293627786e-06,0.162171516637408,0.267922465196089,0.10575094855868,"chr3",45085108,45085109,"-",0.215046990916749,2,"TUTR"
"DUSP11","ENSG00000144048","PAS7903_APA_0.2",0.0493276199238459,0,8.14223932023185,1,0.00432458442591738,0.0634289047533107,0.213913878475714,0.0568701636292642,-0.157043714846449,"chr2",73762469,73762470,"-",0.135392021052489,2,"TUTR"
"EIF2AK2","ENSG00000055332","PAS7541_APA_0.35",0.0388250768224747,0.0142518001126015,10.4067654812329,1,0.00125554467715538,0.0264602912276916,0.679076021695013,0.79589873940192,0.116822717706907,"chr2",37106503,37106504,"-",0.737487380548467,2,"TUTR"
"FBXW2","ENSG00000119402","PAS26441_AATAAA_0.3",0.0188612518549687,0.00468444232923507,12.4738593333577,1,0.000412686578919386,0.0117130975989939,0.5880232401541,0.436388789557464,-0.151634450596636,"chr9",120759197,120759198,"-",0.512206014855782,2,"TUTR"
"FBXW2","ENSG00000119402","PAS26442_ATTAAA_0.15",0.0188612518549687,0.0412545719320435,8.4579988159685,1,0.00363441514674359,0.0560265187931178,0.386252250947701,0.51023634158655,0.123984090638849,"chr9",120764172,120764173,"-",0.448244296267126,2,"TUTR"
"FEM1C","ENSG00000145780","PAS16612_AATAAA_0.35",0.00863246243642217,0,12.441767900702,1,0.000419838190167495,0.0118630002642651,0.527310830198763,0.785503435886,0.258192605687237,"chr5",115522745,115522746,"-",0.656407133042381,2,"TUTR"
"GNB4","ENSG00000114450","PAS12174_APA_0.35",0.0271037967822008,0.00852710163705668,11.3580553796091,1,0.000751214372035923,0.0183281860346534,0.0601101896397337,0.193191924381568,0.133081734741834,"chr3",179400170,179400171,"-",0.126651057010651,2,"TUTR"
"IER3IP1","ENSG00000134049","PAS45792_AATAAA_0.2",0.000171866505694919,0,21.2318930463516,1,4.06936478927816e-06,0.000280587125443326,0.55953565061803,0.374795372531961,-0.184740278086069,"chr18",47155043,47155044,"-",0.467165511574995,2,"TUTR"
"IER3IP1","ENSG00000134049","PAS45793_AATAAA_0.15",0.000171866505694919,0,21.2318930463534,1,4.0693647892743e-06,0.000280587125443326,0.44046434938197,0.625204627468039,0.184740278086069,"chr18",47156030,47156031,"-",0.532834488425005,2,"TUTR"
"INIP","ENSG00000148153","PAS26393_AATAAA_0.4",0.047647450586546,0,8.23178579970261,1,0.00411630065860733,0.0612233369938466,0.308742794310038,0.584934515613502,0.276191721303464,"chr9",112686968,112686969,"-",0.44683865496177,2,"TUTR"
"LETM1","ENSG00000168924","PAS13535_AATAAA_0.4",0.0493276199238459,0,8.1507963663455,1,0.00430422551761953,0.0634235878537039,0.349137208436727,0.553800647068223,0.204663438631497,"chr4",1814290,1814291,"-",0.451468927752475,2,"TUTR"
"MESD","ENSG00000117899","PAS39834_APA_0.2",1.76145025454394e-05,5.48876544890768e-07,29.7816579046375,1,4.83545249658462e-08,5.7874892286952e-06,0.570197003909021,0.84840830483697,0.27821130092795,"chr15",80978966,80978967,"-",0.709302654372996,2,"TUTR"
"MESD","ENSG00000117899","PAS39833_AATAAA_0.4",1.76145025454394e-05,6.67173291880072e-05,20.5276470983881,1,5.87761453810729e-06,0.000392469977078775,0.33950025648648,0.123950026006847,-0.215550230479632,"chr15",80978205,80978206,"-",0.231725141246664,2,"TUTR"
"MOB1A","ENSG00000114978","PAS7909_AATAAA_0.4",2.2284301948838e-07,4.40254128396129e-06,27.0927293717441,1,1.93925933263227e-07,2.0928063305978e-05,0.541115615678271,0.355472842313471,-0.185642773364799,"chr2",74152593,74152594,"-",0.448294228995871,2,"TUTR"
"MOB1A","ENSG00000114978","PAS7912_AATAAA_0.35",2.2284301948838e-07,6.09084626263886e-07,30.9242850072078,1,2.6829346272076e-08,3.50911253766834e-06,0.228130017303603,0.411650082730761,0.183520065427158,"chr2",74156084,74156085,"-",0.319890050017182,2,"TUTR"
"NOL4L","ENSG00000197183","PAS49627_None_0.15",0.000287749977546233,2.18679191007693e-05,24.0002099182457,1,9.63251982574415e-07,8.48665132147334e-05,0.373854679865702,0.546960835392123,0.173106155526421,"chr20",32447129,32447130,"-",0.460407757628912,2,"TUTR"
"NUDT21","ENSG00000167005","PAS41630_AATAAA_0.05",1.61566961480805e-06,1.46728176241634e-06,27.8772076961595,1,1.29263517038811e-07,1.45129755811628e-05,0.493340047714871,0.658983242271572,0.165643194556701,"chr16",56432624,56432625,"-",0.576161644993221,2,"TUTR"
"SAR1A","ENSG00000079332","PAS28669_AATAAA_0.25",9.1132193661607e-09,4.2968743392664e-10,43.7217421774794,1,3.78542897209262e-11,1.04403776888998e-08,0.437321701486985,0.647237229940808,0.209915528453823,"chr10",70152427,70152428,"-",0.542279465713896,2,"TUTR"
"SFPQ","ENSG00000116560","PAS3132_AATAAA_0.3",1.12155039681299e-05,5.28068031055854e-07,31.2013291544572,1,2.32606758560226e-08,3.13944887856765e-06,0.22333811381468,0.120946107953667,-0.102392005861012,"chr1",35184121,35184122,"-",0.172142110884174,2,"TUTR"
"SFPQ","ENSG00000116560","PAS3131_ATTAAA_0.25",1.12155039681299e-05,0.000777733824081838,17.1656175571861,1,3.42581131981441e-05,0.00160381063522087,0.485674281970278,0.58654707306388,0.100872791093602,"chr1",35183601,35183602,"-",0.536110677517079,2,"TUTR"
"SPTSSA","ENSG00000165389","PAS37432_AATAAA_0.45",0.00960672404072025,0,12.1936816683856,1,0.000479516515684415,0.0133120919791864,0.317234885583896,0.118787095854391,-0.198447789729505,"chr14",34432947,34432948,"-",0.218010990719143,2,"TUTR"
"SPTSSA","ENSG00000165389","PAS37433_ATTAAA_0.3",0.00960672404072025,0,12.1936816683856,1,0.000479516515684415,0.0133120919791864,0.682765114416104,0.881212904145609,0.198447789729505,"chr14",34434164,34434165,"-",0.781989009280857,2,"TUTR"
"STX6","ENSG00000135823","PAS4527_APA_0.25",0.000898336046425505,0.0010315345007903,15.3174047349021,1,9.08753730431731e-05,0.00355844400555166,0.22353144274389,0.47945271191997,0.255921269176081,"chr1",180975986,180975987,"-",0.35149207733193,2,"TUTR"
"SUMO1","ENSG00000116030","PAS8763_AATAAA_0.3",0.0144615991099634,0,11.1292428662741,1,0.00084977271136181,0.0196376436958967,0.784114165306755,0.88999147573514,0.105877310428385,"chr2",202206483,202206484,"-",0.837052820520948,2,"TUTR"
"TOB2","ENSG00000183864","PAS51592_APA_0.35",0.0352602631930529,0,8.95449922869648,1,0.00276787048955705,0.0466347581686724,0.339838853950912,0.4426784629299,0.102839608978988,"chr22",41436222,41436223,"-",0.391258658440406,2,"TUTR"
"TOMM20","ENSG00000173726","PAS5029_ATTAAA_0.15",0.00103783747800988,0.00949353294965328,11.1587682790851,1,0.000836354331955376,0.0195051974439666,0.427430824903119,0.300441340723852,-0.126989484179267,"chr1",235111595,235111596,"-",0.363936082813485,2,"TUTR"
"TOMM70","ENSG00000154174","PAS11548_AATAAA_0.2",0.0136688295772244,0,11.2876198298,1,0.000780256492530741,0.0186073573698073,0.644968517607492,0.519806149650108,-0.125162367957384,"chr3",100363464,100363465,"-",0.5823873336288,2,"TUTR"
"TOMM70","ENSG00000154174","PAS11549_AATAAA_0.4",0.0136688295772244,0,11.2876198298,1,0.000780256492530741,0.0186073573698073,0.355031482392508,0.480193850349892,0.125162367957384,"chr3",100365296,100365297,"-",0.4176126663712,2,"TUTR"
"UBL3","ENSG00000122042","PAS35922_AATAAA_0.25",0.0467164755420246,0.0468419777586953,9.49233095813543,1,0.00206332517217803,0.0375034476496026,0.248676284892053,0.401197913467599,0.152521628575546,"chr13",29765611,29765612,"-",0.324937099179826,2,"TUTR"
"UBL3","ENSG00000122042","PAS35919_ATTAAA_0.25",0.0467164755420246,0.0425067953030923,9.67063457053155,1,0.00187236630334654,0.0352238673503683,0.365080098343966,0.2155682319437,-0.149511866400266,"chr13",29764408,29764409,"-",0.290324165143833,2,"TUTR"
"ZNF681","ENSG00000196172","PAS48007_AATAAA_0.4",0.043132598889511,0,8.46385862590756,1,0.00362272506767498,0.0560265187931178,0.514210111651674,0.867518111533753,0.353307999882079,"chr19",23743357,23743358,"-",0.690864111592714,2,"TUTR"
"ACSL3","ENSG00000123983","PAS7024_AATAAA_0.3",1.41972194246033e-06,7.90721872140434e-08,34.89316076768,1,3.48302189840016e-09,5.5935568132915e-07,0.301883428393797,0.534799758708779,0.232916330314982,"chr2",222942216,222942217,"+",0.418341593551288,2,"TUTR"
"ACSL3","ENSG00000123983","PAS7027_AATAAA_0.35",1.41972194246033e-06,0.00319875393007336,14.4900644636036,1,0.000140900743720168,0.00506404457670757,0.208177949698393,0.0979173214937987,-0.110260628204595,"chr2",222944621,222944622,"+",0.153047635596096,2,"TUTR"
"ATP11B","ENSG00000058063","PAS10550_AATAAA_0.45",0.00107717650647609,0.000637310911459928,16.2284244876355,1,5.61453512015679e-05,0.00239837060839829,0.514124107744196,0.720670278146249,0.206546170402053,"chr3",182919055,182919056,"+",0.617397192945223,2,"TUTR"
"ATP11B","ENSG00000058063","PAS10552_AATAAA_0.35",0.00107717650647609,0.000214439606158006,18.2978986687958,1,1.88915438018892e-05,0.00102426075305371,0.322034484799834,0.134078305683674,-0.18795617911616,"chr3",182921626,182921627,"+",0.228056395241754,2,"TUTR"
"AVL9","ENSG00000105778","PAS20270_ATTAAA_0.25",2.92449504995938e-10,3.37320941283017e-12,53.2268400143985,1,2.97170539142248e-13,1.34650093932061e-10,0.427652219416988,0.742831290686424,0.315179071269435,"chr7",32584166,32584167,"+",0.585241755051706,2,"TUTR"
"AVL9","ENSG00000105778","PAS20273_AATAAA_0.2",2.92449504995938e-10,3.07447374863504e-10,44.3769843577138,1,2.70852742787174e-11,7.80979260850199e-09,0.465328203968892,0.190431958696886,-0.274896245272007,"chr7",32588708,32588709,"+",0.327880081332889,2,"TUTR"
"CD44","ENSG00000026508","PAS29730_APA_0",7.54991349436036e-26,2.75273247938969e-24,110.381497345123,1,8.08360718137048e-26,2.05113448620094e-22,0.533477277468877,0.701481635577473,0.168004358108597,"chr11",35229467,35229468,"+",0.617479456523175,2,"TUTR"
"CD44","ENSG00000026508","PAS29733_ATTAAA_0.3",7.54991349436036e-26,2.24637372386747e-14,65.2502307991526,1,6.59664638763698e-16,4.40482382736581e-13,0.230391566116042,0.128617155070846,-0.101774411045196,"chr11",35232400,35232401,"+",0.179504360593444,2,"TUTR"
"CEBPG","ENSG00000153879","PAS46633_AATAAA_0.1",0.000727951581800097,4.02496753769145e-05,21.4958855327309,1,3.54588650398159e-06,0.000248545094342621,0.412894709015351,0.250448019460878,-0.162446689554473,"chr19",33382684,33382685,"+",0.331671364238115,2,"TUTR"
"CKAP2","ENSG00000136108","PAS35571_ATTAAA_0.3",4.97220760416124e-05,8.49328023989135e-06,25.8234399920329,1,3.74117399645385e-07,3.7373444482685e-05,0.37049184239085,0.132231433386731,-0.238260409004119,"chr13",52476348,52476349,"+",0.25136163788879,2,"TUTR"
"CKAP2","ENSG00000136108","PAS35570_AATAAA_0.2",4.97220760416124e-05,0.000710937108173212,17.3362362524495,1,3.1315809052425e-05,0.00150446780060708,0.259016400995566,0.471074380775082,0.212057979779516,"chr13",52475162,52475163,"+",0.365045390885324,2,"TUTR"
"DDX19A","ENSG00000168872","PAS40823_APA_0.35",0.0261483322640853,0,9.68540008125319,1,0.00185737940357045,0.0351710037210508,0.880157921944712,0.696721638591874,-0.183436283352838,"chr16",70373375,70373376,"+",0.788439780268293,2,"TUTR"
"EGFR","ENSG00000146648","PAS20415_ATTAAA_0.15",7.73699733276371e-16,1.72392459950307e-18,83.1531431475032,1,7.59365251274282e-20,1.60567782381947e-16,0.430379700796447,0.230623391566402,-0.199756309230045,"chr7",55211567,55211568,"+",0.330501546181424,2,"TUTR"
"EIF2S1","ENSG00000134001","PAS36832_AATAAA_0.3",0.0038794984217094,0.000377946379706512,17.2197296861559,1,3.3296044116636e-05,0.0015703602665716,0.418313641017625,0.310018997680194,-0.10829464333743,"chr14",67386514,67386515,"+",0.364166319348909,2,"TUTR"
"FAR2","ENSG00000064763","PAS32409_AATAAA_0.1",0.0226908725804554,0.00409184746660764,12.7266556350091,1,0.000360480589528361,0.0104415918706537,0.447991647349904,0.272236440979042,-0.175755206370861,"chr12",29335614,29335615,"+",0.360114044164473,2,"TUTR"
"FAR2","ENSG00000064763","PAS32408_ATTAAA_0.2",0.0226908725804554,0.036952313950941,8.65849648894664,1,0.00325539796538793,0.0522139494145091,0.508640440246235,0.65752583577416,0.148885395527924,"chr12",29334071,29334072,"+",0.583083138010197,2,"TUTR"
"FGF2","ENSG00000138685","PAS13198_AATAAA_0.05",1.03698681185892e-06,1.75737967414387e-06,28.8698082972496,1,7.74101754928985e-08,9.093545337763e-06,0.318153126012963,0.163908221626779,-0.154244904386183,"chr4",122898223,122898224,"+",0.241030673819871,2,"TUTR"
"GTF2H1","ENSG00000110768","PAS29577_AATAAA_0.15",0.00621994295688865,0,13.2358630791791,1,0.000274643385681664,0.00854492510400442,0.693159534720566,0.485355899817344,-0.207803634903222,"chr11",18366812,18366813,"+",0.589257717268955,2,"TUTR"
"GTF2H1","ENSG00000110768","PAS29576_ATTAAA_0.25",0.00621994295688865,0,13.2358630791787,1,0.00027464338568173,0.00854492510400442,0.306840465279435,0.514644100182656,0.207803634903221,"chr11",18366256,18366257,"+",0.410742282731045,2,"TUTR"
"INSIG2","ENSG00000125629","PAS6221_ATTAAA_0.15",0.0349400965343759,0,8.98112146719467,1,0.00272783176868208,0.0460825587873097,0.459009894722996,0.773104868129484,0.314094973406488,"chr2",118110025,118110026,"+",0.61605738142624,2,"TUTR"
"KAT7","ENSG00000136504","PAS43026_AATAAA_0.15",0.000321781080899288,0.000159299227510886,18.8645265393009,1,1.40338269970128e-05,0.000828126340051633,0.726244139178723,0.510762776789604,-0.215481362389119,"chr17",49829093,49829094,"+",0.618503457984163,2,"TUTR"
"KAT7","ENSG00000136504","PAS43029_AATAAA_0.25",0.000321781080899288,2.68193585934613e-05,22.2749299553734,1,2.36271226516628e-06,0.00018057668980822,0.164690061905485,0.378328212157093,0.213638150251609,"chr17",49835023,49835024,"+",0.271509137031289,2,"TUTR"
"KLHL42","ENSG00000087448","PAS32389_AATAAA_0.45",0.0295547135251318,0.00374774255353131,14.9558673386191,1,0.000110055295407312,0.00416797472487333,0.407808188441058,0.552846019152344,0.145037830711286,"chr12",27798185,27798186,"+",0.480327103796701,2,"TUTR"
"KLHL42","ENSG00000087448","PAS32394_AATAAA_0.2",0.0295547135251318,0.0198497362818986,11.8298000849863,1,0.000582902523067698,0.0151169239070099,0.439523781147705,0.314339003723596,-0.125184777424109,"chr12",27803038,27803039,"+",0.376931392435651,2,"TUTR"
"LPP","ENSG00000145012","PAS10636_AATAAA_0.2",0.000898336046425505,0,17.6141639347175,1,2.70565690888593e-05,0.00135144366941086,0.59203952784955,0.390799975670267,-0.201239552179283,"chr3",188890669,188890670,"+",0.491419751759909,2,"TUTR"
"LRRC14","ENSG00000160959","PAS23587_None_0.2",1.58395368469218e-05,0,26.3799567756337,1,2.80435485984323e-07,2.8692621053896e-05,0.425754605511494,0.176489996313049,-0.249264609198445,"chr8",144522015,144522016,"+",0.301122300912271,2,"TUTR"
"LRRC14","ENSG00000160959","PAS23589_AATAAA_0.45",1.58395368469218e-05,0,26.379956775635,1,2.80435485984125e-07,2.8692621053896e-05,0.574245394488506,0.823510003686951,0.249264609198445,"chr8",144525169,144525170,"+",0.698877699087729,2,"TUTR"
"MAPK14","ENSG00000112062","PAS17719_AATAAA_0.2",0.00517318726261747,0.031656227546312,10.9627668760927,1,0.0009296090711481,0.0209430645803926,0.280663154041025,0.420647654277672,0.139984500236647,"chr6",36111234,36111235,"+",0.350655404159349,2,"TUTR"
"MFF","ENSG00000168958","PAS7040_APA_0.05",0.0136267266895089,0,11.3115074219427,1,0.000770282118754237,0.0185364996521199,0.798131974497059,0.91142647282986,0.113294498332801,"chr2",227357179,227357180,"+",0.85477922366346,2,"TUTR"
"MFF","ENSG00000168958","PAS7042_AATAAA_0.3",0.0136267266895089,0,11.3115074219427,1,0.000770282118754237,0.0185364996521199,0.201868025502941,0.0885735271701401,-0.1132944983328,"chr2",227357826,227357827,"+",0.14522077633654,2,"TUTR"
"NABP1","ENSG00000173559","PAS6734_AATAAA_0.3",0.000120981327975013,1.41178681644458e-05,23.50832296969,1,1.24374563820736e-06,0.000105196006079578,0.690282893941702,0.418175020175575,-0.272107873766127,"chr2",191686935,191686936,"+",0.554228957058639,2,"TUTR"
"NABP1","ENSG00000173559","PAS6735_AATAAA_0.25",0.000120981327975013,6.5861124249296e-05,20.5523719546247,1,5.80218522076776e-06,0.000389483195216299,0.187114526085733,0.423037785389757,0.235923259304024,"chr2",191696658,191696659,"+",0.305076155737745,2,"TUTR"
"NDOR1","ENSG00000188566","PAS25754_APA_0.15",0.0141942577557226,0,11.1805662901841,1,0.000826585402583674,0.0193485036947953,0.41675667550879,0.196315287967644,-0.220441387541146,"chr9",137217007,137217008,"+",0.306535981738217,2,"TUTR"
"NDOR1","ENSG00000188566","PAS25755_AATAAA_0.2",0.0141942577557226,0,11.1805662901841,1,0.000826585402583674,0.0193485036947953,0.58324332449121,0.803684712032356,0.220441387541146,"chr9",137219359,137219360,"+",0.693464018261783,2,"TUTR"
"NSUN4","ENSG00000117481","PAS815_AATAAA_0.15",0.000727951581800097,0,18.0740440688744,1,2.12478297104347e-05,0.00112791303571667,0.52752434171394,0.179416271658564,-0.348108070055376,"chr1",46365017,46365018,"+",0.353470306686252,2,"TUTR"
"NSUN4","ENSG00000117481","PAS813_AATAAA_0.2",0.000727951581800097,0,18.0740440688744,1,2.12478297104347e-05,0.00112791303571667,0.47247565828606,0.820583728341436,0.348108070055376,"chr1",46362189,46362190,"+",0.646529693313748,2,"TUTR"
"OGFRL1","ENSG00000119900","PAS17997_ATTAAA_0.35",9.60894683935079e-08,0.00730773737923561,13.6987503195433,1,0.000214597236748031,0.00694006249785437,0.294612655587602,0.169008002090966,-0.125604653496636,"chr6",71308943,71308944,"+",0.231810328839284,2,"TUTR"
"PLEKHB2","ENSG00000115762","PAS6303_ATTAAA_0.3",0.0304290211525351,0.00745886328137248,11.6068160782697,1,0.000657105489591901,0.0165083115771336,0.815245813076001,0.680157927740148,-0.135087885335853,"chr2",131149838,131149839,"+",0.747701870408074,2,"TUTR"
"PPM1A","ENSG00000100614","PAS36745_AATAAA_0.25",0.00264968016249352,0.000236862268265363,18.1084877802732,1,2.08669191112617e-05,0.00112177374052787,0.306684616866866,0.152917265153323,-0.153767351713543,"chr14",60299084,60299085,"+",0.229800941010095,2,"TUTR"
"PPM1A","ENSG00000100614","PAS36741_AATAAA_0.45",0.00264968016249352,0.00144704523770538,14.6786708983618,1,0.000127480734465086,0.00463423518097004,0.616465661206226,0.768358809100296,0.15189314789407,"chr14",60293348,60293349,"+",0.692412235153261,2,"TUTR"
"PPP2R2D","ENSG00000175470","PAS28032_AATAAA_0.15",1.46856333637614e-06,1.79757302953367e-07,34.0838676765561,1,5.27870919508963e-09,8.26802266149409e-07,0.150515435054528,0.316882663488738,0.16636722843421,"chr10",131959832,131959833,"+",0.233699049271633,2,"TUTR"
"PPP2R2D","ENSG00000175470","PAS28031_AATAAA_0.35",1.46856333637614e-06,0.000916969870780191,17.623256912455,1,2.69275139812442e-05,0.00135144366941086,0.540206159151326,0.397402593952084,-0.142803565199242,"chr10",131956546,131956547,"+",0.468804376551705,2,"TUTR"
"RNF114","ENSG00000124226","PAS49208_ATTAAA_0.15",0.00230655699121746,0,15.4741304497484,1,8.36422117122374e-05,0.00329555509314645,0.680797672563418,0.797961745307373,0.117164072743955,"chr20",49952209,49952210,"+",0.739379708935395,2,"TUTR"
"RNF114","ENSG00000124226","PAS49209_AATAAA_0.25",0.00230655699121746,0,15.4741304497484,1,8.36422117122374e-05,0.00329555509314645,0.319202327436582,0.202038254692627,-0.117164072743955,"chr20",49953882,49953883,"+",0.260620291064605,2,"TUTR"
"RRM2","ENSG00000171848","PAS5206_AATAAA_0.3",2.31477262006732e-07,6.03713269164657e-09,40.7022275470663,1,1.77284968831772e-10,3.87795586132532e-08,0.34067515317744,0.0852713452087776,-0.255403807968662,"chr2",10131412,10131413,"+",0.212973249193109,2,"TUTR"
"RTN3","ENSG00000133318","PAS29948_AATAAA_0.35",7.6784066552124e-05,2.99707848919514e-06,26.4963653166305,1,2.64034431748633e-07,2.74574166852042e-05,0.516663853115548,0.392738891626671,-0.123924961488877,"chr11",63759884,63759885,"+",0.45470137237111,2,"TUTR"
"SH3GLB1","ENSG00000097033","PAS1080_AATAAA_0.3",0.00678479776736423,0,13.0282870751582,1,0.000306821059445652,0.00929030735366823,0.510372145358829,0.289791515429775,-0.220580629929054,"chr1",86748179,86748180,"+",0.400081830394302,2,"TUTR"
"SQSTM1","ENSG00000161011","PAS15924_ATTAAA_0.35",1.84621137098929e-53,7.79813318969848e-45,204.972008507044,1,1.717485605453e-46,7.26324662546075e-43,0.684722551079436,0.462875936184671,-0.221846614894764,"chr5",179837251,179837252,"+",0.573799243632054,2,"TUTR"
"SQSTM1","ENSG00000161011","PAS15925_AATAAA_0.3",1.84621137098929e-53,4.85256996157171e-45,205.916208127135,1,1.06874541069172e-46,6.77958651272293e-43,0.11961110111282,0.30158322546937,0.18197212435655,"chr5",179838074,179838075,"+",0.210597163291095,2,"TUTR"
"SZT2","ENSG00000198198","PAS751_APA_0.25",0.0226302748381615,0,10.0593523794602,1,0.00151576499555945,0.0303320354868498,0.928817065197137,0.735769955488898,-0.193047109708239,"chr1",43451156,43451157,"+",0.832293510343018,2,"TUTR"
"SZT2","ENSG00000198198","PAS752_AATAAA_0.3",0.0226302748381615,0,10.0593523794602,1,0.00151576499555945,0.0303320354868498,0.0711829348028629,0.264230044511102,0.193047109708239,"chr1",43454245,43454246,"+",0.167706489656982,2,"TUTR"
"TRIM13","ENSG00000204977","PAS35537_APA_0.2",0.00140590051520181,0,16.6234549226874,1,4.55838051004e-05,0.00202919907125886,0.705386219627694,0.933096263584361,0.227710043956668,"chr13",50013169,50013170,"+",0.819241241606028,2,"TUTR"
"TRIM13","ENSG00000204977","PAS35538_AATAAA_0.15",0.00140590051520181,0,16.6234549226874,1,4.55838051004e-05,0.00202919907125886,0.294613780372306,0.0669037364156386,-0.227710043956668,"chr13",50018466,50018467,"+",0.180758758393973,2,"TUTR"
"UBE2K","ENSG00000078140","PAS12740_AATAAA_0.35",0.0019218648904477,0.000588189579882394,16.3804149895759,1,5.18178960092638e-05,0.00224373258248986,0.66371224790745,0.77795087289966,0.114238624992209,"chr4",39778632,39778633,"+",0.720831560403555,2,"TUTR"
"VCAN","ENSG00000038427","PAS15083_APA_0.2",0.0136688295772244,0.00792053035741161,11.4951584445744,1,0.000697777098466509,0.0173499148635375,0.201442461232719,0.0973207913591222,-0.104121669873597,"chr5",83582295,83582296,"+",0.149381626295921,2,"TUTR"
"ZMIZ2","ENSG00000122515","PAS20361_ATTAAA_0.05",2.2284301948838e-07,3.41334758631777e-09,39.670018144393,1,3.00706602634223e-10,6.35844111270064e-08,0.865553993340496,0.683340896060782,-0.182213097279715,"chr7",44768693,44768694,"+",0.774447444700639,2,"TUTR"
"ZMIZ2","ENSG00000122515","PAS20362_APA_0.35",2.2284301948838e-07,1.79656274010515e-08,36.4297088366611,1,1.58272272112506e-09,2.75868094635479e-07,0.114964035023093,0.28190526139284,0.166941226369748,"chr7",44769877,44769878,"+",0.198434648207966,2,"TUTR"
"CEBPG","ENSG00000153879","PAS46630_AATAAA_0.3",0.000727951581800097,0.000188631218332397,18.5422564683504,1,1.6617895301041e-05,0.000926645235168355,0.553893144709539,0.708289724069428,0.154396579359888,"chr19",33379989,33379990,"+",0.631091434389483,2,"TUTR"
"DBNL","ENSG00000136279","PAS20346_APA_0.25",1.20890668218033e-05,0,26.9491702999962,1,2.08876794489349e-07,2.19009908403832e-05,0.157446807228036,0.397039927083675,0.239593119855639,"chr7",44069251,44069252,"+",0.277243367155856,2,"TUTR"
"DBNL","ENSG00000136279","PAS20345_None_0.15",1.20890668218033e-05,0,26.9491702999962,1,2.08876794489349e-07,2.19009908403832e-05,0.842553192771964,0.602960072916325,-0.239593119855639,"chr7",44061566,44061567,"+",0.722756632844144,2,"TUTR"
"DDX19A","ENSG00000168872","PAS40822_APA_0.2",0.0261483322640853,0,9.68540008125274,1,0.0018573794035709,0.0351710037210508,0.119842078055288,0.303278361408126,0.183436283352838,"chr16",70372188,70372189,"+",0.211560219731707,2,"TUTR"
"DLAT","ENSG00000150768","PAS30515_ATTAAA_0.3",0.00154962847155842,0.0161911760137255,12.2095063659362,1,0.000475466132940033,0.0132576677551872,0.138686144546339,0.291666685821427,0.152980541275088,"chr11",112062627,112062628,"+",0.215176415183883,2,"TUTR"
"DLAT","ENSG00000150768","PAS30518_AATAAA_0.4",0.00154962847155842,0.0421026098908006,10.4351799846627,1,0.00123637499181603,0.0261867938583806,0.266423322404655,0.125002604693509,-0.141420717711146,"chr11",112063863,112063864,"+",0.195712963549082,2,"TUTR"
"EGFR","ENSG00000146648","PAS20413_AATAAA_0.3",7.73699733276371e-16,0.000118948068368453,20.7476806064642,1,5.23950002518889e-06,0.000357384606556836,0.329157755570123,0.432307092317733,0.10314933674761,"chr7",55207336,55207337,"+",0.380732423943928,2,"TUTR"
"EIF2S1","ENSG00000134001","PAS36828_AATAAA_0.2",0.0038794984217094,0.000346042384870101,17.3873141463846,1,3.04853892814316e-05,0.00147621425119665,0.567117628606527,0.676747930528549,0.109630301922022,"chr14",67383857,67383858,"+",0.621932779567538,2,"TUTR"
"FGF2","ENSG00000138685","PAS13193_AATAAA_0.3",1.03698681185892e-06,8.02691540154866e-07,30.3887396271748,1,3.53574665191936e-08,4.44138789830703e-06,0.3763996010977,0.561155737173397,0.184756136075697,"chr4",122892491,122892492,"+",0.468777669135549,2,"TUTR"
"INSIG2","ENSG00000125629","PAS6220_ATTAAA_0.45",0.0349400965343759,0,8.98112146719467,1,0.00272783176868208,0.0460825587873097,0.540990105277004,0.226895131870516,-0.314094973406488,"chr2",118108592,118108593,"+",0.38394261857376,2,"TUTR"
"LPP","ENSG00000145012","PAS10635_APA_0.15",0.000898336046425505,0,17.6141639347175,1,2.70565690888593e-05,0.00135144366941086,0.40796047215045,0.609200024329733,0.201239552179283,"chr3",188874560,188874561,"+",0.508580248240091,2,"TUTR"
"MAPK14","ENSG00000112062","PAS17718_AATAAA_0.25",0.00517318726261747,0.0019456519877643,16.1953051494474,1,5.71355425872195e-05,0.00243247862014783,0.424110317727785,0.254349031653332,-0.169761286074453,"chr6",36110757,36110758,"+",0.339229674690558,2,"TUTR"
"OGFRL1","ENSG00000119900","PAS17993_AATAAA_0.3",9.60894683935079e-08,8.01367313078349e-10,44.652245274191,1,2.35327574161944e-11,6.94325798463392e-09,0.367378945653776,0.633576765383837,0.266197819730061,"chr6",71302267,71302268,"+",0.500477855518807,2,"TUTR"
"PLEKHB2","ENSG00000115762","PAS6301_APA_0.3",0.0304290211525351,0.0203461193457425,9.75080961102549,1,0.00179243756181562,0.0343760956512412,0.116065977993089,0.22301270146348,0.106946723470391,"chr2",131146891,131146892,"+",0.169539339728284,2,"TUTR"
"RRM2","ENSG00000171848","PAS5205_AATAAA_0.35",2.31477262006732e-07,1.25846764268511e-08,39.2674093050882,1,3.6955854410477e-10,7.44220515723368e-08,0.528634041039563,0.813953246331563,0.285319205292,"chr2",10129797,10129798,"+",0.671293643685563,2,"TUTR"
"RTN3","ENSG00000133318","PAS29947_AATAAA_0.45",7.6784066552124e-05,5.8536390018474e-06,25.2042302240734,1,5.15689613430669e-07,4.85932429488057e-05,0.456699921895401,0.578499301773646,0.121799379878244,"chr11",63759045,63759046,"+",0.517599611834523,2,"TUTR"
"SH3GLB1","ENSG00000097033","PAS1079_AATAAA_0.3",0.00678479776736423,0,13.0282870751582,1,0.000306821059445652,0.00929030735366823,0.489627854641171,0.710208484570225,0.220580629929054,"chr1",86743585,86743586,"+",0.599918169605698,2,"TUTR"
"UBE2K","ENSG00000078140","PAS12742_AATAAA_0.15",0.0019218648904477,0.000140715200154507,19.1012102877266,1,1.23966249282874e-05,0.000748434961622613,0.289862173076354,0.173552308123544,-0.11630986495281,"chr4",39782724,39782725,"+",0.231707240599949,2,"TUTR"
"VCAN","ENSG00000038427","PAS15081_AATAAA_0.3",0.0136688295772244,0.00178323356838874,14.2851663529591,1,0.000157098008477933,0.00550580782751251,0.744095015912989,0.872416418083105,0.128321402170115,"chr5",83581444,83581445,"+",0.808255716998047,2,"TUTR"
"AJUBA","ENSG00000129474","PAS37332_ATTAAA_0.35",0.0141942577557226,0,11.1858092529462,1,0.000824252987665906,0.0193485036947953,0.341065689020161,0.162885560126858,-0.178180128893303,"chr14",22971202,22971203,"-",0.251975624573509,2,"TUTR"
"AJUBA","ENSG00000129474","PAS37333_AATAAA_0.15",0.0141942577557226,0,11.1858092529469,1,0.000824252987665604,0.0193485036947953,0.658934310979839,0.837114439873142,0.178180128893303,"chr14",22971814,22971815,"-",0.748024375426491,2,"TUTR"
"ATP11C","ENSG00000101974","PAS53131_AATAAA_0.3",0.00773806430861809,0,12.7472553001485,1,0.000356531973263973,0.0103508493016019,0.909548040195942,0.589046290753261,-0.320501749442681,"chrX",139726355,139726356,"-",0.749297165474601,2,"TUTR"
"ATP11C","ENSG00000101974","PAS53132_AATAAA_0.35",0.00773806430861809,0,12.7472553001485,1,0.000356531973263973,0.0103508493016019,0.0904519598040582,0.410953709246739,0.320501749442681,"chrX",139728785,139728786,"-",0.250702834525398,2,"TUTR"
"C17orf75","ENSG00000108666","PAS44100_AATAAA_0.2",0.000472821161373214,0,19.0895457022959,1,1.24726238241413e-05,0.000748434961622613,0.342838401942117,0.0914649140818425,-0.251373487860275,"chr17",32328442,32328443,"-",0.21715165801198,2,"TUTR"
"C17orf75","ENSG00000108666","PAS44101_AATAAA_0.25",0.000472821161373214,0,19.0895457022959,1,1.24726238241413e-05,0.000748434961622613,0.657161598057883,0.908535085918158,0.251373487860274,"chr17",32331596,32331597,"-",0.78284834198802,2,"TUTR"
"DUSP16","ENSG00000111266","PAS33862_AATAAA_0.4",0.0327278921624136,0,9.13846430571652,1,0.00250291093221472,0.0434992205438468,0.194327026130515,0.36127824677181,0.166951220641295,"chr12",12475896,12475897,"-",0.277802636451163,2,"TUTR"
"DYNC1LI1","ENSG00000144635","PAS11003_AATAAA_0.35",0.000472821161373214,0,19.0843903370069,1,1.25063617769366e-05,0.000748434961622613,0.24765408715011,0.0984440949523555,-0.149209992197755,"chr3",32525986,32525987,"-",0.173049091051233,2,"TUTR"
"FAM104A","ENSG00000133193","PAS44833_APA_0.25",0.00227314104485314,0.000900348615956428,15.5744728815391,1,7.93182547760249e-05,0.00317448169824425,0.266023837016457,0.489392608461725,0.223368771445269,"chr17",73209434,73209435,"-",0.377708222739091,2,"TUTR"
"FAM104A","ENSG00000133193","PAS44830_ATTAAA_0.15",0.00227314104485314,0.00763785499865723,11.5627181010402,1,0.000672874171170101,0.0168710565407808,0.351611872719504,0.175382150580117,-0.176229722139387,"chr17",73207365,73207366,"-",0.26349701164981,2,"TUTR"
"FAM136A","ENSG00000035141","PAS7860_AATAAA_0.15",0.0139152178311771,0,11.2379156870443,1,0.00080143106109595,0.0189696937912767,0.675665448248808,0.530957224539212,-0.144708223709596,"chr2",70295976,70295977,"-",0.60331133639401,2,"TUTR"
"JPT1","ENSG00000189159","PAS44852_APA_0.25",2.67451613130545e-09,0,45.4109265715997,1,1.59740724566025e-11,5.0665764314229e-09,0.350776351989496,0.183166559916799,-0.167609792072697,"chr17",75135250,75135251,"-",0.266971455953148,2,"TUTR"
"JPT1","ENSG00000189159","PAS44853_ATTAAA_0.1",2.67451613130545e-09,0,45.4109265715997,1,1.59740724566025e-11,5.0665764314229e-09,0.649223648010504,0.816833440083201,0.167609792072697,"chr17",75135988,75135989,"-",0.733028544046852,2,"TUTR"
"KDELR2","ENSG00000136240","PAS21314_None_0.2",3.11637826810734e-06,9.35662095249454e-07,30.0914402643575,1,4.12146379413422e-08,5.02778953424816e-06,0.358684095200976,0.473481449183589,0.114797353982613,"chr7",6462787,6462788,"-",0.416082772192283,2,"TUTR"
"KDELR2","ENSG00000136240","PAS21311_AATAAA_0.25",3.11637826810734e-06,9.07913519289472e-07,30.1498238521781,1,3.999235105232e-08,4.92604813398819e-06,0.469668082819086,0.355167274979621,-0.114500807839465,"chr7",6461090,6461091,"-",0.412417678899354,2,"TUTR"
"LMAN2","ENSG00000169223","PAS17149_AATAAA_0.2",8.61457882623877e-14,0,67.4101597719127,1,2.20509696917375e-16,1.55422584710596e-13,0.573842863198594,0.30286745831067,-0.270975404887924,"chr5",177331568,177331569,"-",0.438355160754632,2,"TUTR"
"LMAN2","ENSG00000169223","PAS17150_AATAAA_0.15",8.61457882623877e-14,0,67.4101597719127,1,2.20509696917375e-16,1.55422584710596e-13,0.426157136801406,0.69713254168933,0.270975404887924,"chr5",177331954,177331955,"-",0.561644839245368,2,"TUTR"
"LRRFIP2","ENSG00000093167","PAS11039_ATTAAA_0.25",0.00177464662318412,0,16.1206488851258,1,5.94324914334271e-05,0.0025050498963983,0.602382918943845,0.393390184658407,-0.208992734285438,"chr3",37053005,37053006,"-",0.497886551801126,2,"TUTR"
"LRRFIP2","ENSG00000093167","PAS11040_ATTAAA_0.45",0.00177464662318412,0,16.1206488851258,1,5.94324914334271e-05,0.0025050498963983,0.397617081056155,0.606609815341593,0.208992734285438,"chr3",37053720,37053721,"-",0.502113448198874,2,"TUTR"
"MECR","ENSG00000116353","PAS3039_AATAAA_0.45",0.0319713540407668,0,9.18904517237684,1,0.0024346786246909,0.0425465119992577,0.855899600779673,0.648952032318569,-0.206947568461104,"chr1",29193821,29193822,"-",0.752425816549121,2,"TUTR"
"MECR","ENSG00000116353","PAS3038_ATTAAA_0.4",0.0319713540407668,0,9.18904517237638,1,0.0024346786246915,0.0425465119992577,0.144100399220327,0.351047967681431,0.206947568461104,"chr1",29192881,29192882,"-",0.247574183450879,2,"TUTR"
"MED8","ENSG00000159479","PAS3274_AATAAA_0.15",0.0254596603941265,0,9.76787441915553,1,0.00177587648226949,0.0341889907899135,0.419220526251758,0.219203983468294,-0.200016542783465,"chr1",43383917,43383918,"-",0.319212254860026,2,"TUTR"
"MED8","ENSG00000159479","PAS3275_AATAAA_0.2",0.0254596603941265,0,9.76787441915622,1,0.00177587648226883,0.0341889907899135,0.580779473748242,0.780796016531706,0.200016542783464,"chr1",43384726,43384727,"-",0.680787745139974,2,"TUTR"
"NDUFA5","ENSG00000128609","PAS22200_AATAAA_0.2",0.0442296791449483,0.0264485275285512,9.26947637957232,1,0.00233004306085573,0.0412866708283193,0.678571775888622,0.47875755695699,-0.199814218931633,"chr7",123541029,123541030,"-",0.578664666422806,2,"TUTR"
"NEDD4","ENSG00000069869","PAS39485_AATAAA_0.45",0.000525098264481453,0.00047617457790589,19.8468845169991,1,8.38993603562853e-06,0.000548584881042324,0.52038309731411,0.321838903555665,-0.198544193758445,"chr15",55826925,55826926,"-",0.421111000434888,2,"TUTR"
"PGAP6","ENSG00000129925","PAS41106_AATAAA_0.15",0.0213271774329136,0,10.2042307480237,1,0.00140118827844089,0.0288117920398657,0.700712838689343,0.516639825800634,-0.184073012888709,"chr16",371861,371862,"-",0.608676332244988,2,"TUTR"
"PLSCR1","ENSG00000188313","PAS11951_AATAAA_0.15",0.0272363612423155,0,9.57772452941776,1,0.00196952356253092,0.0365312067804529,0.255960283590221,0.46399645403323,0.208036170443009,"chr3",146515180,146515181,"-",0.359978368811725,2,"TUTR"
"PLSCR1","ENSG00000188313","PAS11952_APA_0.2",0.0272363612423155,0,9.57772452941788,1,0.0019695235625308,0.0365312067804529,0.744039716409779,0.53600354596677,-0.208036170443009,"chr3",146515792,146515793,"-",0.640021631188274,2,"TUTR"
"PTPRK","ENSG00000152894","PAS19594_AATAAA_0.4",0.0156438554998229,0,10.9599506383702,1,0.000931022970232635,0.0209430645803926,0.110575423914677,0.475232816058225,0.364657392143548,"chr6",127970030,127970031,"-",0.292904119986451,2,"TUTR"
"PTPRK","ENSG00000152894","PAS19593_AATAAA_0.3",0.0156438554998229,0,10.9599506383702,1,0.000931022970232635,0.0209430645803926,0.889424576085323,0.524767183941775,-0.364657392143548,"chr6",127968786,127968787,"-",0.707095880013549,2,"TUTR"
"REEP5","ENSG00000129625","PAS16588_AATAAA_0.25",0.00680778882086827,0,13.0131394810387,1,0.000309312930640986,0.00930276160136558,0.243567768268393,0.142394831455685,-0.101172936812708,"chr5",112876386,112876387,"-",0.192981299862039,2,"TUTR"
"REEP5","ENSG00000129625","PAS16590_AATAAA_0.2",0.00680778882086827,0,13.0131394810342,1,0.000309312930641736,0.00930276160136558,0.756432231731607,0.857605168544315,0.101172936812708,"chr5",112878480,112878481,"-",0.807018700137961,2,"TUTR"
"SLC2A3","ENSG00000059804","PAS33795_AATAAA_0.25",0.000198995451702421,0.000466208294407808,16.8212102211933,1,4.10716778136571e-05,0.00186765726316082,0.554409030608416,0.698688712898407,0.144279682289992,"chr12",7919230,7919231,"-",0.626548871753411,2,"TUTR"
"SNX8","ENSG00000106266","PAS21253_APA_0.15",0.00426260408228335,0,14.0964810260557,1,0.000173668383045331,0.00593889696953131,0.526679051770956,0.405106930550116,-0.12157212122084,"chr7",2255005,2255006,"-",0.465892991160536,2,"TUTR"
"SNX8","ENSG00000106266","PAS21252_AATAAA_0.4",0.00426260408228335,0,14.0964810260566,1,0.000173668383045247,0.00593889696953131,0.473320948229044,0.594893069449884,0.12157212122084,"chr7",2251770,2251771,"-",0.534107008839464,2,"TUTR"
"SYPL1","ENSG00000008282","PAS22123_AATAAA_0.3",0.0451365033907329,0,8.35720533151448,1,0.00384160939695018,0.0583940420963514,0.811384618579579,0.657429547792054,-0.153955070787525,"chr7",106090507,106090508,"-",0.734407083185816,2,"TUTR"
"SYPL1","ENSG00000008282","PAS22124_AATAAA_0.3",0.0451365033907329,0,8.35720533151448,1,0.00384160939695018,0.0583940420963514,0.188615381420421,0.342570452207946,0.153955070787525,"chr7",106091698,106091699,"-",0.265592916814184,2,"TUTR"
"TIMP2","ENSG00000035862","PAS44972_AATAAA_0.2",7.63234967860025e-12,3.18075228551742e-14,62.4007563431369,1,2.80215591706206e-15,1.69290248189364e-12,0.283941461708139,0.468614534920706,0.184673073212567,"chr17",78855543,78855544,"-",0.376277998314422,2,"TUTR"
"TIMP2","ENSG00000035862","PAS44970_AATAAA_0.1",7.63234967860025e-12,8.49715338743493e-09,37.8897474358855,1,7.48576013014212e-10,1.37640346045091e-07,0.587476913538082,0.438866933007351,-0.148609980530731,"chr17",78852978,78852979,"-",0.513171923272717,2,"TUTR"
"TMED10","ENSG00000170348","PAS37895_AATAAA_0.2",1.50358905569858e-06,0,31.6020311593575,1,1.89231557777765e-08,2.6382206302489e-06,0.618212573652089,0.416504779164936,-0.201707794487153,"chr14",75131469,75131470,"-",0.517358676408512,2,"TUTR"
"TOR1A","ENSG00000136827","PAS26610_AATAAA_0.15",0.0289565693928512,0,9.41403272174739,1,0.00215331122820598,0.0385473967897819,0.335694772471684,0.171728079848989,-0.163966692622695,"chr9",129812943,129812944,"-",0.253711426160336,2,"TUTR"
"TOR1A","ENSG00000136827","PAS26611_None_0.1",0.0289565693928512,0,9.41403272174716,1,0.00215331122820625,0.0385473967897819,0.664305227528316,0.828271920151011,0.163966692622695,"chr9",129813580,129813581,"-",0.746288573839664,2,"TUTR"
"UBE2D3","ENSG00000109332","PAS14118_AATAAA_0.2",3.11310127898626e-17,8.7304817019803e-17,76.199726776279,1,2.56377200150587e-18,2.95696139846409e-15,0.532160931091448,0.288064866926964,-0.244096064164483,"chr4",102795970,102795971,"-",0.410112899009206,3,"TUTR"
"UBE2D3","ENSG00000109332","PAS14120_AATAAA_0.1",3.11310127898626e-17,7.08787858755605e-10,44.8926194594651,1,2.08140916998055e-11,6.28734241417697e-09,0.123708421656265,0.273173238041551,0.149464816385286,"chr4",102797355,102797356,"-",0.198440829848908,3,"TUTR"
"VCP","ENSG00000165280","PAS25992_AATAAA_0.1",0.00307266249431377,0,14.8458126529185,1,0.000116666792659524,0.00436216336600558,0.835589968282508,0.712626848173025,-0.122963120109483,"chr9",35056563,35056564,"-",0.774108408227766,2,"TUTR"
"VCP","ENSG00000165280","PAS25991_ATTAAA_0.4",0.00307266249431377,0,14.8458126529185,1,0.000116666792659524,0.00436216336600558,0.164410031717492,0.287373151826975,0.122963120109483,"chr9",35056067,35056068,"-",0.225891591772234,2,"TUTR"
"YWHAQ","ENSG00000134308","PAS7324_AATAAA_0.25",0.00168508765473902,0.000122075799133251,19.372485136153,1,1.07545445908773e-05,0.000659144479345216,0.706377119540411,0.500873339331758,-0.205503780208653,"chr2",9583968,9583969,"-",0.603625229436085,2,"TUTR"
"ZNF641","ENSG00000167528","PAS34162_AATAAA_0.15",0.0246820157041967,0,9.84187107616549,1,0.00170583896931735,0.0330917110148765,0.237945998571149,0.0743820605629431,-0.163563938008206,"chr12",48337180,48337181,"-",0.156164029567046,2,"TUTR"
"ZRANB2","ENSG00000132485","PAS3551_AATAAA_0.3",0.00519865315197574,0.00117020454283139,15.079221716479,1,0.000103091825125717,0.00393953610051197,0.700787144755046,0.554682723470524,-0.146104421284522,"chr1",71063299,71063300,"-",0.627734934112785,2,"TUTR"
"ZRANB2","ENSG00000132485","PAS3553_ATTAAA_0.35",0.00519865315197574,0.000839160734290374,15.7075684083993,1,7.3927769467134e-05,0.00298701150073099,0.225460719115573,0.365107080953854,0.139646361838281,"chr1",71065043,71065044,"-",0.295283900034714,2,"TUTR"
"DUSP16","ENSG00000111266","PAS33861_AATAAA_0.45",0.0327278921624136,0,9.13846430571652,1,0.00250291093221472,0.0434992205438468,0.805672973869485,0.63872175322819,-0.166951220641295,"chr12",12474219,12474220,"-",0.722197363548837,2,"TUTR"
"DYNC1LI1","ENSG00000144635","PAS11005_AATAAA_0.2",0.000472821161373214,0,19.0843903370069,1,1.25063617769366e-05,0.000748434961622613,0.75234591284989,0.901555905047644,0.149209992197755,"chr3",32526755,32526756,"-",0.826950908948767,2,"TUTR"
"FAM136A","ENSG00000035141","PAS7861_AATAAA_0.25",0.0139152178311771,0,11.2379156870443,1,0.00080143106109595,0.0189696937912767,0.324334551751192,0.469042775460788,0.144708223709596,"chr2",70297271,70297272,"-",0.39668866360599,2,"TUTR"
"NDUFA5","ENSG00000128609","PAS22202_ATTAAA_0.25",0.0442296791449483,0.00919276115394466,11.2185048402639,1,0.000809857157973367,0.0191334408998289,0.260812880095558,0.473193891226043,0.212381011130485,"chr7",123542058,123542059,"-",0.3670033856608,2,"TUTR"
"NEDD4","ENSG00000069869","PAS39490_APA_0.25",0.000525098264481453,0.0021196958140814,17.0016228563618,1,3.73478827310418e-05,0.00172931601536032,0.0815350652962913,0.206896421023737,0.125361355727445,"chr15",55829396,55829397,"-",0.144215743160014,2,"TUTR"
"PGAP6","ENSG00000129925","PAS41105_None_0.15",0.0213271774329136,0,10.2042307480219,1,0.00140118827844227,0.0288117920398657,0.299287161310657,0.483360174199366,0.184073012888709,"chr16",370839,370840,"-",0.391323667755011,2,"TUTR"
"SLC2A3","ENSG00000059804","PAS33796_AATAAA_0.1",0.000198995451702421,1.90125902670329e-05,22.9358833790347,1,1.67495729101634e-06,0.000134494830070407,0.278023622908833,0.138689951454345,-0.139333671454488,"chr12",7920548,7920549,"-",0.208356787181589,2,"TUTR"
"TMED10","ENSG00000170348","PAS37896_ATTAAA_0.15",1.50358905569858e-06,0,31.6020311593575,1,1.89231557777765e-08,2.6382206302489e-06,0.381787426347911,0.583495220835065,0.201707794487153,"chr14",75134245,75134246,"-",0.482641323591488,2,"TUTR"
"YWHAQ","ENSG00000134308","PAS7325_AATAAA_0.1",0.00168508765473902,0.00168009287579472,14.3973354763139,1,0.000148011595073212,0.00527478400756699,0.268185524329417,0.442669097136601,0.174483572807184,"chr2",9584614,9584615,"-",0.355427310733009,2,"TUTR"
"ZNF641","ENSG00000167528","PAS34163_AATAAA_0.35",0.0246820157041967,0,9.84187107616685,1,0.00170583896931609,0.0330917110148765,0.762054001428851,0.925617939437057,0.163563938008206,"chr12",48340127,48340128,"-",0.843835970432954,2,"TUTR"
"BCCIP","ENSG00000107949","PAS27990_AATAAA_0.35",5.23556632826321e-13,7.32976169713115e-16,71.1995239610269,1,3.22865996258017e-17,2.81542550898752e-14,0.358711203887044,0.6825957822405,0.323884578353456,"chr10",125836548,125836549,"+",0.520653493063772,3,"ALE"
"BFAR","ENSG00000103429","PAS40281_APA_0.15",7.71470362417003e-06,1.42608697432967e-07,33.7454068923671,1,6.28171843428066e-09,9.60194720189382e-07,0.118112115059185,0.324961537896172,0.206849422836987,"chr16",14650586,14650587,"+",0.221536826477678,2,"ALE"
"BLZF1","ENSG00000117475","PAS1822_AATAAA_0.15",0.00214932778889076,0.000187294880127866,18.5558083524903,1,1.65001675539268e-05,0.000926272680339244,0.754013165136422,0.4076659858271,-0.346347179309322,"chr1",169388300,169388301,"+",0.580839575481761,2,"ALE"
"CDV3","ENSG00000091527","PAS10172_AATAAA_0.35",1.66400103946541e-05,5.19589100961787e-05,22.3360301410903,1,2.28871905607101e-06,0.000175981688874987,0.234607503700091,0.39328071188993,0.158673208189839,"chr3",133587271,133587272,"+",0.31394410779501,2,"MIXED"
"CDV3","ENSG00000091527","PAS10174_AATAAA_0.2",1.66400103946541e-05,5.51115634471021e-05,22.2229167982041,1,2.42758913221557e-06,0.000184424091739036,0.380687978559558,0.229635903381981,-0.151052075177577,"chr3",133590259,133590260,"+",0.30516194097077,2,"MIXED"
"CENPN","ENSG00000166451","PAS40926_AATAAA_0.25",0.00875671664226592,0.00546196413792062,12.1872055380563,1,0.000481184127338144,0.0133292205754127,0.81618837950999,0.930525589260099,0.114337209750109,"chr16",81022872,81022873,"+",0.873356984385045,2,"ALE"
"CENPN","ENSG00000166451","PAS40928_AATAAA_0.05",0.00875671664226592,0.00109202913012821,15.2097625332681,1,9.62047847147932e-05,0.0037440187229343,0.14298633446369,0.0347372045690915,-0.108249129894598,"chr16",81031482,81031483,"+",0.0888617695163906,2,"ALE"
"CHPF2","ENSG00000033100","PAS21141_AATAAA_0.15",0.000536766453013487,0,18.7967800712745,1,1.45412413678995e-05,0.000846260225846518,0.161624525244882,0.418754348389362,0.25712982314448,"chr7",151240970,151240971,"+",0.290189436817122,2,"ALE"
"CHPF2","ENSG00000033100","PAS21140_ATTAAA_0.25",0.000536766453013487,0,18.7967800712745,1,1.45412413678995e-05,0.000846260225846518,0.838375474755118,0.581245651610638,-0.25712982314448,"chr7",151238818,151238819,"+",0.709810563182878,2,"ALE"
"CLIC4","ENSG00000169504","PAS396_AATAAA_0.35",5.22558871842108e-11,3.37854737015546e-13,59.9116271762414,1,9.9213599535993e-15,5.72146789687792e-12,0.868082741405137,0.692206951403147,-0.175875790001989,"chr1",24844316,24844317,"+",0.780144846404142,2,"MIXED"
"CLIP4","ENSG00000115295","PAS5408_AATAAA_0.25",0.00658139404899925,0.00484554910738773,14.4715403634491,1,0.000142293215397549,0.00509964413488336,0.509121987880528,0.619536438404738,0.11041445052421,"chr2",29183805,29183806,"+",0.564329213142633,2,"ALE"
"CLIP4","ENSG00000115295","PAS5404_AATAAA_0.25",0.00658139404899925,0.00240884757615948,15.7910151323704,1,7.07376314671405e-05,0.00288568594991515,0.320826768137968,0.217380901775801,-0.103445866362167,"chr2",29174711,29174712,"+",0.269103834956884,2,"ALE"
"COL6A2","ENSG00000142173","PAS50361_None_0.15",2.68350286053684e-05,0,25.1848354883359,1,5.20901792467689e-07,4.85932429488057e-05,0.427162943647554,0.273694846878572,-0.153468096768982,"chr21",46129798,46129799,"+",0.350428895263063,2,"ALE"
"COL6A2","ENSG00000142173","PAS50362_AATAAA_0.1",2.68350286053684e-05,0,25.1848354883377,1,5.20901792467198e-07,4.85932429488057e-05,0.572837056352446,0.726305153121428,0.153468096768982,"chr21",46132846,46132847,"+",0.649571104736937,2,"ALE"
"CREM","ENSG00000095794","PAS27132_APA_0.1",0.0208124829969145,0.0182336439064479,11.9879912726392,1,0.000535444747821599,0.0142414832612424,0.420162125467001,0.615420512077281,0.195258386610281,"chr10",35211873,35211874,"+",0.517791318772141,2,"ALE"
"CREM","ENSG00000095794","PAS27130_AATAAA_0.2",0.0208124829969145,0.0295273002121592,11.0918241225313,1,0.000867091509358772,0.0199651360784659,0.219290197778441,0.0866516496464848,-0.132638548131956,"chr10",35179845,35179846,"+",0.152970923712463,2,"ALE"
"CUL4A","ENSG00000139842","PAS35771_APA_0.35",1.78750765763854e-07,1.05086792638298e-07,32.991165539569,1,9.25785950503776e-09,1.39826742310017e-06,0.254515683356759,0.60919500751227,0.354679324155511,"chr13",113230214,113230215,"+",0.431855345434515,2,"ALE"
"CUX1","ENSG00000257923","PAS20790_AATAAA_0.05",0.0225176341788136,0.00839043888815983,11.3880653105903,1,0.000739174756998722,0.0181040736332872,0.633013261979313,0.370812879795085,-0.262200382184228,"chr7",102283956,102283957,"+",0.501913070887199,2,"ALE"
"CUX1","ENSG00000257923","PAS20789_APA_0.2",0.0225176341788136,0.0117339825184206,10.7661523679404,1,0.00103373182169533,0.0225871170064214,0.219167513269306,0.46080160107542,0.241634087806114,"chr7",102258230,102258231,"+",0.339984557172363,2,"ALE"
"DEF8","ENSG00000140995","PAS41081_ATTAAA_0.05",7.96569905899898e-09,0,43.2057416472701,1,4.92758687523458e-11,1.30242280596044e-08,0.377447410248863,0.733891458029982,0.356444047781119,"chr16",89968058,89968059,"+",0.555669434139423,2,"ALE"
"DEF8","ENSG00000140995","PAS41080_ATTAAA_0.15",7.96569905899898e-09,0,43.2057416472703,1,4.92758687523401e-11,1.30242280596044e-08,0.622552589751137,0.266108541970018,-0.356444047781119,"chr16",89959364,89959365,"+",0.444330565860577,2,"ALE"
"EIF2S3","ENSG00000130741","PAS51839_AATAAA_0.2",1.28729432535614e-08,1.68720033273123e-09,42.4018720259901,1,7.43188713116467e-11,1.81323753909781e-08,0.209954335938134,0.367538481297883,0.157584145359748,"chrX",24077466,24077467,"+",0.288746408618008,2,"ALE"
"EIF2S3","ENSG00000130741","PAS51841_AATAAA_0.45",1.28729432535614e-08,2.951862568332e-05,23.4228404101195,1,1.30025516288515e-06,0.000107780494661033,0.359140673432458,0.240224166190398,-0.118916507242061,"chrX",24078802,24078803,"+",0.299682419811428,2,"ALE"
"EPS8L2","ENSG00000177106","PAS29370_None_0.2",0.00185745177618667,0,16.0103230651566,1,6.29980444568432e-05,0.00260344035838927,0.32734124220142,0.471935631418511,0.144594389217091,"chr11",727047,727048,"+",0.399638436809965,2,"MIXED"
"EPS8L2","ENSG00000177106","PAS29371_ATTAAA_0.15",0.00185745177618667,0,16.010323065153,1,6.29980444569642e-05,0.00260344035838927,0.67265875779858,0.528064368581489,-0.144594389217091,"chr11",727722,727723,"+",0.600361563190035,2,"MIXED"
"FBLN1","ENSG00000077942","PAS51154_AATAAA_0.2",0.00038802451960983,0,19.492809672508,1,1.00979077202169e-05,0.000627521610921861,0.473335344452223,0.735184291864245,0.261848947412022,"chr22",45601133,45601134,"+",0.604259818158234,2,"ALE"
"FBLN1","ENSG00000077942","PAS51152_AATAAA_0.05",0.00038802451960983,0,19.4928096725071,1,1.00979077202217e-05,0.000627521610921861,0.526664655547777,0.264815708135755,-0.261848947412022,"chr22",45563360,45563361,"+",0.395740181841766,2,"ALE"
"MINDY2","ENSG00000128923","PAS38602_AATAAA_0.2",0.00542623706116113,0.000545381203442118,16.5236671612115,1,4.80465949278146e-05,0.002116552603643,0.237949090952229,0.0860482376619145,-0.151900853290314,"chr15",58861896,58861897,"+",0.161998664307072,2,"ALE"
"MINDY2","ENSG00000128923","PAS38600_None_0.2",0.00542623706116113,0.0301081531293307,9.03234084458563,1,0.00265244608413259,0.0452069721505634,0.631965141253924,0.774191504444005,0.142226363190082,"chr15",58857554,58857555,"+",0.703078322848964,2,"ALE"
"MSL1","ENSG00000188895","PAS42757_AATAAA_0.45",0.00017475763527224,0.00038065026663397,17.2061867100342,1,3.35342491723186e-05,0.00157573710833039,0.369628322560317,0.192854307619154,-0.176774014941163,"chr17",40130293,40130294,"+",0.281241315089735,2,"ALE"
"MSL1","ENSG00000188895","PAS42759_AATAAA_0.2",0.00017475763527224,0.0457772526553746,8.26896410693735,1,0.00403285096985275,0.0604337985217662,0.620867375931763,0.747410316092565,0.126542940160802,"chr17",40136786,40136787,"+",0.684138846012164,2,"ALE"
"OGG1","ENSG00000114026","PAS9141_AATAAA_0.45",0.0112747592389118,0,11.7646528887724,1,0.000603661384165287,0.0154097625370322,0.548828020918802,0.350212872306174,-0.198615148612628,"chr3",9766645,9766646,"+",0.449520446612488,2,"ALE"
"OGG1","ENSG00000114026","PAS9139_AATAAA_0.35",0.0112747592389118,0,11.7646528887724,1,0.000603661384165287,0.0154097625370322,0.451171979081198,0.649787127693826,0.198615148612628,"chr3",9757402,9757403,"+",0.550479553387512,2,"ALE"
"PACRGL","ENSG00000163138","PAS12641_AATAAA_0.3",5.15816026992207e-05,0,23.8428841774505,1,1.045275651968e-06,9.02136884116868e-05,0.429035518399578,0.820187966236677,0.391152447837099,"chr4",20752898,20752899,"+",0.624611742318128,2,"ALE"
"PACRGL","ENSG00000163138","PAS12638_ATTAAA_0.25",5.15816026992207e-05,0,23.8428841774505,1,1.045275651968e-06,9.02136884116868e-05,0.570964481600421,0.179812033763323,-0.391152447837098,"chr4",20728348,20728349,"+",0.375388257681872,2,"ALE"
"PACS2","ENSG00000179364","PAS37261_None_0.2",0.00495071383872103,0,13.7475276679806,1,0.000209095848990351,0.0067846522663442,0.0525148475417967,0.165119033647023,0.112604186105226,"chr14",105370155,105370156,"+",0.10881694059441,2,"ALE"
"PACS2","ENSG00000179364","PAS37264_AATAAA_0.3",0.00495071383872103,0,13.7475276679816,1,0.000209095848990249,0.0067846522663442,0.947485152458203,0.834880966352977,-0.112604186105226,"chr14",105395204,105395205,"+",0.89118305940559,2,"ALE"
"PML","ENSG00000140464","PAS38791_AATAAA_0.2",0.0132944321303403,0.00728726568724688,11.6501076142827,1,0.00064198821007529,0.0162249092056279,0.430412583902644,0.610774992585148,0.180362408682504,"chr15",74036392,74036393,"+",0.520593788243896,2,"ALE"
"PML","ENSG00000140464","PAS38792_AATAAA_0.15",0.0132944321303403,0.0295461074019954,9.06679326188532,1,0.00260293139015019,0.0445659791455269,0.204735956791864,0.0932879555234545,-0.111448001268409,"chr15",74043336,74043337,"+",0.149011956157659,2,"ALE"
"POLR1D","ENSG00000186184","PAS35384_AATAAA_0.25",1.64966910094599e-10,1.01523587850056e-10,48.7008860957867,1,2.9813169640268e-12,1.1819990100815e-09,0.544920288482434,0.715367286670671,0.170446998188237,"chr13",27623445,27623446,"+",0.630143787576553,2,"ALE"
"POLR1D","ENSG00000186184","PAS35390_AATAAA_0.15",1.64966910094599e-10,1.63543367135388e-07,34.2678207545796,1,4.80257470327896e-09,7.61628315756251e-07,0.205143417351513,0.0992554247580915,-0.105887992593422,"chr13",27667409,27667410,"+",0.152199421054802,2,"ALE"
"PRMT7","ENSG00000132600","PAS40757_AATAAA_0.1",0.0198922095536912,0,10.3690538145411,1,0.00128145206595877,0.026828023697721,0.9538163935107,0.6795799297388,-0.2742364637719,"chr16",68357258,68357259,"+",0.81669816162475,2,"ALE"
"PRMT7","ENSG00000132600","PAS40759_AATAAA_0.45",0.0198922095536912,0,10.3690538145411,1,0.00128145206595877,0.026828023697721,0.0461836064893005,0.3204200702612,0.2742364637719,"chr16",68360867,68360868,"+",0.18330183837525,2,"ALE"
"PRSS21","ENSG00000007038","PAS40135_AATAAA_0.3",0.0400026789057835,0,8.64662925350831,1,0.00327666994449777,0.0523565637101821,0.7012408071025,0.825710292201294,0.124469485098794,"chr16",2821714,2821715,"+",0.763475549651897,2,"ALE"
"RBBP6","ENSG00000122257","PAS40396_AATAAA_0.35",0.00582267780389297,0.000819240856861306,15.7530134020501,1,7.2172882654377e-05,0.00293479923793616,0.105751798189641,0.294919448352498,0.189167650162857,"chr16",24559787,24559788,"+",0.200335623271069,2,"ALE"
"RBBP6","ENSG00000122257","PAS40399_AATAAA_0.3",0.00582267780389297,0.0471610873436424,8.2149076181729,1,0.00415476302750092,0.0617230427750634,0.816936121437991,0.664511152380044,-0.152424969057947,"chr16",24572859,24572860,"+",0.740723636909018,2,"ALE"
"RO60","ENSG00000116747","PAS2008_AATAAA_0.3",0.0289565693928512,0.0175950734391824,10.0181178111502,1,0.00155007792883582,0.0307278729424063,0.777289672826982,0.605497699876893,-0.17179197295009,"chr1",193091773,193091774,"+",0.691393686351937,2,"ALE"
"RO60","ENSG00000116747","PAS2006_ATTAAA_0.25",0.0289565693928512,0.011044495690147,10.8782718398359,1,0.00097298991468232,0.0216892186514563,0.111394154176244,0.259696758338937,0.148302604162693,"chr1",193085983,193085984,"+",0.18554545625759,2,"ALE"
"SAMD8","ENSG00000156671","PAS27428_AATAAA_0.3",0.0139910509836826,0.00227055243179303,13.830806769203,1,0.000200029469780401,0.00655755525349857,0.661866492376195,0.41679998709312,-0.245066505283075,"chr10",75182121,75182122,"+",0.539333239734658,2,"MIXED"
"SEH1L","ENSG00000085415","PAS45220_AATAAA_0.15",0.0188612518549687,0,10.510665779587,1,0.00118687485008869,0.0253073634001263,0.581361271606005,0.382097827863857,-0.199263443742148,"chr18",12987533,12987534,"+",0.481729549734931,2,"MIXED"
"SEH1L","ENSG00000085415","PAS45219_AATAAA_0.25",0.0188612518549687,0,10.510665779587,1,0.00118687485008869,0.0253073634001263,0.418638728393995,0.617902172136143,0.199263443742147,"chr18",12985713,12985714,"+",0.518270450265069,2,"MIXED"
"SP100","ENSG00000067066","PAS7058_AATAAA_0.2",1.12155039681299e-05,5.41700249844895e-07,31.1518522995029,1,2.38611564831422e-08,3.18659465580659e-06,0.65943029619243,0.879642348970747,0.220212052778317,"chr2",230470358,230470359,"+",0.769536322581589,2,"ALE"
"SP100","ENSG00000067066","PAS7059_APA_0.15",1.12155039681299e-05,0.0017202389165828,15.660910310376,1,7.57741758264396e-05,0.00305189513876203,0.139819963677931,0.0373974688017045,-0.102422494876226,"chr2",230508144,230508145,"+",0.0886087162398177,2,"ALE"
"SRGAP2","ENSG00000266028","PAS2135_AATAAA_0.25",0.0051439071082512,0.000574858306744388,16.4238704808163,1,5.06434472451861e-05,0.00221556350068854,0.691162201260296,0.466675555246488,-0.224486646013808,"chr1",206456157,206456158,"+",0.578918878253392,2,"ALE"
"SRGAP2","ENSG00000266028","PAS2138_AATAAA_0.2",0.0051439071082512,0.00152946307641585,14.5742746528117,1,0.000134741521023836,0.0048564365830381,0.249247519658493,0.452699385803557,0.203451866145064,"chr1",206464433,206464434,"+",0.350973452731025,2,"ALE"
"ZNF655","ENSG00000197343","PAS20714_AATAAA_0.45",0.0136045562936746,0,11.3218191017932,1,0.000766016336695567,0.0185364996521199,0.510384910171707,0.763800472674923,0.253415562503216,"chr7",99576448,99576449,"+",0.637092691423315,2,"ALE"
"ZNF655","ENSG00000197343","PAS20712_APA_0.2",0.0136045562936746,0,11.3218191017941,1,0.000766016336695192,0.0185364996521199,0.489615089828293,0.236199527325077,-0.253415562503216,"chr7",99564702,99564703,"+",0.362907308576685,2,"ALE"
"BCCIP","ENSG00000107949","PAS27994_ATTAAA_0.4",5.23556632826321e-13,6.23941900270851e-07,30.8775134827788,1,2.74837889091149e-08,3.55802887642797e-06,0.356894472549176,0.167656629705116,-0.18923784284406,"chr10",125853520,125853521,"+",0.262275551127146,3,"ALE"
"BFAR","ENSG00000103429","PAS40284_AATAAA_0.4",7.71470362417003e-06,0.00431954463458834,13.9248129521711,1,0.000190270044164354,0.00630275731152261,0.663652814376999,0.502295483713116,-0.161357330663883,"chr16",14668888,14668889,"+",0.582974149045058,2,"ALE"
"BLZF1","ENSG00000117475","PAS1824_AATAAA_0.35",0.00214932778889076,0.00351239179557103,13.0124179963892,1,0.00030943212704156,0.00930276160136558,0.177820321178384,0.448909072706028,0.271088751527644,"chr1",169396042,169396043,"+",0.313364696942206,2,"ALE"
"CLIC4","ENSG00000169504","PAS390_APA_0.35",5.22558871842108e-11,3.1924938246098e-12,55.4938892034543,1,9.37499964138118e-14,4.95585918542513e-11,0.0754960920532671,0.217898890910767,0.1424027988575,"chr1",24840948,24840949,"+",0.146697491482017,2,"MIXED"
"CUL4A","ENSG00000139842","PAS35775_ATTAAA_0.05",1.78750765763854e-07,5.38692409592465e-09,38.7791362263144,1,4.74573304525785e-10,9.40767424143537e-08,0.652142308056467,0.268120016399928,-0.384022291656539,"chr13",113264541,113264542,"+",0.460131162228198,2,"ALE"
"PRSS21","ENSG00000007038","PAS40133_APA_0.2",0.0400026789057835,0,8.64662925350649,1,0.00327666994450103,0.0523565637101821,0.2987591928975,0.174289707798706,-0.124469485098794,"chr16",2818890,2818891,"+",0.236524450348103,2,"ALE"
"SAMD8","ENSG00000156671","PAS27426_ATTAAA_0.35",0.0139910509836826,0.0211684036017507,9.67799666986798,1,0.00186487855962522,0.0352238673503683,0.221328815405506,0.410999272562608,0.189670457157103,"chr10",75176738,75176739,"+",0.316164043984057,2,"MIXED"
"AHNAK","ENSG00000124942","PAS31279_AATAAA_0.1",1.41863698554714e-14,0,71.1393105928873,1,3.3287130633572e-17,2.81542550898752e-14,0.810624850438355,0.940423521919068,0.129798671480714,"chr11",62515902,62515903,"-",0.875524186178712,2,"ALE"
"AHNAK","ENSG00000124942","PAS31278_AATAAA_0.1",1.41863698554714e-14,0,71.1393105928873,1,3.3287130633572e-17,2.81542550898752e-14,0.189375149561645,0.0595764780809318,-0.129798671480714,"chr11",62433543,62433544,"-",0.124475813821289,2,"ALE"
"ANAPC7","ENSG00000196510","PAS34867_AATAAA_0.15",0.00623989319486931,0,13.220827703241,1,0.000276855329465191,0.00856698430469483,0.739801681189208,0.882338730090442,0.142537048901234,"chr12",110373478,110373479,"-",0.811070205639825,2,"ALE"
"ANAPC7","ENSG00000196510","PAS34868_AATAAA_0.3",0.00623989319486931,0,13.220827703241,1,0.000276855329465191,0.00856698430469483,0.260198318810792,0.117661269909558,-0.142537048901234,"chr12",110375475,110375476,"-",0.188929794360175,2,"ALE"
"ANKRD10","ENSG00000088448","PAS36301_AATAAA_0.05",2.09379553715013e-39,1.21617764848924e-42,192.164141223495,1,1.07141930210336e-43,3.39827417144633e-40,0.328919320910728,0.0473991615021797,-0.281520159408548,"chr13",110878540,110878541,"-",0.188159241206454,2,"ALE"
"ANKRD10","ENSG00000088448","PAS36304_ATTAAA_0.1",2.09379553715013e-39,1.01222591406867e-15,69.1954321402973,1,8.91743392726877e-17,7.07096776470369e-14,0.496804458832336,0.72739664465887,0.230592185826534,"chr13",110892697,110892698,"-",0.612100551745603,2,"ALE"
"ANKRD11","ENSG00000167522","PAS42065_AATAAA_0.3",6.68960943884027e-55,5.08549068216029e-61,279.203191787357,1,1.12004460949883e-62,1.42100059607116e-58,0.255181655523232,0.549811880570712,0.29463022504748,"chr16",89298875,89298876,"-",0.402496768046972,2,"ALE"
"ANKRD11","ENSG00000167522","PAS42061_APA_0.35",6.68960943884027e-55,5.83024534697241e-17,77.5652863474643,1,1.28407174077411e-18,1.62910181752011e-15,0.377572527034957,0.230562327884028,-0.147010199150929,"chr16",89283318,89283319,"-",0.304067427459493,2,"ALE"
"AZIN1","ENSG00000155096","PAS24341_APA_0.1",0.0124325062627575,0.00366519451557936,12.9326889275508,1,0.000322893629465503,0.00963894465183256,0.515749621927687,0.40428047603088,-0.111469145896806,"chr8",102826357,102826358,"-",0.460015048979284,2,"MIXED"
"BCL11A","ENSG00000119866","PAS7733_AATAAA_0.05",0.0118710088471903,0,11.6539905606265,1,0.000640649581556985,0.0162233956910449,0.352728800449551,0.742188407849793,0.389459607400242,"chr2",60452158,60452159,"-",0.547458604149672,2,"ALE"
"BCL11A","ENSG00000119866","PAS7734_AATAAA_0.2",0.0118710088471903,0,11.6539905606265,1,0.000640649581556985,0.0162233956910449,0.647271199550449,0.257811592150207,-0.389459607400242,"chr2",60457194,60457195,"-",0.452541395850328,2,"ALE"
"CEP89","ENSG00000121289","PAS48034_AATAAA_0.15",0.000336056667418012,0.000151496331440781,18.9603381484666,1,1.33464131580722e-05,0.00079495748233081,0.307306480523262,0.663329545845346,0.356023065322084,"chr19",32968909,32968910,"-",0.485318013184304,2,"ALE"
"CEP89","ENSG00000121289","PAS48033_AATAAA_0.35",0.000336056667418012,6.9310713300775e-05,20.454655520338,1,6.10608459752988e-06,0.000405591074810794,0.511893272721907,0.167409609746248,-0.344483662975659,"chr19",32879010,32879011,"-",0.339651441234077,2,"ALE"
"ELP6","ENSG00000163832","PAS11152_AATAAA_0.05",0.0493276199238459,0,8.14410845510582,1,0.00432012903176912,0.0634289047533107,0.80462989036148,0.968075239335198,0.163445348973718,"chr3",47495640,47495641,"-",0.886352564848339,2,"ALE"
"ELP6","ENSG00000163832","PAS11153_AATAAA_0.15",0.0493276199238459,0,8.14410845510582,1,0.00432012903176912,0.0634289047533107,0.19537010963852,0.0319247606648019,-0.163445348973718,"chr3",47501442,47501443,"-",0.113647435151661,2,"ALE"
"FANCB","ENSG00000181544","PAS52532_AATAAA_0.25",0.0275543770054265,0,9.5510069012978,1,0.00199839764971097,0.0367444506983813,0.132645890160048,0.0132392189521229,-0.119406671207926,"chrX",14835962,14835963,"-",0.0729425545560857,2,"ALE"
"FANCB","ENSG00000181544","PAS52531_AATAAA_0.3",0.0275543770054265,0,9.5510069012978,1,0.00199839764971097,0.0367444506983813,0.867354109839952,0.986760781047877,0.119406671207925,"chrX",14834149,14834150,"-",0.927057445443914,2,"ALE"
"HERC4","ENSG00000148634","PAS28632_AATAAA_0.2",4.68032745471011e-10,2.21092891360122e-08,38.1674770550744,1,6.49256002074305e-10,1.21133983798775e-07,0.593134135676419,0.37066799441174,-0.222466141264679,"chr10",67922484,67922485,"-",0.481901065044079,2,"ALE"
"LRBA","ENSG00000198589","PAS14348_AATAAA_0.2",0.003243100105088,0,14.7124984115999,1,0.000125213549279208,0.00456489741294631,0.910408714385613,0.730752988248367,-0.179655726137246,"chr4",150264660,150264661,"-",0.82058085131699,2,"ALE"
"LRBA","ENSG00000198589","PAS14352_AATAAA_0.2",0.003243100105088,0,14.7124984115999,1,0.000125213549279208,0.00456489741294631,0.0895912856143871,0.269247011751633,0.179655726137246,"chr4",150840542,150840543,"-",0.17941914868301,2,"ALE"
"MOK","ENSG00000080823","PAS38110_ATTAAA_0.3",7.02066898820627e-11,0,53.3121529316668,1,2.84540765305941e-13,1.33702544053698e-10,0.810247236125516,0.921080830562943,0.110833594437427,"chr14",102228841,102228842,"-",0.86566403334423,2,"ALE"
"MOK","ENSG00000080823","PAS38109_AATAAA_0.25",7.02066898820627e-11,0,53.3121529316595,1,2.84540765306995e-13,1.33702544053698e-10,0.189752763874484,0.0789191694370569,-0.110833594437427,"chr14",102224500,102224501,"-",0.13433596665577,2,"ALE"
"NFKBIE","ENSG00000146232","PAS19133_APA_0.35",0.00743896118654589,0,12.8296807450006,1,0.000341163962267012,0.0100596453190041,0.772834129003179,0.941714047464679,0.1688799184615,"chr6",44258693,44258694,"-",0.857274088233929,2,"ALE"
"NFKBIE","ENSG00000146232","PAS19132_AATAAA_0.2",0.00743896118654589,0,12.829680745001,1,0.00034116396226693,0.0100596453190041,0.227165870996821,0.058285952535321,-0.1688799184615,"chr6",44258170,44258171,"-",0.142725911766071,2,"ALE"
"PAWR","ENSG00000177425","PAS34621_AATAAA_0.3",6.13216108333154e-07,0.00040033545935853,19.751961575821,1,8.81711522584645e-06,0.000565454116850702,0.458852838538862,0.244274847590692,-0.21457799094817,"chr12",79589790,79589791,"-",0.351563843064777,3,"ALE"
"PAWR","ENSG00000177425","PAS34617_AATAAA_0.25",6.13216108333154e-07,0.000130380391485826,21.9005346205086,1,2.87153912562106e-06,0.000211809400504386,0.0623442989305793,0.213740473578706,0.151396174648127,"chr12",79584879,79584880,"-",0.138042386254643,3,"ALE"
"PCSK6","ENSG00000140479","PAS40003_AATAAA_0.2",0.00966239978171309,0,12.1749474404558,1,0.000484356644347804,0.0133587668409582,0.465789828814641,0.916773316540457,0.450983487725817,"chr15",101303928,101303929,"-",0.691281572677549,2,"ALE"
"PCSK6","ENSG00000140479","PAS40001_AATAAA_0.1",0.00966239978171309,0,12.1749474404557,1,0.000484356644347819,0.0133587668409582,0.534210171185359,0.0832266834595427,-0.450983487725816,"chr15",101300613,101300614,"-",0.308718427322451,2,"ALE"
"SARNP","ENSG00000205323","PAS34333_AATAAA_0.4",7.34769738706118e-10,0,48.0880195165482,1,4.0750881412882e-12,1.52060715436833e-09,0.0772889091795563,0.215289356321356,0.1380004471418,"chr12",55752581,55752582,"-",0.146289132750456,2,"ALE"
"SARNP","ENSG00000205323","PAS34334_AATAAA_0.3",7.34769738706118e-10,0,48.0880195165482,1,4.0750881412882e-12,1.52060715436833e-09,0.922711090820444,0.784710643678644,-0.1380004471418,"chr12",55757271,55757272,"-",0.853710867249544,2,"ALE"
"SLC35D2","ENSG00000130958","PAS26238_AATAAA_0.2",1.05258463867986e-08,0,42.5262976434551,1,6.97382585868855e-11,1.73484173861181e-08,0.931702366649823,0.705074382937631,-0.226627983712192,"chr9",96320710,96320711,"-",0.818388374793727,2,"ALE"
"SLC35D2","ENSG00000130958","PAS26237_AATAAA_0.15",1.05258463867986e-08,0,42.5262976434547,1,6.97382585869018e-11,1.73484173861181e-08,0.0682976333501768,0.294925617062369,0.226627983712192,"chr9",96313444,96313445,"-",0.181611625206273,2,"ALE"
"SPRED2","ENSG00000198369","PAS7801_AATAAA_0.4",0.00291285877365648,0,14.9786384694039,1,0.000108735129136068,0.00413030713577631,0.483317081218152,0.665121194278248,0.181804113060096,"chr2",65344201,65344202,"-",0.5742191377482,2,"ALE"
"SPRED2","ENSG00000198369","PAS7797_APA_0.1",0.00291285877365648,0,14.9786384694039,1,0.000108735129136068,0.00413030713577631,0.516682918781847,0.334878805721752,-0.181804113060096,"chr2",65310851,65310852,"-",0.4257808622518,2,"ALE"
"STAG1","ENSG00000118007","PAS11880_AATAAA_0.3",0.00162050454199703,0.00041790614679925,17.0288381079439,1,3.68163904923401e-05,0.00171095071859457,0.154766135140391,0.445132777081403,0.290366641941012,"chr3",136499707,136499708,"-",0.299949456110897,2,"ALE"
"STAG1","ENSG00000118007","PAS11876_AATAAA_0.15",0.00162050454199703,0.00793225851667095,11.4924082903655,1,0.000698810317274979,0.0173499148635375,0.489797549054795,0.23097715686804,-0.258820392186755,"chr3",136336236,136336237,"-",0.360387352961417,2,"ALE"
"STK32C","ENSG00000165752","PAS29324_AATAAA_0.15",0.0110447463776632,0.00174023221429569,14.3311166743815,1,0.000153309706592176,0.00540288957648594,0.281927342909192,0.428011505761542,0.14608416285235,"chr10",132330291,132330292,"-",0.354969424335367,2,"ALE"
"STK32C","ENSG00000165752","PAS29321_APA_0.1",0.0110447463776632,0.00958587623667399,11.1408112131958,1,0.000844489523410059,0.019586907830902,0.68473094304223,0.55372878216092,-0.13100216088131,"chr10",132207491,132207492,"-",0.619229862601575,2,"ALE"
"TLE5","ENSG00000104964","PAS47519_AATAAA_0",2.91699592719899e-10,0,50.2278705000645,1,1.36889740610874e-12,5.60232302945212e-10,0.317812034919472,0.182152414439273,-0.135659620480199,"chr19",3052909,3052910,"-",0.249982224679372,2,"MIXED"
"TLE5","ENSG00000104964","PAS47520_AATAAA_0.2",2.91699592719899e-10,0,50.2278705000645,1,1.36889740610874e-12,5.60232302945212e-10,0.682187965080528,0.817847585560727,0.135659620480199,"chr19",3053161,3053162,"-",0.750017775320627,2,"MIXED"
"TMEM41B","ENSG00000166471","PAS30910_AATAAA_0.3",2.51247245048322e-08,3.1854847062044e-10,44.3075451455079,1,2.80632505047444e-11,7.91196575897094e-09,0.706533569135474,0.869249394660321,0.162715825524848,"chr11",9280656,9280657,"-",0.787891481897897,2,"MIXED"
"TUBGCP3","ENSG00000126216","PAS36312_AATAAA_0.3",0.0266316243573731,0.00460235747849547,12.5068846568465,1,0.000405455127691687,0.0115336529260638,0.266009852216749,0.464284658781324,0.198274806564576,"chr13",112498808,112498809,"-",0.365147255499037,2,"ALE"
"TUBGCP3","ENSG00000126216","PAS36310_ATTAAA_0.2",0.0266316243573731,0.0432535825155011,8.37197039090097,1,0.00381052252109683,0.058175811341944,0.61576354679803,0.446428199699243,-0.169335347098787,"chr13",112485011,112485012,"-",0.531095873248636,2,"ALE"
"USP33","ENSG00000077254","PAS3583_AATAAA_0.4",3.91868880121719e-08,0,39.5630226543717,1,3.17641157095546e-10,6.49986025817934e-08,0.450998426414658,0.739206678378041,0.288208251963384,"chr1",77711654,77711655,"-",0.595102552396349,2,"ALE"
"USP33","ENSG00000077254","PAS3581_AATAAA_0.4",3.91868880121719e-08,0,39.5630226543735,1,3.1764115709525e-10,6.49986025817934e-08,0.549001573585342,0.260793321621959,-0.288208251963383,"chr1",77695990,77695991,"-",0.404897447603651,2,"ALE"
"WDR1","ENSG00000071127","PAS13631_AATAAA_0.4",0.0121220858358772,0,11.607722347514,1,0.000656785367387542,0.0165083115771336,0.369097086650177,0.508078037315883,0.138980950665706,"chr4",10075154,10075155,"-",0.43858756198303,2,"MIXED"
"WDR1","ENSG00000071127","PAS13630_ATTAAA_0.15",0.0121220858358772,0,11.607722347514,1,0.000656785367387542,0.0165083115771336,0.630902913349823,0.491921962684117,-0.138980950665706,"chr4",10074339,10074340,"-",0.56141243801697,2,"MIXED"
"AZIN1","ENSG00000155096","PAS24343_AATAAA_0.25",0.0124325062627575,0.00248051066581953,13.6646796553423,1,0.000218526216933333,0.00703071128115443,0.388804412169706,0.502629833539092,0.113825421369386,"chr8",102828003,102828004,"-",0.445717122854399,2,"MIXED"
"HERC4","ENSG00000148634","PAS28640_ATTAAA_0.15",4.68032745471011e-10,5.16204675362609e-09,41.0082574176186,1,1.5158740822295e-10,3.45864236550654e-08,0.141298077622072,0.336431326114014,0.195133248491942,"chr10",68070169,68070170,"-",0.238864701868043,2,"ALE"
"TMEM41B","ENSG00000166471","PAS30911_AATAAA_0.3",2.51247245048322e-08,1.46692745061893e-06,27.8776749726385,1,1.29232303136864e-07,1.45129755811628e-05,0.177187554413636,0.07263922517917,-0.104548329234466,"chr11",9281163,9281164,"-",0.124913389796403,2,"MIXED"
"ENSG00000258728","ENSG00000258728","PAS24936_AATAAA_0.45",0.0083225570693764,0,12.5598932370403,1,0.000394114263950078,0.0112869699023575,0.480807639245381,0.61799422564793,0.13718658640255,"chr9",34661885,34661886,"+",0.549400932446656,2,"iAPA"
"ENSG00000258728","ENSG00000258728","PAS24935_AATAAA_0.35",0.0083225570693764,0,12.5598932370367,1,0.000394114263950845,0.0112869699023575,0.519192360754619,0.38200577435207,-0.13718658640255,"chr9",34650573,34650574,"+",0.450599067553344,2,"iAPA"
"IARS1","ENSG00000196305","PAS26194_AATAAA_0.4",7.53508776444703e-06,1.61733064687159e-07,32.1531919467943,1,1.42482414069532e-08,2.05417544011381e-06,0.61669481607145,0.42770667760937,-0.188988138462079,"chr9",92210342,92210343,"-",0.52220074684041,2,"iAPA"
"PPP1R15B","ENSG00000158615","PAS4692_AATAAA_0.35",1.05258463867986e-08,1.68310081733342e-10,46.9148638118058,1,7.41382932549811e-12,2.67717568667265e-09,0.534396843892627,0.341948351928461,-0.192448491964166,"chr1",204403389,204403390,"-",0.438172597910544,2,"iAPA"
"IARS1","ENSG00000196305","PAS26196_APA_0.15",7.53508776444703e-06,3.46274055563937e-07,30.6750793027813,1,3.05057988370107e-08,3.87027069845154e-06,0.372124003407686,0.557780577668811,0.185656574261125,"chr9",92256183,92256184,"-",0.464952290538248,2,"iAPA"
"PPP1R15B","ENSG00000158615","PAS4695_APA_0.05",1.05258463867986e-08,1.23247546339249e-05,25.1051080040634,1,5.42888616020795e-07,4.95512796507614e-05,0.399263212219161,0.540755557850978,0.141492345631818,"chr1",204409492,204409493,"-",0.47000938503507,2,"iAPA"
"DGKZ","ENSG00000149091","PAS29804_APA_0",0.0225176341788136,0,10.0862343485142,1,0.00149381062918324,0.030034826390567,0.779674851994429,0.901198895406507,0.121524043412077,"chr11",46380550,46380551,"+",0.840436873700468,2,"iAPA"
"GPHN","ENSG00000171723","PAS36818_AATAAA_0.35",0.0195064228067357,0,10.4236510097796,1,0.00124411698362088,0.0262630818156374,0.912883993621025,0.730074669413746,-0.182809324207279,"chr14",67181797,67181798,"+",0.821479331517385,2,"iAPA"
"GPHN","ENSG00000171723","PAS36817_AATAAA_0.3",0.0195064228067357,0,10.4236510097799,1,0.00124411698362073,0.0262630818156374,0.0871160063789752,0.269925330586254,0.182809324207279,"chr14",67169134,67169135,"+",0.178520668482615,2,"iAPA"
"DGKZ","ENSG00000149091","PAS29803_AATAAA_0.25",0.0225176341788136,0,10.0862343485142,1,0.00149381062918324,0.030034826390567,0.220325148005571,0.0988011045934935,-0.121524043412077,"chr11",46378111,46378112,"+",0.159563126299532,2,"iAPA"
"SHANK1","ENSG00000161681","PAS48466_ATTAAA_0.05",0.00125798400862429,0,16.8722028977056,1,3.9982853516429e-05,0.00182468511713286,0.840559977819877,0.970798891669466,0.13023891384959,"chr19",50659256,50659257,"-",0.905679434744672,2,"iAPA"
"SHANK1","ENSG00000161681","PAS48467_ATTAAA_0.3",0.00125798400862429,0,16.8722028977056,1,3.9982853516429e-05,0.00182468511713286,0.159440022180123,0.0292011083305336,-0.13023891384959,"chr19",50663000,50663001,"-",0.0943205652553284,2,"iAPA"
