"gene_name","ensembl_ID","feature_id","twostep_gene_padj","twostep_feature_padj","lr","df","pvalue","adj_pvalue","pA_usage_control","pA_usage_treatment","change_in_usage","chr","start","end","strand","mean_usage","sig_PAS_count","UTR_type","pA_type"
"ADARB1","ENSG00000197381","PAS50348_AATAAA_0.15",0.768872604564289,NA,1.52508618878142,1,0.21685142089066,0.443442459134516,0.625065702974128,0.68593359686572,0.0608678938915924,"chr21",45226558,45226559,"+",0.655499649919924,0,"MIXED","distal pA"
"ADGRL2","ENSG00000117114","PAS1054_AATAAA_0.3",0.731982994134024,NA,0.308359704464692,1,0.578688484713603,0.771416559703119,0.617752897990727,0.650129811282227,0.0323769132914997,"chr1",81992421,81992422,"+",0.633941354636477,0,"MIXED","distal pA"
"AFTPH","ENSG00000119844","PAS5733_AATAAA_0.2",0.61292850361811,NA,0.0155443808089331,1,0.900779182568695,0.952834187508841,0.251427077586205,0.255096277696739,0.00366920011053407,"chr2",64593001,64593002,"+",0.253261677641472,0,"MIXED","distal pA"
"AHR","ENSG00000106546","PAS20114_AATAAA_0.4",0.783739007149766,NA,0.129655647487425,1,0.718789342832833,0.858769986292695,0.356654310738666,0.332064646452438,-0.0245896642862283,"chr7",17346144,17346145,"+",0.344359478595552,0,"MIXED","distal pA"
"ALDH16A1","ENSG00000161618","PAS47107_AATAAA_0.25",0.860737908442528,NA,0.0931104107239662,1,0.760259538480522,0.882049526760815,0.33241384086876,0.339061256470331,0.00664741560157056,"chr19",49471046,49471047,"+",0.335737548669546,0,"MIXED","distal pA"
"ARFGEF2","ENSG00000124198","PAS49180_AATAAA_0.2",0.634917066907843,NA,0.562829223545805,1,0.453122546256411,0.680796377198053,0.72022325910031,0.7626272947684,0.0424040356680909,"chr20",49036691,49036692,"+",0.741425276934355,0,"MIXED","distal pA"
"ARHGEF40","ENSG00000165801","PAS36370_AATAAA_0.3",0.945671159925896,NA,0.0738355116109233,1,0.785832011193145,0.895334632250893,0.145379503399747,0.158739780577054,0.0133602771773074,"chr14",21090244,21090245,"+",0.152059641988401,0,"MIXED","distal pA"
"ARL6IP5","ENSG00000144746","PAS9794_AATAAA_0.15",0.156963730377036,NA,4.23753344165561,1,0.0395395714349552,0.138802534864101,0.343682398157948,0.404130457816732,0.0604480596587832,"chr3",69106065,69106066,"+",0.37390642798734,0,"MIXED","distal pA"
"ATP2A2","ENSG00000174437","PAS33247_AATAAA_0.2",0.000265856297821576,3.77189157451814e-05,19.3933028192114,1,1.06379459796832e-05,0.000164383128886054,0.0902652676805318,0.147795981327824,0.057530713647292,"chr12",110351089,110351090,"+",0.119030624504178,0,"MIXED","distal pA"
"BIVM","ENSG00000134897","PAS35719_AATAAA_0.35",0.599324943753231,NA,0.674491043564558,1,0.411490192984101,0.646500664708922,0.881424685089369,0.912543453488255,0.0311187683988863,"chr13",102841530,102841531,"+",0.896984069288812,0,"MIXED","distal pA"
"BTN2A2","ENSG00000124508","PAS17467_AATAAA_0.35",0.638905803721844,NA,0.551953682283397,1,0.457520517644668,0.684781222867442,0.122567926721401,0.162106786354348,0.0395388596329467,"chr6",26394869,26394870,"+",0.142337356537874,0,"MIXED","distal pA"
"C5orf24","ENSG00000181904","PAS15417_AATAAA_0.2",0.142544922569932,NA,1.17602057480053,1,0.278167618907951,0.512885167416395,0.618306950144115,0.667989764057919,0.049682813913804,"chr5",134859733,134859734,"+",0.643148357101017,0,"MIXED","distal pA"
"CAPN1","ENSG00000014216","PAS30005_AATAAA_0.1",0.657535559724072,NA,0.498420414895008,1,0.480195001592344,0.703439924768714,0.83463009869884,0.84989324020914,0.0152631415102999,"chr11",65212004,65212005,"+",0.84226166945399,0,"MIXED","distal pA"
"CCAR1","ENSG00000060339","PAS27299_APA_0.3",0.795500319776945,NA,0.0542276081614546,1,0.815863736381076,0.912662868110353,0.416273185360153,0.412291293688474,-0.00398189167167873,"chr10",68771444,68771445,"+",0.414282239524314,0,"MIXED","distal pA"
"CCAR2","ENSG00000158941","PAS22652_AATAAA_0.25",0.320331119950549,NA,1.95117284120261,1,0.162460521964336,0.366242420427041,0.841830242356289,0.88774341447557,0.0459131721192807,"chr8",22620467,22620468,"+",0.86478682841593,0,"MIXED","distal pA"
"CCDC91","ENSG00000123106","PAS32404_AATAAA_0.1",0.345014349997968,NA,3.22974477894604,1,0.0723119574236412,0.213433981220695,0.355421562708683,0.405236626258114,0.0498150635494304,"chr12",28550164,28550165,"+",0.380329094483399,0,"MIXED","distal pA"
"CDC42SE2","ENSG00000158985","PAS15351_AATAAA_0.1",0.346969986262129,NA,1.77240419034251,1,0.183084821218333,0.395691540275402,0.88500332947089,0.926855247832034,0.0418519183611438,"chr5",131394664,131394665,"+",0.905929288651462,0,"MIXED","distal pA"
"CDIN1","ENSG00000186073","PAS38275_AATAAA_0.15",0.396679993678339,NA,1.49075143912853,1,0.22209990642398,0.450322646583704,0.85058448326217,0.914493473186571,0.0639089899244007,"chr15",36810245,36810246,"+",0.88253897822437,0,"MIXED","distal pA"
"CDV3","ENSG00000091527","PAS10174_AATAAA_0.2",0.688623077754115,NA,2.18761989985069,1,0.139124151632507,0.332446309227444,0.573169565703669,0.600596474411123,0.0274269087074531,"chr3",133590259,133590260,"+",0.586883020057396,0,"MIXED","distal pA"
"CEP97","ENSG00000182504","PAS9913_AATAAA_0.15",0.746784546608933,NA,0.281490482757363,1,0.59572596162995,0.783072048259878,0.854621397179209,0.874733329456413,0.0201119322772039,"chr3",101770560,101770561,"+",0.864677363317811,0,"MIXED","distal pA"
"CIRBP","ENSG00000099622","PAS46026_AATAAA_0.2",0.592244284091423,NA,1.20618422996267,1,0.272089144196593,0.506192354118871,0.160771827646599,0.141324975264641,-0.0194468523819579,"chr19",1274806,1274807,"+",0.15104840145562,0,"MIXED","distal pA"
"CRELD1","ENSG00000163703","PAS9157_AATAAA_0.3",0.992556149755305,NA,0.000365202662692354,1,0.984753133575175,0.992960300348876,0.112038032599132,0.110914361431703,-0.00112367116742884,"chr3",9945396,9945397,"+",0.111476197015417,0,"MIXED","distal pA"
"CSPP1","ENSG00000104218","PAS22986_AATAAA_0.4",0.788979034504119,NA,0.0611699261808099,1,0.804656289189793,0.906586530566022,0.384969502276954,0.374494765408643,-0.0104747368683109,"chr8",67196258,67196259,"+",0.379732133842798,0,"MIXED","distal pA"
"CTNNB1","ENSG00000168036","PAS9464_ATTAAA_0.1",0.913971540529363,NA,0.00193766302254517,1,0.964889343288324,0.982551898663701,0.833704869583694,0.834155005612091,0.000450136028397052,"chr3",41240441,41240442,"+",0.833929937597893,0,"MIXED","distal pA"
"CTTN","ENSG00000085733","PAS30218_AATAAA_0.1",0.0463708356415896,0,6.17854880991945,1,0.0129308288406599,0.060903885346187,0.890501070172985,0.920342539678777,0.0298414695057925,"chr11",70436573,70436574,"+",0.905421804925881,0,"MIXED","distal pA"
"DARS2","ENSG00000117593","PAS1863_AATAAA_0.45",0.881019411231756,NA,0.0684266472419495,1,0.793641505485425,0.900142923407559,0.580788701895297,0.597629296040081,0.0168405941447841,"chr1",173858419,173858420,"+",0.589208998967689,0,"MIXED","distal pA"
"DAZAP1","ENSG00000071626","PAS46037_AATAAA_0.2",0.00499611448145981,0,11.0410505216896,1,0.00089116349080951,0.00708576875384817,0.438718035170955,0.49869217795267,0.0599741427817154,"chr19",1435680,1435681,"+",0.468705106561813,0,"MIXED","distal pA"
"DBF4B","ENSG00000161692","PAS42891_AATAAA_0.25",0.793207912613906,NA,0.191527179166314,1,0.66164858754832,0.826614952414389,0.0716283162833656,0.0851264328627492,0.0134981165793836,"chr17",44752262,44752263,"+",0.0783773745730574,0,"MIXED","distal pA"
"DCAF11","ENSG00000100897","PAS36417_AATAAA_0.05",0.603048755951581,NA,0.659142595057347,1,0.4168628027226,0.650134280359908,0.0706354843208348,0.0914067487487189,0.0207712644278841,"chr14",24125240,24125241,"+",0.0810211165347768,0,"MIXED","distal pA"
"DCAF7","ENSG00000136485","PAS43228_AATAAA_0.3",0.619641376572391,NA,0.611469515253702,1,0.434235047608849,0.666024439374915,0.760926739895536,0.783954174979348,0.0230274350838122,"chr17",63594264,63594265,"+",0.772440457437442,0,"MIXED","distal pA"
"DMRT2","ENSG00000173253","PAS24764_AATAAA_0.4",0.637298241577208,NA,0.556252349326769,1,0.455774181359845,0.683571904553226,0.489261073736972,0.563945850328274,0.0746847765913018,"chr9",1057549,1057550,"+",0.526603462032623,0,"MIXED","distal pA"
"DNM1","ENSG00000106976","PAS25543_AATAAA_0.15",0.544661849777466,NA,0.864093046326161,1,0.352595810857186,0.591589179997786,0.790324269468562,0.836741749639081,0.0464174801705182,"chr9",128255235,128255236,"+",0.813533009553822,0,"MIXED","distal pA"
"EPHB2","ENSG00000133216","PAS338_AATAAA_0.2",0.945551301842932,NA,0.0146857945944703,1,0.90354453628754,0.954448891811834,0.199495349336404,0.205213928990321,0.00571857965391687,"chr1",22915322,22915323,"+",0.202354639163362,0,"MIXED","distal pA"
"EPS8L2","ENSG00000177106","PAS29371_ATTAAA_0.15",0.592037659981355,NA,0.699510249364721,1,0.402948306494594,0.638949586135698,0.820351404328873,0.84228908821197,0.0219376838830968,"chr11",727722,727723,"+",0.831320246270421,0,"MIXED","distal pA"
"FAM200B","ENSG00000237765","PAS12606_AATAAA_0.25",0.985993412133804,NA,0.00106035494172829,1,0.974023002759748,0.987572207976184,0.239598434715623,0.242373875234231,0.0027754405186079,"chr4",15690444,15690445,"+",0.240986154974927,0,"MIXED","distal pA"
"FLYWCH1","ENSG00000059122","PAS40141_AATAAA_0.15",0.323860338116722,NA,1.92545010548793,1,0.165257086988211,0.370441502652965,0.939366220402783,0.895973772953814,-0.0433924474489686,"chr16",2949810,2949811,"+",0.917669996678299,0,"MIXED","distal pA"
"GCC2","ENSG00000135968","PAS6123_APA_0.25",0.56551363119323,NA,1.79985825660697,1,0.179729631908487,0.391877150680066,0.272183602286867,0.209098022986918,-0.0630855792999487,"chr2",108472896,108472897,"+",0.240640812636892,0,"MIXED","distal pA"
"GULP1","ENSG00000144366","PAS6695_AATAAA_0.45",0.929606691299134,NA,0.0252542510769445,1,0.873735163732436,0.939840937968288,0.423856868653953,0.435683839003034,0.011826970349081,"chr2",188595922,188595923,"+",0.429770353828493,0,"MIXED","distal pA"
"HNRNPA1","ENSG00000135486","PAS32671_AATAAA_0.05",0.0401427362920454,0.37874066490341,3.73109039737028,1,0.053408517370578,0.171287945227485,0.172911146629403,0.190733509011617,0.0178223623822138,"chr12",54287085,54287086,"+",0.18182232782051,0,"MIXED","distal pA"
"IFNAR2","ENSG00000159110","PAS50182_None_0.2",0.8995345632125,NA,0.150021988127776,1,0.698514346549693,0.849352345655364,0.314469018039826,0.279604409104125,-0.0348646089357008,"chr21",33265660,33265661,"+",0.297036713571976,0,"MIXED","distal pA"
"LSM8","ENSG00000128534","PAS20912_ATTAAA_0.45",0.731982994134024,NA,0.309585719774987,1,0.577934515540761,0.771217918592338,0.803094881898178,0.788385558692402,-0.0147093232057753,"chr7",118192154,118192155,"+",0.79574022029529,0,"MIXED","distal pA"
"MAPK8","ENSG00000107643","PAS27206_AATAAA_0.35",0.120373475470112,NA,1.18756316188819,1,0.275821647034523,0.5106065811873,0.283306415192405,0.327101900665034,0.0437954854726288,"chr10",48439356,48439357,"+",0.305204157928719,0,"MIXED","distal pA"
"MDM4","ENSG00000198625","PAS2117_ATTAAA_0.1",0.604717358380369,NA,0.0517817830259446,1,0.819991344188863,0.914368946964154,0.387094339609504,0.381378998926036,-0.00571534068346874,"chr1",204558115,204558116,"+",0.38423666926777,0,"MIXED","distal pA"
"MED17","ENSG00000042429","PAS30400_AATAAA_0.2",0.619011757518999,NA,0.613261091689992,1,0.433562586980995,0.665517084261761,0.084309057282401,0.115707159243621,0.03139810196122,"chr11",93813287,93813288,"+",0.100008108263011,0,"MIXED","distal pA"
"MSTO1","ENSG00000125459","PAS1646_None_0.25",0.869421592811701,NA,0.0833168207407198,1,0.772851882578537,0.88922142747341,0.914230242548543,0.925719982540805,0.0114897399922614,"chr1",155614946,155614947,"+",0.919975112544674,0,"MIXED","distal pA"
"NAT10","ENSG00000135372","PAS29703_AATAAA_0.15",0.850457172236913,NA,0.104840946167315,1,0.746095879341947,0.874310098803075,0.803982442478183,0.797033586176523,-0.00694885630165998,"chr11",34146906,34146907,"+",0.800508014327353,0,"MIXED","distal pA"
"NCAPH2","ENSG00000025770","PAS51222_AATAAA_0.35",0.00356828740342311,0.000785204554330995,13.6396992105974,1,0.000221452909420957,0.00221858978933975,0.118030891261627,0.0471760286734312,-0.0708548625881961,"chr22",50524772,50524773,"+",0.0826034599675292,0,"MIXED","distal pA"
"NCLN","ENSG00000125912","PAS46090_AATAAA_0.1",0.00855087421630913,0,9.88698088327146,1,0.00166452246237403,0.0117922410791937,0.784256074874698,0.846776738776546,0.0625206639018484,"chr19",3209570,3209571,"+",0.815516406825622,0,"MIXED","distal pA"
"NDUFB4","ENSG00000065518","PAS10035_AATAAA_0.2",0.746943790308769,NA,0.28063127013229,1,0.596287758192573,0.78334135893774,0.695281260744041,0.706498826527735,0.0112175657836938,"chr3",120602325,120602326,"+",0.700890043635888,0,"MIXED","distal pA"
"NFYC","ENSG00000066136","PAS705_AATAAA_0.2",0.0782292082952773,NA,5.04527453149421,1,0.024693194250844,0.0982717184311684,0.406302516133746,0.480071922669908,0.0737694065361623,"chr1",40771600,40771601,"+",0.443187219401827,0,"MIXED","distal pA"
"NMT1","ENSG00000136448","PAS42908_AATAAA_0.25",0.0323122197790283,0.00704828388493427,9.56072809793477,1,0.00198784248529151,0.0136123609400132,0.257159856099908,0.314613987540734,0.0574541314408263,"chr17",45109011,45109012,"+",0.285886921820321,0,"MIXED","distal pA"
"NOP56","ENSG00000101361","PAS48714_AATAAA_0.15",0.971363521695628,NA,0.00365843893087003,1,0.951769337843718,0.97594794090309,0.905352691330403,0.904856503581312,-0.000496187749090993,"chr20",2658391,2658392,"+",0.905104597455858,0,"MIXED","distal pA"
"PANX1","ENSG00000110218","PAS30402_AATAAA_0.45",0.880324636025571,NA,0.0695253724043141,1,0.792029094456658,0.899631001945054,0.756021234174295,0.735759137137948,-0.020262097036347,"chr11",94181963,94181964,"+",0.745890185656122,0,"MIXED","distal pA"
"PMPCA","ENSG00000165688","PAS25712_AATAAA_0.1",0.365288837988751,NA,1.0264083447455,1,0.311003739582925,0.54958244289472,0.862779044561374,0.878662622296597,0.015883577735223,"chr9",136423759,136423760,"+",0.870720833428985,0,"MIXED","distal pA"
"POMK","ENSG00000185900","PAS22868_AATAAA_0.35",0.754487064014527,NA,1.02471437175518,1,0.311403351083768,0.549970961080522,0.32610984896075,0.299305644970667,-0.0268042039900827,"chr8",43131170,43131171,"+",0.312707746965708,0,"MIXED","distal pA"
"POU2F1","ENSG00000143190","PAS1798_ATTAAA_0.15",0.932896691624211,NA,0.181501537776967,1,0.670086005714906,0.832262378454707,0.452342807347689,0.469676231162563,0.0173334238148744,"chr1",167427335,167427336,"+",0.461009519255126,0,"MIXED","distal pA"
"PPP6R3","ENSG00000110075","PAS30173_AATAAA_0.2",0.0364876335652262,0.0294928425282758,6.96371192205697,1,0.00831792906568855,0.0433404900704712,0.698441653218635,0.763854561578255,0.0654129083596198,"chr11",68615330,68615331,"+",0.731148107398445,0,"MIXED","distal pA"
"PRRC1","ENSG00000164244","PAS15322_AATAAA_0.3",0.50117166483949,NA,1.02539316310094,1,0.311243142620714,0.549814964874329,0.688826823409319,0.736267197101263,0.0474403736919436,"chr5",127555079,127555080,"+",0.712547010255291,0,"MIXED","distal pA"
"PSENEN","ENSG00000205155","PAS46693_AATAAA_0.2",0.737624218996388,NA,0.298699665128879,1,0.58469876455373,0.775980020833084,0.081355067347104,0.0707477079925715,-0.0106073593545325,"chr19",35747516,35747517,"+",0.0760513876698377,0,"MIXED","distal pA"
"PSMD11","ENSG00000108671","PAS42628_AATAAA_0.2",6.18506698383145e-17,1,0.164680189438513,1,0.684883628893644,0.841081300057395,0.187313494970261,0.191889976205339,0.00457648123507792,"chr17",32482375,32482376,"+",0.1896017355878,0,"MIXED","distal pA"
"PSMG4","ENSG00000180822","PAS17279_ATTAAA_0.15",0.78211709915581,NA,0.210645587628051,1,0.646261869007341,0.816864750233356,0.19670566799944,0.226878401507455,0.0301727335080147,"chr6",3268048,3268049,"+",0.211792034753447,0,"MIXED","distal pA"
"RNMT","ENSG00000101654","PAS45231_AATAAA_0.15",0.30578894447008,NA,2.06029349962728,1,0.151181048937673,0.349519070069294,0.797005085125428,0.854976483019327,0.0579713978938997,"chr18",13764554,13764555,"+",0.825990784072377,0,"MIXED","distal pA"
"RPL37A","ENSG00000197756","PAS6946_AATAAA_0.2",3.51813851199981e-66,0.632017094438346,1.81216175481677,1,0.178249124505398,0.389717751419692,0.53850059317491,0.531257732086536,-0.00724286108837435,"chr2",216501462,216501463,"+",0.534879162630723,0,"MIXED","distal pA"
"SCP2","ENSG00000116171","PAS874_ATTAAA_0.05",0.775333326054277,NA,0.221301795136242,1,0.638049801006994,0.811176419497678,0.837856902629562,0.853843279566894,0.0159863769373327,"chr1",53051609,53051610,"+",0.845850091098228,0,"MIXED","distal pA"
"SEH1L","ENSG00000085415","PAS45220_AATAAA_0.15",0.225112103418851,NA,2.72197750780106,1,0.0989753252611087,0.264079699928475,0.332123880483496,0.293199492167024,-0.0389243883164717,"chr18",12987533,12987534,"+",0.31266168632526,0,"MIXED","distal pA"
"SF3B3","ENSG00000189091","PAS40834_AATAAA_0.1",0.000337729174566752,0.000687852774024331,13.8883564502139,1,0.000193996579898532,0.00197982633708322,0.0631942364851487,0.101765212669929,0.0385709761847808,"chr16",70577666,70577667,"+",0.082479724577539,0,"MIXED","distal pA"
"SLC25A27","ENSG00000153291","PAS17883_APA_0.35",0.807713911915831,NA,0.168711725270555,1,0.681259285128148,0.839663595221592,0.553089443485113,0.598291372616251,0.0452019291311383,"chr6",46678187,46678188,"+",0.575690408050682,0,"MIXED","distal pA"
"SLC48A1","ENSG00000211584","PAS32506_AATAAA_0.15",0.674238961706236,NA,0.456683423676282,1,0.49917807227964,0.718509586135777,0.280553907798808,0.333777703898916,0.0532237961001085,"chr12",47782749,47782750,"+",0.307165805848862,0,"MIXED","distal pA"
"SNX21","ENSG00000124104","PAS49144_AATAAA_0.45",0.700923674604621,NA,0.383619134557648,1,0.535672672863344,0.742379310271638,0.150852236269977,0.121886254497022,-0.0289659817729548,"chr20",45842462,45842463,"+",0.136369245383499,0,"MIXED","distal pA"
"SPINT2","ENSG00000167642","PAS46764_AATAAA_0.25",0.018865072470929,0,8.17254395061173,1,0.00425292164221353,0.0256146438120404,0.733563109075053,0.782800022397682,0.0492369133226291,"chr19",38292447,38292448,"+",0.758181565736367,0,"MIXED","distal pA"
"SRGAP1","ENSG00000196935","PAS32833_AATAAA_0.05",0.297684521275943,NA,1.11896653172153,1,0.290141095246152,0.525960241151277,0.762823955339904,0.710601293876544,-0.0522226614633593,"chr12",64147832,64147833,"+",0.736712624608224,0,"MIXED","distal pA"
"SRSF11","ENSG00000116754","PAS1007_AATAAA_0.25",2.73244439178353e-05,0.489619855230389,4.85177452289645,1,0.0276177056928609,0.107185475984431,0.286207798685716,0.245906008895251,-0.0403017897904651,"chr1",70251999,70252000,"+",0.266056903790483,0,"MIXED","distal pA"
"STAMBP","ENSG00000124356","PAS5837_AATAAA_0.35",0.00221071587144702,1,0.430192217230797,1,0.511894645256266,0.726232429113453,0.0682598842573061,0.0819208994045679,0.0136610151472618,"chr2",73867165,73867166,"+",0.075090391830937,0,"MIXED","distal pA"
"STARD3","ENSG00000131748","PAS42744_ATTAAA_0.35",0.0398422292551695,0,6.51802210152164,1,0.010678669962863,0.0524269233285871,0.0597406580304747,0.10155067050193,0.0418100124714554,"chr17",39664200,39664201,"+",0.0806456642662024,0,"MIXED","distal pA"
"TASOR2","ENSG00000108021","PAS26870_AATAAA_0.25",0.361402758177704,NA,0.743495363247348,1,0.388543484138834,0.625743575150636,0.858660990704638,0.873282829233457,0.0146218385288193,"chr10",5763737,5763738,"+",0.865971909969048,0,"MIXED","distal pA"
"TCEAL4","ENSG00000133142","PAS52231_AATAAA_0.35",0.289605688637246,NA,2.18463950729529,1,0.139393698098278,0.332830465663721,0.229280995619511,0.275913526096944,0.0466325304774333,"chrX",103587729,103587730,"+",0.252597260858228,0,"MIXED","distal pA"
"TCERG1","ENSG00000113649","PAS15618_AATAAA_0.25",0.940470933018441,NA,0.590774975362365,1,0.442119596935915,0.671586296686092,0.377820548585766,0.358206923669063,-0.0196136249167029,"chr5",146511506,146511507,"+",0.368013736127414,0,"MIXED","distal pA"
"TLCD5","ENSG00000181264","PAS30628_APA_0.25",0.959244901127357,NA,0.00806564399408671,1,0.928439051374087,0.965136394144038,0.264306158109619,0.269625829084541,0.00531967097492192,"chr11",120333678,120333679,"+",0.26696599359708,0,"MIXED","distal pA"
"TMEM104","ENSG00000109066","PAS43355_AATAAA_0.25",0.451653447343682,NA,1.21702124220224,1,0.269946027549455,0.503472937813338,0.690384903506044,0.756051661285425,0.0656667577793808,"chr17",74839749,74839750,"+",0.723218282395735,0,"MIXED","distal pA"
"TSPAN17","ENSG00000048140","PAS15845_AATAAA_0.15",0.211727192606316,NA,2.85041492501205,1,0.0913503576616718,0.25008549955409,0.749684883638854,0.804530474594516,0.0548455909556624,"chr5",176659049,176659050,"+",0.777107679116685,0,"MIXED","distal pA"
"TSPAN31","ENSG00000135452","PAS32788_ATTAAA_0.2",0.339556905773838,NA,1.82470049850917,1,0.176754780797795,0.387836293265275,0.864746861774075,0.923700722537588,0.0589538607635125,"chr12",57748234,57748235,"+",0.894223792155832,0,"MIXED","distal pA"
"TTC19","ENSG00000011295","PAS42338_AATAAA_0.3",0.107026982684015,NA,5.9544799877749,1,0.0146799323578807,0.067157178591764,0.850334295288988,0.909369124046176,0.059034828757188,"chr17",16028781,16028782,"+",0.879851709667582,0,"MIXED","distal pA"
"VEGFA","ENSG00000112715","PAS17855_ATTAAA_0.15",0.35255610177817,NA,0.0248845304922725,1,0.874655128212869,0.940293745600162,0.476752485127218,0.485612060246248,0.00885957511903007,"chr6",43786483,43786484,"+",0.481182272686733,0,"MIXED","distal pA"
"VEZT","ENSG00000028203","PAS33085_AATAAA_0.15",0.51449583981415,NA,0.00363314513833757,1,0.951936153594002,0.97605357089015,0.630833081436925,0.628650318334329,-0.00218276310259624,"chr12",95301169,95301170,"+",0.629741699885627,0,"MIXED","distal pA"
"VRK1","ENSG00000100749","PAS37102_AATAAA_0.35",0.489405296288175,NA,1.07011550664902,1,0.300919357047627,0.539535497952141,0.465587017648196,0.509202440128827,0.0436154224806318,"chr14",96881601,96881602,"+",0.487394728888511,0,"MIXED","distal pA"
"WDR48","ENSG00000114742","PAS9438_AATAAA_0.35",0.0811865590154262,NA,4.96676180449049,1,0.0258389795596351,0.102035288927026,0.882093539704511,0.939132396814179,0.0570388571096679,"chr3",39096662,39096663,"+",0.910612968259345,0,"MIXED","distal pA"
"WDTC1","ENSG00000142784","PAS458_APA_0.25",0.679808270368697,NA,0.441767016881158,1,0.506270822331363,0.72335210983704,0.115759341296705,0.146815350776258,0.0310560094795521,"chr1",27308561,27308562,"+",0.131287346036481,0,"MIXED","distal pA"
"YTHDC2","ENSG00000047188","PAS15245_ATTAAA_0.25",0.355088300698292,NA,0.790281963828647,1,0.374014879453406,0.61253394988526,0.619560254099598,0.670150495114761,0.0505902410151635,"chr5",113595281,113595282,"+",0.64485537460718,0,"MIXED","distal pA"
"ZNF197","ENSG00000186448","PAS9517_AATAAA_0.25",0.978538253325223,NA,0.00159964710474014,1,0.968096643295008,0.984282451801829,0.290909091903589,0.287671209348379,-0.00323788255521007,"chr3",44648469,44648470,"+",0.289290150625984,0,"MIXED","distal pA"
"ZNF302","ENSG00000089335","PAS46666_AATAAA_0.2",0.711729958849765,NA,1.18957971222699,1,0.275414349698992,0.510145141263493,0.519125455892939,0.466135154304947,-0.0529903015879913,"chr19",34686390,34686391,"+",0.492630305098943,0,"MIXED","distal pA"
"ZNF738","ENSG00000172687","PAS46545_ATTAAA_0.4",0.834961127213868,NA,0.126387409500239,1,0.722207502633803,0.860247025339186,0.824478089536031,0.849584052748755,0.0251059632127236,"chr19",21379301,21379302,"+",0.837031071142393,0,"MIXED","distal pA"
"AHI1","ENSG00000135541","PAS19658_AATAAA_0.3",0.338757587503051,NA,2.21103410422802,1,0.137026791295604,0.329182765898265,0.266990459441561,0.328025341725281,0.06103488228372,"chr6",135283986,135283987,"-",0.297507900583421,0,"MIXED","distal pA"
"AK2","ENSG00000004455","PAS3102_AATAAA_0.1",0.00986726417653742,0.0153664298555578,10.1479615406133,1,0.00144460895790638,0.0104986355525187,0.132158724303218,0.174967270368042,0.042808546064824,"chr1",33008882,33008883,"-",0.15356299733563,0,"MIXED","distal pA"
"ARFGEF1","ENSG00000066777","PAS24002_AATAAA_0.4",0.922332164795881,NA,0.272872544752317,1,0.601411321769389,0.786963510429229,0.621755504804776,0.642296533849881,0.0205410290451048,"chr8",67197673,67197674,"-",0.632026019327329,0,"MIXED","distal pA"
"ARFRP1","ENSG00000101246","PAS50086_None_0.1",0.962581313960223,NA,0.122751275860082,1,0.726069455878643,0.862877523860076,0.714150010859547,0.728408732263709,0.0142587214041615,"chr20",63699455,63699456,"-",0.721279371561628,0,"MIXED","distal pA"
"ATXN2","ENSG00000204842","PAS34893_AATAAA_0.2",0.226695919213664,NA,0.865232424997885,1,0.352278565192707,0.591500108694768,0.251522087541749,0.274295665819575,0.0227735782778259,"chr12",111452214,111452215,"-",0.262908876680662,0,"MIXED","distal pA"
"AZIN1","ENSG00000155096","PAS24341_APA_0.1",0.189397561973502,NA,6.4668016847063,1,0.0109908155369531,0.0535781065253466,0.463768275782408,0.412900623931676,-0.0508676518507317,"chr8",102826357,102826358,"-",0.438334449857042,0,"MIXED","distal pA"
"BET1L","ENSG00000177951","PAS30743_AATAAA_0.2",0.768872604564289,NA,0.233079267515109,1,0.629249938570951,0.805218476838946,0.926367088258557,0.906329529642835,-0.0200375586157222,"chr11",202925,202926,"-",0.916348308950696,0,"MIXED","distal pA"
"C22orf39","ENSG00000242259","PAS51269_AATAAA_0.25",0.565750656246967,NA,0.784533577018692,1,0.375758187077739,0.61368087391003,0.537825181213592,0.47141737047217,-0.0664078107414226,"chr22",19440888,19440889,"-",0.504621275842881,0,"MIXED","distal pA"
"CACUL1","ENSG00000151893","PAS29191_AATAAA_0.2",0.0090688762481404,1,0.749297746155207,1,0.386698659602976,0.623823272657,0.446421360507283,0.428849067256196,-0.0175722932510866,"chr10",118681503,118681504,"-",0.437635213881739,0,"MIXED","distal pA"
"CAMKK2","ENSG00000110931","PAS35083_AATAAA_0.1",0.00169482022687597,0.371457913059464,3.76354117714436,1,0.0523815323795098,0.169021869297984,0.372519790561075,0.405752766957422,0.0332329763963472,"chr12",121237693,121237694,"-",0.389136278759248,0,"MIXED","distal pA"
"CC2D1B","ENSG00000154222","PAS3390_AATAAA_0.35",0.427243912247327,NA,1.33175002777534,1,0.248494124530851,0.48032042862279,0.0728372693654714,0.109337996663014,0.0365007272975428,"chr1",52350598,52350599,"-",0.0910876330142428,0,"MIXED","distal pA"
"CCDC14","ENSG00000175455","PAS11725_ATTAAA_0.25",0.300884759165048,NA,2.12015662901103,1,0.145371676662595,0.341927415372751,0.523972463439421,0.582801228966383,0.0588287655269613,"chr3",123913726,123913727,"-",0.553386846202902,0,"MIXED","distal pA"
"CCDC82","ENSG00000149231","PAS31739_AATAAA_0.35",0.368837778145007,NA,0.208736810029222,1,0.647759285896034,0.817676504302132,0.622768685860525,0.599889988392533,-0.0228786974679926,"chr11",96352774,96352775,"-",0.611329337126529,0,"MIXED","distal pA"
"CCDC88A","ENSG00000115355","PAS7704_AATAAA_0.3",0.720376119109805,NA,0.24149212980592,1,0.623130491112269,0.801889556949477,0.11673816832879,0.106308701759737,-0.0104294665690532,"chr2",55287843,55287844,"-",0.111523435044264,0,"MIXED","distal pA"
"CELF1","ENSG00000149187","PAS31175_ATTAAA_0.25",0.165217048188493,NA,0.0169502928183647,1,0.896413503026936,0.951634616436689,0.29270051407451,0.290629496117392,-0.00207101795711789,"chr11",47465938,47465939,"-",0.291665005095951,0,"MIXED","distal pA"
"CLK4","ENSG00000113240","PAS17181_APA_0.05",0.651068744459757,NA,0.512605632595523,1,0.474013067968647,0.697456180993013,0.66897711110433,0.595502540491029,-0.0734745706133006,"chr5",178602664,178602665,"-",0.632239825797679,0,"MIXED","distal pA"
"COPA","ENSG00000122218","PAS4329_AATAAA_0.15",0.00343394142396856,0.429532887345374,2.40249280349599,1,0.121142073196024,0.30261780466244,0.862166690311826,0.888394907081967,0.0262282167701409,"chr1",160289277,160289278,"-",0.875280798696897,0,"MIXED","distal pA"
"CSNK2A1","ENSG00000101266","PAS49416_AATAAA_0.35",0.000516981863155158,0.00612047986750648,12.8074902082735,1,0.000345234389239253,0.00317964821588325,0.241869600826262,0.301477519060146,0.0596079182338843,"chr20",481114,481115,"-",0.271673559943204,0,"MIXED","distal pA"
"CTSS","ENSG00000163131","PAS4089_AATAAA_0.15",0.718865555845054,NA,0.344326710302738,1,0.55734234634158,0.758560784193393,0.21032443394539,0.272451819799459,0.0621273858540696,"chr1",150730188,150730189,"-",0.241388126872424,0,"MIXED","distal pA"
"CXorf38","ENSG00000185753","PAS52628_AATAAA_0.15",0.733651780173089,NA,0.305246635017511,1,0.580611794400644,0.77265139416383,0.727924618928674,0.760114643375561,0.0321900244468867,"chrX",40626922,40626923,"-",0.744019631152118,0,"MIXED","distal pA"
"DCTPP1","ENSG00000179958","PAS41508_AATAAA_0.2",0.126909459590034,NA,3.95203391952055,1,0.0468147520900856,0.155892920651748,0.803668143444258,0.847651433688889,0.0439832902446311,"chr16",30423699,30423700,"-",0.825659788566574,0,"MIXED","distal pA"
"DNAJC11","ENSG00000007923","PAS2662_AATAAA_0.1",0.418911776787373,NA,1.37389257828045,1,0.241144209200352,0.471742213855112,0.776815426483931,0.718102018449325,-0.0587134080346055,"chr1",6634170,6634171,"-",0.747458722466628,0,"MIXED","distal pA"
"DUOXA1","ENSG00000140254","PAS39363_APA_0.25",0.743511921083683,NA,0.288185611000813,1,0.591385586206421,0.780941211451856,0.666388026453338,0.716694095923394,0.0503060694700553,"chr15",45117373,45117374,"-",0.691541061188366,0,"MIXED","distal pA"
"EDEM3","ENSG00000116406","PAS4551_AATAAA_0.3",0.970297298042854,NA,0.0148870671996519,1,0.902889063355968,0.954448891811834,0.596378637464026,0.602710847031079,0.00633220956705327,"chr1",184690503,184690504,"-",0.599544742247552,0,"MIXED","distal pA"
"EEIG1","ENSG00000167106","PAS26558_ATTAAA_0.05",0.768872604564289,NA,0.232702037448689,1,0.629527506200322,0.805218476838946,0.171876583307267,0.153192172053725,-0.0186844112535423,"chr9",127940581,127940582,"-",0.162534377680496,0,"MIXED","distal pA"
"EPB41L3","ENSG00000082397","PAS45569_AATAAA_0.3",0.818372816523572,NA,0.15371720718565,1,0.69500807393183,0.847205396235254,0.658721474456805,0.630627394615103,-0.0280940798417023,"chr18",5392388,5392389,"-",0.644674434535954,0,"MIXED","distal pA"
"FAM219B","ENSG00000178761","PAS39755_AATAAA_0.1",0.531491665265504,NA,0.864069718333667,1,0.352602310316369,0.591589179997786,0.744577485609135,0.784948912528795,0.0403714269196602,"chr15",74899992,74899993,"-",0.764763199068965,0,"MIXED","distal pA"
"FAM222B","ENSG00000173065","PAS44032_None_0.1",0.846328868059259,NA,1.1838237959364,1,0.276578919309491,0.511188148797462,0.421193704899029,0.471358401478653,0.0501646965796236,"chr17",28756674,28756675,"-",0.446276053188841,0,"MIXED","distal pA"
"FAM76B","ENSG00000077458","PAS31726_AATAAA_0.2",0.544661849777466,NA,0.59277009111031,1,0.44134993639645,0.67132001612328,0.582981546499958,0.519456021443301,-0.0635255250566569,"chr11",95768952,95768953,"-",0.55121878397163,0,"MIXED","distal pA"
"GLUL","ENSG00000135821","PAS4530_APA_0.2",0.326227766435524,NA,1.90923307859703,1,0.167048474412266,0.372743872954561,0.875829761833315,0.900096879137112,0.0242671173037974,"chr1",182382897,182382898,"-",0.887963320485213,0,"MIXED","distal pA"
"GMFB","ENSG00000197045","PAS37624_AATAAA_0.3",0.12868225451294,NA,3.92105244164213,1,0.0476850192293003,0.157945592891746,0.787005977972721,0.836127782213645,0.0491218042409236,"chr14",54474490,54474491,"-",0.811566880093183,0,"MIXED","distal pA"
"HDDC3","ENSG00000184508","PAS39940_ATTAAA_0.35",0.948086452859423,NA,0.0121258365134054,1,0.912316287846796,0.956522141832657,0.146548984882456,0.152606989267951,0.00605800438549448,"chr15",90929969,90929970,"-",0.149577987075203,0,"MIXED","distal pA"
"HEXA","ENSG00000213614","PAS39728_ATTAAA_0.15",0.507324976249947,NA,2.12754287762164,1,0.144672503707032,0.340754420586632,0.14337796765428,0.178508103649775,0.0351301359954953,"chr15",72343437,72343438,"-",0.160943035652028,0,"MIXED","distal pA"
"HMGB2","ENSG00000164104","PAS14447_AATAAA_0.1",0.63756982230394,NA,0.555479221271526,1,0.456087489619741,0.683664153660184,0.762362670409301,0.752439121624985,-0.00992354878431678,"chr4",173331701,173331702,"-",0.757400896017143,0,"MIXED","distal pA"
"HNRNPH1","ENSG00000169045","PAS17189_AATAAA_0.05",0.497493036102099,NA,1.75427248784399,1,0.18534052142476,0.398205135326508,0.658057693981052,0.671184549727741,0.0131268557466894,"chr5",179614178,179614179,"-",0.664621121854397,0,"MIXED","distal pA"
"HNRNPU","ENSG00000153187","PAS5103_ATTAAA_0.3",2.88113863891403e-16,4.88704816782108e-08,36.0041210403579,1,1.96900654608299e-09,6.85005099855305e-08,0.505056503677221,0.56638617647262,0.0613296727953989,"chr1",244853660,244853661,"-",0.53572134007492,0,"MIXED","distal pA"
"IBTK","ENSG00000005700","PAS19309_AATAAA_0.25",0.575815573231558,NA,1.43973712127172,1,0.230181884667,0.459163185765519,0.849737857318524,0.889545929112058,0.0398080717935348,"chr6",82170238,82170239,"-",0.869641893215291,0,"MIXED","distal pA"
"ITGB1BP1","ENSG00000119185","PAS7318_ATTAAA_0.35",0.000232992011714018,0.49363345778353,2.18655390013009,1,0.139220493323334,0.332552457945588,0.756879261275236,0.722695371256187,-0.0341838900190491,"chr2",9406660,9406661,"-",0.739787316265711,0,"MIXED","distal pA"
"KDM5B","ENSG00000117139","PAS4657_ATTAAA_0.15",0.992926334148905,NA,0.0060647614300251,1,0.93792623071589,0.969231843418472,0.559321602044749,0.555555278759465,-0.0037663232852837,"chr1",202727404,202727405,"-",0.557438440402107,0,"MIXED","distal pA"
"LRP6","ENSG00000070018","PAS33854_AATAAA_0.2",0.935186863743135,NA,0.0105779154841912,1,0.918082820138303,0.959424657453836,0.232541693122476,0.226856495874757,-0.00568519724771877,"chr12",12116028,12116029,"-",0.229699094498617,0,"MIXED","distal pA"
"LRP8","ENSG00000157193","PAS3413_AATAAA_0.25",0.660628994901713,NA,0.158224833333406,1,0.690796155721923,0.84508593284558,0.46179275755361,0.475745382289063,0.0139526247354527,"chr1",53245545,53245546,"-",0.468769069921336,0,"MIXED","distal pA"
"MAX","ENSG00000125952","PAS37738_AATAAA_0",0.399986872345266,NA,2.8322612568918,1,0.0923881904035932,0.25162088958415,0.549894767147638,0.60716588854636,0.0572711213987221,"chr14",65075126,65075127,"-",0.578530327846999,0,"MIXED","distal pA"
"MED1","ENSG00000125686","PAS44216_AATAAA_0.25",0.852694780985903,NA,0.807337284088135,1,0.368908656278488,0.607588937178469,0.562252209717435,0.580740328220259,0.0184881185028238,"chr17",39404286,39404287,"-",0.571496268968847,0,"MIXED","distal pA"
"MKNK1","ENSG00000079277","PAS3338_AATAAA_0.1",0.658210521926553,NA,0.134743335176609,1,0.713563806694876,0.855817851610199,0.747237590866702,0.767693874845736,0.0204562839790341,"chr1",46557418,46557419,"-",0.757465732856219,0,"MIXED","distal pA"
"MRPS16","ENSG00000182180","PAS28722_AATAAA_0.25",0.106460542449269,NA,6.52325990609097,1,0.0106472666707933,0.052349432535062,0.456648581169849,0.522442739738637,0.0657941585687881,"chr10",73248849,73248850,"-",0.489545660454243,0,"MIXED","distal pA"
"N6AMT1","ENSG00000156239","PAS50431_AATAAA_0.1",0.943997696023418,NA,0.0155933349191173,1,0.900623875847519,0.952817707657997,0.333756477515413,0.346812776365239,0.013056298849826,"chr21",28872190,28872191,"-",0.340284626940326,0,"MIXED","distal pA"
"NAIF1","ENSG00000171169","PAS26561_ATTAAA_0.2",0.941601350001364,NA,0.0172444233356828,1,0.895523734442836,0.951512609227176,0.874801486168837,0.868236056861058,-0.0065654293077797,"chr9",128061237,128061238,"-",0.871518771514947,0,"MIXED","distal pA"
"NBN","ENSG00000104320","PAS24162_ATTAAA_0.15",0.401487427766095,NA,2.8438203698206,1,0.0917258918945385,0.250665004323446,0.504556583722205,0.54869689787364,0.0441403141514345,"chr8",89933485,89933486,"-",0.526626740797922,0,"MIXED","distal pA"
"NCBP2","ENSG00000114503","PAS12382_AATAAA_0.05",0.16732012854461,NA,3.36574339657091,1,0.0665655348898055,0.201487841856795,0.754284340072279,0.792485334701262,0.0382009946289837,"chr3",196935407,196935408,"-",0.77338483738677,0,"MIXED","distal pA"
"NOL10","ENSG00000115761","PAS7335_AATAAA_0.35",0.632643817618821,NA,0.567317856948648,1,0.451326701351532,0.678848041658502,0.0895916914181708,0.0757988583624481,-0.0137928330557228,"chr2",10570767,10570768,"-",0.0826952748903095,0,"MIXED","distal pA"
"NRBP2","ENSG00000185189","PAS24686_ATTAAA_0.3",0.566112210537228,NA,0.782010360567483,1,0.376527004430906,0.61428069892119,0.308175917416821,0.356334698053143,0.0481587806363218,"chr8",143833746,143833747,"-",0.332255307734982,0,"MIXED","distal pA"
"NSMF","ENSG00000165802","PAS26764_APA_0.25",0.102021904300657,NA,4.47118981320455,1,0.0344709796189557,0.125946273276996,0.092501991533821,0.121062287112523,0.0285602955787025,"chr9",137447572,137447573,"-",0.106782139323172,0,"MIXED","distal pA"
"OSGEP","ENSG00000092094","PAS37291_APA_0.25",0.933374902802737,NA,0.0225144723401627,1,0.88072656125503,0.943776613482729,0.102060326637457,0.107050478057918,0.00499015142046037,"chr14",20446404,20446405,"-",0.104555402347688,0,"MIXED","distal pA"
"OSGEPL1","ENSG00000128694","PAS8668_AATAAA_0.4",0.779007452599605,NA,0.215450652612844,1,0.642528373305913,0.814091043126581,0.686134377870437,0.729123951165672,0.0429895732952348,"chr2",189746667,189746668,"-",0.707629164518054,0,"MIXED","distal pA"
"PDHB","ENSG00000168291","PAS11386_ATTAAA_0.15",0.053068568547052,NA,5.8891255181461,1,0.0152346637760215,0.0689322349735512,0.606933298512348,0.676285304002625,0.0693520054902765,"chr3",58427678,58427679,"-",0.641609301257486,0,"MIXED","distal pA"
"PRRT3","ENSG00000163704","PAS10824_AATAAA_0.05",0.791664333329665,NA,0.193803629652137,1,0.659769565804439,0.825242251275483,0.701619505581159,0.644261401221271,-0.0573581043598879,"chr3",9945541,9945542,"-",0.672940453401215,0,"MIXED","distal pA"
"RAB13","ENSG00000143545","PAS4181_ATTAAA_0.1",0.63077258658462,NA,0.576491930762131,1,0.447690666608434,0.675754496080496,0.257086804000186,0.267256616352218,0.0101698123520323,"chr1",153981646,153981647,"-",0.262171710176202,0,"MIXED","distal pA"
"RAB3GAP2","ENSG00000118873","PAS4851_AATAAA_0.25",0.060499010509721,NA,1.05475289925926,1,0.304414985256049,0.542387659497674,0.252355864969778,0.28170384467066,0.0293479797008822,"chr1",220148293,220148294,"-",0.267029854820219,0,"MIXED","distal pA"
"RPL24","ENSG00000114391","PAS11562_AATAAA_0.1",0.421790052610251,NA,1.35779384258785,1,0.243920194117002,0.474442610248175,0.510581111617772,0.520031260861479,0.00945014924370746,"chr3",101681091,101681092,"-",0.515306186239625,0,"MIXED","distal pA"
"RPL8","ENSG00000161016","PAS24744_AATAAA_0.1",0.285205525143893,NA,1.01445715111913,1,0.313837406325472,0.552293183247103,0.731768359569863,0.737470191396647,0.00570183182678496,"chr8",144789769,144789770,"-",0.734619275483255,0,"MIXED","distal pA"
"RSL24D1","ENSG00000137876","PAS39459_AATAAA_0.25",0.123838695238571,NA,3.83034751471132,1,0.0503324960800958,0.164211244408894,0.692219735702051,0.719623734647841,0.0274039989457899,"chr15",55181315,55181316,"-",0.705921735174946,0,"MIXED","distal pA"
"RTL10","ENSG00000215012","PAS51277_AATAAA_0.2",0.812812541570838,NA,0.0711592193379147,1,0.789656376013967,0.897925861220559,0.241513994523246,0.22655380300517,-0.0149601915180762,"chr22",19846147,19846148,"-",0.234033898764208,0,"MIXED","distal pA"
"SAMHD1","ENSG00000101347","PAS49762_AATAAA_0.3",0.782152880139142,NA,0.785295458154906,1,0.375526477435872,0.61362999912561,0.786346957634275,0.816604740241776,0.0302577826075012,"chr20",36890229,36890230,"-",0.801475848938025,0,"MIXED","distal pA"
"SF1","ENSG00000168066","PAS31343_AATAAA_0.05",0.180516670545583,NA,3.20079419546528,1,0.0736025199478909,0.215834615621936,0.88804935766487,0.909549950988528,0.0215005933236586,"chr11",64764611,64764612,"-",0.898799654326699,0,"MIXED","distal pA"
"SHOX2","ENSG00000168779","PAS12036_ATTAAA_0.15",0.601239898530589,NA,0.664925757822402,1,0.414826332680612,0.64867762826822,0.607726998679066,0.657422832515352,0.0496958338362857,"chr3",158095958,158095959,"-",0.632574915597209,0,"MIXED","distal pA"
"SLC35F2","ENSG00000110660","PAS31799_ATTAAA_0.35",0.731323456032914,NA,0.311154812941822,1,0.576972409092833,0.770468605027616,0.783919270001307,0.800725201828543,0.016805931827236,"chr11",107790997,107790998,"-",0.792322235914925,0,"MIXED","distal pA"
"SLC66A2","ENSG00000122490","PAS45970_AATAAA_0.15",0.438798753179037,NA,1.27989127310411,1,0.257919252195448,0.491179972623673,0.500074719599956,0.547567077000256,0.0474923574002993,"chr18",79902420,79902421,"-",0.523820898300106,0,"MIXED","distal pA"
"SMARCA1","ENSG00000102038","PAS53053_AATAAA_0.3",0.888814850223812,NA,0.102107994798189,1,0.749314474269352,0.875707626231669,0.24902741253517,0.261389561519532,0.0123621489843616,"chrX",129446508,129446509,"-",0.255208487027351,0,"MIXED","distal pA"
"SMCO4","ENSG00000166002","PAS31703_AATAAA_0.3",0.662200341433457,NA,0.48654751768936,1,0.485471433125596,0.707645734536005,0.76781147545688,0.803939108161299,0.0361276327044194,"chr11",93478474,93478475,"-",0.78587529180909,0,"MIXED","distal pA"
"SMUG1","ENSG00000123415","PAS34306_AATAAA_0.3",0.785737467254348,NA,0.00164147033774498,1,0.96768249828689,0.984150395255511,0.106054674832376,0.104867267513753,-0.00118740731862277,"chr12",54180366,54180367,"-",0.105460971173065,0,"MIXED","distal pA"
"SNRPB","ENSG00000125835","PAS49436_AATAAA_0.3",0.0683088738389744,NA,5.35021101242455,1,0.0207197630023337,0.086438760406245,0.845054539807251,0.865976195077588,0.0209216552703371,"chr20",2461642,2461643,"-",0.85551536744242,0,"MIXED","distal pA"
"SREBF1","ENSG00000072310","PAS43907_AATAAA_0.35",0.203213296806435,NA,2.93997656648935,1,0.0864119865889841,0.240954079111182,0.120327323815834,0.169404365617156,0.0490770418013217,"chr17",17811349,17811350,"-",0.144865844716495,0,"MIXED","distal pA"
"SRSF2","ENSG00000161547","PAS44941_ATTAAA_0.2",0.0328407703547648,0,6.95458424530807,1,0.00836047254268667,0.0434881023318669,0.751454863949223,0.782539513782047,0.0310846498328244,"chr17",76734118,76734119,"-",0.766997188865635,0,"MIXED","distal pA"
"SUCLG1","ENSG00000163541","PAS7955_AATAAA_0.2",0.578420455822883,NA,0.742971543939348,1,0.388710646255273,0.62574928616365,0.604481730461559,0.621021635708835,0.0165399052472761,"chr2",84423529,84423530,"-",0.612751683085197,0,"MIXED","distal pA"
"TBCA","ENSG00000171530","PAS16377_AATAAA_0.45",0.717292608441244,NA,0.34763851824755,1,0.555452961262121,0.757471866766619,0.782205019567197,0.77326787133699,-0.00893714823020786,"chr5",77691224,77691225,"-",0.777736445452093,0,"MIXED","distal pA"
"THOC2","ENSG00000125676","PAS53037_AATAAA_0.3",0.0227550293498642,0.936244108458051,1.24739336032144,1,0.264050915908042,0.496843446990034,0.62750796705656,0.590180089898106,-0.0373278771584545,"chrX",123600571,123600572,"-",0.608844028477333,0,"MIXED","distal pA"
"THUMPD1","ENSG00000066654","PAS41386_AATAAA_0.4",0.549110422907945,NA,2.0500274412334,1,0.15220344644176,0.351086900432154,0.418332906711538,0.457374404369024,0.0390414976574862,"chr16",20733668,20733669,"-",0.437853655540281,0,"MIXED","distal pA"
"TLE5","ENSG00000104964","PAS47519_AATAAA_0",0.719021406262027,NA,0.343118152268289,1,0.558034871369404,0.758760773460949,0.195334713060937,0.188080844462595,-0.00725386859834201,"chr19",3052909,3052910,"-",0.191707778761766,0,"MIXED","distal pA"
"TM4SF1","ENSG00000169908","PAS11962_AATAAA_0.1",0.601821841917783,NA,0.662184258293564,1,0.415789875467665,0.649252528171408,0.816964962753059,0.836455370839631,0.0194904080865712,"chr3",149369022,149369023,"-",0.826710166796345,0,"MIXED","distal pA"
"TPP1","ENSG00000166340","PAS30877_ATTAAA_0.3",0.310501256493201,NA,2.02329530407224,1,0.15490266269954,0.354958198618569,0.839238102371044,0.898695147539224,0.0594570451681791,"chr11",6612771,6612772,"-",0.868966624955134,0,"MIXED","distal pA"
"TRIM14","ENSG00000106785","PAS26277_AATAAA_0.2",0.308799381816579,NA,2.03563604816827,1,0.153649897863161,0.353019725241201,0.908899571919083,0.941039056614576,0.0321394846954929,"chr9",98084354,98084355,"-",0.924969314266829,0,"MIXED","distal pA"
"TRMT2A","ENSG00000099899","PAS51290_AATAAA_0.1",0.575815573231558,NA,0.751449269711884,1,0.386017770982022,0.623382959012555,0.189297008677231,0.162175548702987,-0.0271214599742436,"chr22",20111874,20111875,"-",0.175736278690109,0,"MIXED","distal pA"
"USP40","ENSG00000085982","PAS9000_AATAAA_0.1",0.339181583325778,NA,3.46517449058592,1,0.0626738946847027,0.193085855649312,0.418545384093455,0.482222135600463,0.0636767515070083,"chr2",233475526,233475527,"-",0.450383759846959,0,"MIXED","distal pA"
"VPS26C","ENSG00000157538","PAS50525_AATAAA_0.25",0.455913191326124,NA,0.138106700700291,1,0.710170509807827,0.855039470670789,0.596674515601414,0.616718261321149,0.0200437457197344,"chr21",37223424,37223425,"-",0.606696388461281,0,"MIXED","distal pA"
"ZBTB21","ENSG00000173276","PAS50580_AATAAA_0.25",0.962581313960223,NA,0.00658318475558417,1,0.935333138217264,0.968348936945577,0.445899031816142,0.437487510953351,-0.00841152086279168,"chr21",41986831,41986832,"-",0.441693271384747,0,"MIXED","distal pA"
"ZBTB44","ENSG00000196323","PAS32005_ATTAAA_0.3",0.600772977093154,NA,1.68191583288353,1,0.194670077793408,0.411881975902887,0.658784536166613,0.707437878242108,0.0486533420754941,"chr11",130226683,130226684,"-",0.683111207204361,0,"MIXED","distal pA"
"ZNF281","ENSG00000162702","PAS4616_AATAAA_0.45",0.945551301842932,NA,0.01440797044188,1,0.904456843864696,0.954448891811834,0.761010250377556,0.766686624605627,0.0056763742280711,"chr1",200404949,200404950,"-",0.763848437491591,0,"MIXED","distal pA"
"ZNF585B","ENSG00000245680","PAS48104_AATAAA_0.1",0.914464534964554,NA,0.037881269452896,1,0.845681745566998,0.928332025089661,0.757062789120728,0.775258392690332,0.0181956035696038,"chr19",37181579,37181580,"-",0.76616059090553,0,"MIXED","distal pA"
"ZSWIM7","ENSG00000214941","PAS43874_APA_0.3",0.921159928301417,NA,0.288595174075454,1,0.591122185265681,0.780886936676817,0.0913042367614862,0.118211306442593,0.0269070696811064,"chr17",15976569,15976570,"-",0.104757771602039,0,"MIXED","distal pA"
"ZWINT","ENSG00000122952","PAS28586_AATAAA_0.2",0.531493198674606,NA,0.495496041607112,1,0.481485835864152,0.704790959434484,0.625406481990809,0.636063492537977,0.0106570105471683,"chr10",56357445,56357446,"-",0.630734987264393,0,"MIXED","distal pA"
"ADARB1","ENSG00000197381","PAS50345_AATAAA_0.25",0.768872604564289,NA,0.711487871629743,1,0.398950316664129,0.635842560973332,0.249131214498629,0.214226478431799,-0.0349047360668304,"chr21",45222580,45222581,"+",0.231678846465214,0,"MIXED","proximal pA"
"ADGRL2","ENSG00000117114","PAS1053_AATAAA_0.45",0.731982994134024,NA,0.308359704464237,1,0.578688484713883,0.771416559703119,0.382247102009273,0.349870188717773,-0.0323769132914997,"chr1",81991812,81991813,"+",0.366058645363523,0,"MIXED","proximal pA"
"AFTPH","ENSG00000119844","PAS5731_ATTAAA_0.25",0.61292850361811,NA,0.396977181625516,1,0.528654509722737,0.736705070476011,0.656064078904168,0.675787155920773,0.0197230770166049,"chr2",64592134,64592135,"+",0.66592561741247,0,"MIXED","proximal pA"
"AHR","ENSG00000106546","PAS20113_AATAAA_0.3",0.783739007149766,NA,0.836642680417526,1,0.360358734584202,0.59960816528232,0.442690601665204,0.501719098838942,0.0590284971737388,"chr7",17345767,17345768,"+",0.472204850252073,0,"MIXED","proximal pA"
"ALDH16A1","ENSG00000161618","PAS47106_AATAAA_0.2",0.860737908442528,NA,0.0931104107239662,1,0.760259538480522,0.882049526760815,0.667586159131239,0.660938743529669,-0.00664741560157045,"chr19",49470587,49470588,"+",0.664262451330454,0,"MIXED","proximal pA"
"ARFGEF2","ENSG00000124198","PAS49179_AATAAA_0.25",0.634917066907843,NA,0.562829223546714,1,0.453122546256046,0.680796377198053,0.27977674089969,0.2373727052316,-0.0424040356680908,"chr20",49033627,49033628,"+",0.258574723065645,0,"MIXED","proximal pA"
"ARHGEF40","ENSG00000165801","PAS36369_ATTAAA_0.2",0.945671159925896,NA,0.187808106636112,1,0.664747206878715,0.828794031852534,0.756428968153611,0.73045219343504,-0.0259767747185703,"chr14",21089543,21089544,"+",0.743440580794326,0,"MIXED","proximal pA"
"ARL6IP5","ENSG00000144746","PAS9792_AATAAA_0.2",0.156963730377036,NA,2.70466989756005,1,0.100054790143915,0.266151657037317,0.320126400735024,0.27444104039467,-0.0456853603403543,"chr3",69105397,69105398,"+",0.297283720564847,0,"MIXED","proximal pA"
"ATP2A2","ENSG00000174437","PAS33246_AATAAA_0.35",0.000265856297821576,1.79925320224717e-05,20.8089706764695,1,5.07447204966983e-06,8.52466119510132e-05,0.903317939237576,0.84206007711059,-0.0612578621269858,"chr12",110347317,110347318,"+",0.872689008174083,0,"MIXED","proximal pA"
"BIVM","ENSG00000134897","PAS35718_AATAAA_0.45",0.599324943753231,NA,0.674491043564558,1,0.411490192984101,0.646500664708922,0.118575314910631,0.087456546511745,-0.0311187683988865,"chr13",102840150,102840151,"+",0.103015930711188,0,"MIXED","proximal pA"
"BTN2A2","ENSG00000124508","PAS17466_AATAAA_0.2",0.638905803721844,NA,0.551953682283397,1,0.457520517644668,0.684781222867442,0.877432073278599,0.837893213645652,-0.0395388596329467,"chr6",26393988,26393989,"+",0.857662643462126,0,"MIXED","proximal pA"
"C5orf24","ENSG00000181904","PAS15416_APA_0.3",0.142544922569932,NA,0.756380619834545,1,0.384463577224601,0.622170802895918,0.221736768446925,0.259319624832428,0.0375828563855027,"chr5",134859108,134859109,"+",0.240528196639676,0,"MIXED","proximal pA"
"CAPN1","ENSG00000014216","PAS30004_APA_0.25",0.657535559724072,NA,0.498420414896827,1,0.480195001591543,0.703439924768714,0.16536990130116,0.15010675979086,-0.0152631415103,"chr11",65211683,65211684,"+",0.15773833054601,0,"MIXED","proximal pA"
"CCAR1","ENSG00000060339","PAS27298_APA_0.3",0.795500319776945,NA,0.236264016286441,1,0.626917557137843,0.804039152816042,0.184542893482252,0.177800779776724,-0.00674211370552799,"chr10",68761189,68761190,"+",0.181171836629488,0,"MIXED","proximal pA"
"CCAR2","ENSG00000158941","PAS22651_APA_0.2",0.320331119950549,NA,1.95117284119806,1,0.162460521964825,0.366242420427041,0.158169757643711,0.11225658552443,-0.0459131721192807,"chr8",22619920,22619921,"+",0.13521317158407,0,"MIXED","proximal pA"
"CCDC91","ENSG00000123106","PAS32401_AATAAA_0.45",0.345014349997968,NA,0.282815622165799,1,0.594861668888421,0.782902092180272,0.40763043612579,0.392767871400553,-0.0148625647252375,"chr12",28450244,28450245,"+",0.400199153763171,0,"MIXED","proximal pA"
"CDC42SE2","ENSG00000158985","PAS15349_AATAAA_0.25",0.346969986262129,NA,1.77240419034274,1,0.183084821218305,0.395691540275402,0.11499667052911,0.0731447521679659,-0.0418519183611438,"chr5",131392565,131392566,"+",0.0940707113485378,0,"MIXED","proximal pA"
"CDIN1","ENSG00000186073","PAS38274_AATAAA_0.2",0.396679993678339,NA,1.49075143912864,1,0.222099906423962,0.450322646583704,0.14941551673783,0.0855065268134293,-0.0639089899244005,"chr15",36809495,36809496,"+",0.11746102177563,0,"MIXED","proximal pA"
"CDV3","ENSG00000091527","PAS10172_AATAAA_0.35",0.688623077754115,NA,0.595016389259399,1,0.440485841799889,0.671103715551708,0.233196750775218,0.221190838137354,-0.012005912637864,"chr3",133587271,133587272,"+",0.227193794456286,0,"MIXED","proximal pA"
"CEP97","ENSG00000182504","PAS9912_AATAAA_0.3",0.746784546608933,NA,0.281490482757363,1,0.59572596162995,0.783072048259878,0.145378602820791,0.125266670543587,-0.020111932277204,"chr3",101767336,101767337,"+",0.135322636682189,0,"MIXED","proximal pA"
"CIRBP","ENSG00000099622","PAS46024_ATTAAA_0.25",0.592244284091423,NA,1.7942874128039,1,0.180404655928737,0.392634859353793,0.79841702094946,0.824287310174188,0.0258702892247283,"chr19",1273169,1273170,"+",0.811352165561824,0,"MIXED","proximal pA"
"CRELD1","ENSG00000163703","PAS9156_AATAAA_0.35",0.992556149755305,NA,0.000365202662692354,1,0.984753133575175,0.992960300348876,0.887961967400868,0.889085638568297,0.00112367116742884,"chr3",9945027,9945028,"+",0.888523802984583,0,"MIXED","proximal pA"
"CSPP1","ENSG00000104218","PAS22983_ATTAAA_0.3",0.788979034504119,NA,1.14449618070648,1,0.284704262670966,0.520110557719183,0.380845845430724,0.425925751365669,0.0450799059349444,"chr8",67154133,67154134,"+",0.403385798398197,0,"MIXED","proximal pA"
"CTNNB1","ENSG00000168036","PAS9463_AATAAA_0.35",0.913971540529363,NA,0.00954223798180465,1,0.922182919648991,0.961136006594241,0.157415231111181,0.158399505391207,0.000984274280025954,"chr3",41240162,41240163,"+",0.157907368251194,0,"MIXED","proximal pA"
"CTTN","ENSG00000085733","PAS30217_APA_0.25",0.0463708356415896,0,6.17854880991945,1,0.0129308288406599,0.060903885346187,0.109498929827015,0.0796574603212227,-0.0298414695057924,"chr11",70435387,70435388,"+",0.0945781950741189,0,"MIXED","proximal pA"
"DARS2","ENSG00000117593","PAS1862_APA_0.25",0.881019411231756,NA,0.0684266472417221,1,0.79364150548576,0.900142923407559,0.419211298104703,0.402370703959919,-0.0168405941447841,"chr1",173857884,173857885,"+",0.410791001032311,0,"MIXED","proximal pA"
"DAZAP1","ENSG00000071626","PAS46036_AATAAA_0.45",0.00499611448145981,0,11.0410505216896,1,0.00089116349080951,0.00708576875384817,0.561281964829045,0.50130782204733,-0.0599741427817154,"chr19",1435144,1435145,"+",0.531294893438187,0,"MIXED","proximal pA"
"DBF4B","ENSG00000161692","PAS42890_AATAAA_0.35",0.793207912613906,NA,0.191527179166314,1,0.66164858754832,0.826614952414389,0.928371683716634,0.914873567137251,-0.0134981165793837,"chr17",44750543,44750544,"+",0.921622625426943,0,"MIXED","proximal pA"
"DCAF11","ENSG00000100897","PAS36416_AATAAA_0.05",0.603048755951581,NA,0.659142595057347,1,0.4168628027226,0.650134280359908,0.929364515679165,0.908593251251281,-0.020771264427884,"chr14",24124028,24124029,"+",0.918978883465223,0,"MIXED","proximal pA"
"DCAF7","ENSG00000136485","PAS43227_ATTAAA_0.1",0.619641376572391,NA,0.611469515252793,1,0.434235047609191,0.666024439374915,0.239073260104464,0.216045825020652,-0.0230274350838119,"chr17",63589450,63589451,"+",0.227559542562558,0,"MIXED","proximal pA"
"DMRT2","ENSG00000173253","PAS24763_AATAAA_0.35",0.637298241577208,NA,0.556252349327451,1,0.455774181359569,0.683571904553226,0.510738926263028,0.436054149671726,-0.0746847765913018,"chr9",1055863,1055864,"+",0.473396537967377,0,"MIXED","proximal pA"
"DNM1","ENSG00000106976","PAS25542_APA_0.25",0.544661849777466,NA,0.864093046326616,1,0.352595810857059,0.591589179997786,0.209675730531438,0.163258250360919,-0.0464174801705182,"chr9",128254950,128254951,"+",0.186466990446178,0,"MIXED","proximal pA"
"EPHB2","ENSG00000133216","PAS337_APA_0.15",0.945551301842932,NA,0.0146857945944703,1,0.90354453628754,0.954448891811834,0.800504650663596,0.794786071009679,-0.00571857965391687,"chr1",22914586,22914587,"+",0.797645360836638,0,"MIXED","proximal pA"
"EPS8L2","ENSG00000177106","PAS29370_None_0.2",0.592037659981355,NA,0.699510249364721,1,0.402948306494594,0.638949586135698,0.179648595671127,0.15771091178803,-0.0219376838830969,"chr11",727047,727048,"+",0.168679753729579,0,"MIXED","proximal pA"
"FAM200B","ENSG00000237765","PAS12604_AATAAA_0.05",0.985993412133804,NA,0.00106035494172829,1,0.974023002759748,0.987572207976184,0.760401565284377,0.757626124765769,-0.0027754405186079,"chr4",15688971,15688972,"+",0.759013845025073,0,"MIXED","proximal pA"
"FLYWCH1","ENSG00000059122","PAS40140_APA_0.25",0.323860338116722,NA,1.92545010548793,1,0.165257086988211,0.370441502652965,0.0606337795972171,0.104026227046186,0.0433924474489687,"chr16",2940157,2940158,"+",0.0823300033217014,0,"MIXED","proximal pA"
"GCC2","ENSG00000135968","PAS6122_APA_0.35",0.56551363119323,NA,0.00440097289492769,1,0.947107274193623,0.973333454894442,0.591455423807301,0.595239597369873,0.00378417356257221,"chr2",108471885,108471886,"+",0.593347510588587,0,"MIXED","proximal pA"
"GULP1","ENSG00000144366","PAS6694_None_0.2",0.929606691299134,NA,0.0252542510769445,1,0.873735163732436,0.939840937968288,0.576143131346047,0.564316160996966,-0.0118269703490811,"chr2",188595074,188595075,"+",0.570229646171507,0,"MIXED","proximal pA"
"HNRNPA1","ENSG00000135486","PAS32668_AATAAA_0.3",0.0401427362920454,0.021178857586988,8.81566154722532,1,0.0029865591106044,0.0190925120242483,0.684246853110913,0.650663532355702,-0.0335833207552115,"chr12",54284878,54284879,"+",0.667455192733307,0,"MIXED","proximal pA"
"IFNAR2","ENSG00000159110","PAS50180_AATAAA_0.25",0.8995345632125,NA,0.414392091582613,1,0.519748629104224,0.731338716706808,0.502274824765819,0.563087955301578,0.0608131305357587,"chr21",33262748,33262749,"+",0.532681390033699,0,"MIXED","proximal pA"
"LSM8","ENSG00000128534","PAS20910_APA_0.35",0.731982994134024,NA,0.309585719774987,1,0.577934515540761,0.771217918592338,0.196905118101822,0.211614441307598,0.0147093232057755,"chr7",118188430,118188431,"+",0.20425977970471,0,"MIXED","proximal pA"
"MAPK8","ENSG00000107643","PAS27203_AATAAA_0.2",0.120373475470112,NA,0.00310036558721549,1,0.955595994293228,0.977447681244838,0.414590061509521,0.416309138280428,0.00171907677090721,"chr10",48435876,48435877,"+",0.415449599894975,0,"MIXED","proximal pA"
"MDM4","ENSG00000198625","PAS2111_None_0.15",0.604717358380369,NA,0.999963208949339,1,0.317319410383865,0.555353885623181,0.513425810831287,0.538537970823405,0.0251121599921184,"chr1",204551998,204551999,"+",0.525981890827346,0,"MIXED","proximal pA"
"MED17","ENSG00000042429","PAS30399_AATAAA_0.25",0.619011757518999,NA,0.613261091689992,1,0.433562586980995,0.665517084261761,0.915690942717599,0.884292840756379,-0.0313981019612201,"chr11",93812404,93812405,"+",0.899991891736989,0,"MIXED","proximal pA"
"MSTO1","ENSG00000125459","PAS1645_ATTAAA_0.3",0.869421592811701,NA,0.0833168207407198,1,0.772851882578537,0.88922142747341,0.0857697574514566,0.0742800174591952,-0.0114897399922614,"chr1",155613852,155613853,"+",0.0800248874553259,0,"MIXED","proximal pA"
"NAT10","ENSG00000135372","PAS29702_APA_0.15",0.850457172236913,NA,0.104840946167315,1,0.746095879341947,0.874310098803075,0.196017557521817,0.202966413823477,0.00694885630166001,"chr11",34146207,34146208,"+",0.199491985672647,0,"MIXED","proximal pA"
"NCAPH2","ENSG00000025770","PAS51221_AATAAA_0.3",0.00356828740342311,0.0347578135684016,6.67038154439342,1,0.00980282003890297,0.0490718393177806,0.857260407956017,0.912576489037449,0.055316081081432,"chr22",50523470,50523471,"+",0.884918448496733,0,"MIXED","proximal pA"
"NCLN","ENSG00000125912","PAS46089_ATTAAA_0.1",0.00855087421630913,0,9.88698088326055,1,0.0016645224623839,0.0117922410791937,0.215743925125302,0.153223261223453,-0.0625206639018486,"chr19",3208029,3208030,"+",0.184483593174378,0,"MIXED","proximal pA"
"NDUFB4","ENSG00000065518","PAS10034_AATAAA_0.4",0.746943790308769,NA,0.280631270135927,1,0.596287758190192,0.78334135893774,0.304718739255959,0.293501173472265,-0.0112175657836938,"chr3",120601181,120601182,"+",0.299109956364112,0,"MIXED","proximal pA"
"NFYC","ENSG00000066136","PAS704_ATTAAA_0.2",0.0782292082952773,NA,5.04527453149421,1,0.024693194250844,0.0982717184311684,0.593697483866254,0.519928077330092,-0.0737694065361623,"chr1",40771116,40771117,"+",0.556812780598173,0,"MIXED","proximal pA"
"NMT1","ENSG00000136448","PAS42905_APA_0.35",0.0323122197790283,0.367960688446959,2.6465218342928,1,0.103776735068156,0.272592117629233,0.457021624729401,0.423774465153555,-0.0332471595758458,"chr17",45081712,45081713,"+",0.440398044941478,0,"MIXED","proximal pA"
"NOP56","ENSG00000101361","PAS48713_APA_0.35",0.971363521695628,NA,0.00365843893087003,1,0.951769337843718,0.97594794090309,0.0946473086695968,0.0951434964186878,0.000496187749090993,"chr20",2657959,2657960,"+",0.0948954025441423,0,"MIXED","proximal pA"
"PANX1","ENSG00000110218","PAS30401_AATAAA_0.3",0.880324636025571,NA,0.0695253724024951,1,0.792029094459316,0.899631001945054,0.243978765825705,0.264240862862052,0.0202620970363471,"chr11",94180979,94180980,"+",0.254109814343878,0,"MIXED","proximal pA"
"PMPCA","ENSG00000165688","PAS25711_APA_0.15",0.365288837988751,NA,0.0213252030298463,1,0.883896510656416,0.944910548572557,0.101144392840009,0.0991086996545052,-0.00203569318550337,"chr9",136423393,136423394,"+",0.100126546247257,0,"MIXED","proximal pA"
"POMK","ENSG00000185900","PAS22867_None_0.25",0.754487064014527,NA,0.884137241177086,1,0.347071020781957,0.586710727348722,0.650100630080584,0.676122585172668,0.0260219550920838,"chr8",43130783,43130784,"+",0.663111607626626,0,"MIXED","proximal pA"
"POU2F1","ENSG00000143190","PAS1796_AATAAA_0.3",0.932896691624211,NA,0.0100220798253758,1,0.92025672782719,0.960044150456925,0.363761360484714,0.359947353174966,-0.0038140073097479,"chr1",167415885,167415886,"+",0.36185435682984,0,"MIXED","proximal pA"
"PPP6R3","ENSG00000110075","PAS30172_AATAAA_0.2",0.0364876335652262,0.335186344374027,2.79543146770447,1,0.0945333171469519,0.255733100922028,0.245136716175793,0.206024180023011,-0.0391125361527826,"chr11",68614591,68614592,"+",0.225580448099402,0,"MIXED","proximal pA"
"PRRC1","ENSG00000164244","PAS15321_ATTAAA_0.15",0.50117166483949,NA,1.02539316310094,1,0.311243142620714,0.549814964874329,0.311173176590681,0.263732802898737,-0.0474403736919437,"chr5",127552304,127552305,"+",0.287452989744709,0,"MIXED","proximal pA"
"PSENEN","ENSG00000205155","PAS46692_AATAAA_0.2",0.737624218996388,NA,0.298699665128879,1,0.58469876455373,0.775980020833084,0.918644932652896,0.929252292007428,0.0106073593545324,"chr19",35747001,35747002,"+",0.923948612330162,0,"MIXED","proximal pA"
"PSMD11","ENSG00000108671","PAS42626_AATAAA_0.2",6.18506698383145e-17,0.039204328794479,7.6979231575242,1,0.00552844008962115,0.0316164771929063,0.632407843416166,0.59178682212443,-0.0406210212917355,"chr17",32481022,32481023,"+",0.612097332770298,0,"MIXED","proximal pA"
"PSMG4","ENSG00000180822","PAS17278_AATAAA_0.15",0.78211709915581,NA,0.210645587628051,1,0.646261869007341,0.816864750233356,0.80329433200056,0.773121598492545,-0.0301727335080146,"chr6",3267779,3267780,"+",0.788207965246553,0,"MIXED","proximal pA"
"RNMT","ENSG00000101654","PAS45230_APA_0.2",0.30578894447008,NA,2.06029349962728,1,0.151181048937673,0.349519070069294,0.202994914874572,0.145023516980673,-0.0579713978938997,"chr18",13760289,13760290,"+",0.174009215927623,0,"MIXED","proximal pA"
"RPL37A","ENSG00000197756","PAS6945_None_0.2",3.51813851199981e-66,0.00593583065706776,11.6540034972131,1,0.000640645126441021,0.00533510568551701,0.453427359598325,0.435130199204363,-0.0182971603939623,"chr2",216500028,216500029,"+",0.444278779401344,0,"MIXED","proximal pA"
"SCP2","ENSG00000116171","PAS873_AATAAA_0.3",0.775333326054277,NA,0.221301795135332,1,0.638049801007684,0.811176419497678,0.162143097370438,0.146156720433106,-0.0159863769373327,"chr1",53051010,53051011,"+",0.154149908901772,0,"MIXED","proximal pA"
"SEH1L","ENSG00000085415","PAS45219_AATAAA_0.25",0.225112103418851,NA,2.72197750780106,1,0.0989753252611087,0.264079699928475,0.667876119516504,0.706800507832976,0.0389243883164717,"chr18",12985713,12985714,"+",0.68733831367474,0,"MIXED","proximal pA"
"SF3B3","ENSG00000189091","PAS40832_APA_0.15",0.000337729174566752,2.49612636117372e-05,20.1823697365035,1,7.03987823192439e-06,0.000113964081684634,0.902988718338414,0.847034082085989,-0.0559546362524259,"chr16",70572296,70572297,"+",0.875011400212202,0,"MIXED","proximal pA"
"SLC25A27","ENSG00000153291","PAS17882_AATAAA_0.3",0.807713911915831,NA,0.168711725270668,1,0.681259285128046,0.839663595221592,0.446910556514887,0.401708627383749,-0.0452019291311382,"chr6",46677005,46677006,"+",0.424309591949318,0,"MIXED","proximal pA"
"SLC48A1","ENSG00000211584","PAS32505_APA_0.05",0.674238961706236,NA,0.456683423676282,1,0.49917807227964,0.718509586135777,0.719446092201192,0.666222296101084,-0.0532237961001086,"chr12",47781668,47781669,"+",0.692834194151138,0,"MIXED","proximal pA"
"SNX21","ENSG00000124104","PAS49142_ATTAAA_0.2",0.700923674604621,NA,0.116017320905939,1,0.733394825298669,0.866502474314105,0.7432131512878,0.725033956142928,-0.0181791951448718,"chr20",45841722,45841723,"+",0.734123553715364,0,"MIXED","proximal pA"
"SPINT2","ENSG00000167642","PAS46763_APA_0.25",0.018865072470929,0,8.17254395061173,1,0.00425292164221353,0.0256146438120404,0.266436890924947,0.217199977602318,-0.049236913322629,"chr19",38292083,38292084,"+",0.241818434263632,0,"MIXED","proximal pA"
"SRGAP1","ENSG00000196935","PAS32830_ATTAAA_0.3",0.297684521275943,NA,0.219919563224721,1,0.639101213988288,0.811770235099885,0.159245174079817,0.140675819200264,-0.0185693548795531,"chr12",64043630,64043631,"+",0.149960496640041,0,"MIXED","proximal pA"
"SRSF11","ENSG00000116754","PAS1003_None_0.25",2.73244439178353e-05,1,0.216722596869658,1,0.641548562708236,0.813596113098782,0.331083520227482,0.340572694616208,0.00948917438872593,"chr1",70237533,70237534,"+",0.335828107421845,0,"MIXED","proximal pA"
"STAMBP","ENSG00000124356","PAS5836_AATAAA_0.15",0.00221071587144702,0.101187182172852,6.00455182464793,1,0.0142690180314724,0.0659478664185695,0.791808891102361,0.864406718349922,0.0725978272475614,"chr2",73862882,73862883,"+",0.828107804726142,0,"MIXED","proximal pA"
"STARD3","ENSG00000131748","PAS42743_ATTAAA_0.15",0.0398422292551695,0,6.51802210152164,1,0.010678669962863,0.0524269233285871,0.940259341969525,0.89844932949807,-0.0418100124714554,"chr17",39663483,39663484,"+",0.919354335733798,0,"MIXED","proximal pA"
"TASOR2","ENSG00000108021","PAS26869_ATTAAA_0.4",0.361402758177704,NA,2.5761420513445,1,0.108485780188618,0.280957417525897,0.108002879849264,0.0844771407915429,-0.0235257390577214,"chr10",5763322,5763323,"+",0.0962400103204036,0,"MIXED","proximal pA"
"TCEAL4","ENSG00000133142","PAS52230_ATTAAA_0.4",0.289605688637246,NA,2.18463950729529,1,0.139393698098278,0.332830465663721,0.770719004380489,0.724086473903056,-0.0466325304774333,"chrX",103587514,103587515,"+",0.747402739141772,0,"MIXED","proximal pA"
"TCERG1","ENSG00000113649","PAS15614_None_0.05",0.940470933018441,NA,0.484658402327113,1,0.486319794384582,0.708342398790378,0.36148023434174,0.380843746228468,0.0193635118867284,"chr5",146493038,146493039,"+",0.371161990285104,0,"MIXED","proximal pA"
"TLCD5","ENSG00000181264","PAS30627_AATAAA_0.25",0.959244901127357,NA,0.00806564399408671,1,0.928439051374087,0.965136394144038,0.735693841890381,0.730374170915459,-0.00531967097492192,"chr11",120330632,120330633,"+",0.73303400640292,0,"MIXED","proximal pA"
"TMEM104","ENSG00000109066","PAS43354_ATTAAA_0.35",0.451653447343682,NA,1.21702124220224,1,0.269946027549455,0.503472937813338,0.309615096493956,0.243948338714575,-0.0656667577793808,"chr17",74838478,74838479,"+",0.276781717604265,0,"MIXED","proximal pA"
"TSPAN17","ENSG00000048140","PAS15844_APA_0.25",0.211727192606316,NA,2.85041492501205,1,0.0913503576616718,0.25008549955409,0.250315116361146,0.195469525405484,-0.0548455909556625,"chr5",176658750,176658751,"+",0.222892320883315,0,"MIXED","proximal pA"
"TSPAN31","ENSG00000135452","PAS32787_AATAAA_0.35",0.339556905773838,NA,1.82470049850872,1,0.176754780797849,0.387836293265275,0.135253138225925,0.0762992774624121,-0.0589538607635125,"chr12",57747508,57747509,"+",0.105776207844168,0,"MIXED","proximal pA"
"TTC19","ENSG00000011295","PAS42337_APA_0.25",0.107026982684015,NA,5.89948214434753,1,0.0151453371386289,0.0686702334163442,0.101866546710355,0.053389851504913,-0.0484766952054418,"chr17",16028044,16028045,"+",0.0776281991076339,0,"MIXED","proximal pA"
"VEGFA","ENSG00000112715","PAS17854_APA_0.2",0.35255610177817,NA,1.04589061888328,1,0.306455416176675,0.544870559481141,0.364030234032743,0.42018658753287,0.0561563535001269,"chr6",43786255,43786256,"+",0.392108410782806,0,"MIXED","proximal pA"
"VEZT","ENSG00000028203","PAS33084_AATAAA_0.35",0.51449583981415,NA,0.311205093596072,1,0.576941631594786,0.770468605027616,0.337743840399878,0.319053974239175,-0.0186898661607021,"chr12",95300914,95300915,"+",0.328398907319526,0,"MIXED","proximal pA"
"VRK1","ENSG00000100749","PAS37100_APA_0.3",0.489405296288175,NA,1.07011550851166,1,0.300919356626946,0.539535497952141,0.534412982351804,0.490797559871173,-0.0436154224806318,"chr14",96860734,96860735,"+",0.512605271111489,0,"MIXED","proximal pA"
"WDR48","ENSG00000114742","PAS9437_AATAAA_0.3",0.0811865590154262,NA,4.96676180449049,1,0.0258389795596351,0.102035288927026,0.117906460295489,0.0608676031858209,-0.0570388571096678,"chr3",39095324,39095325,"+",0.0893870317406548,0,"MIXED","proximal pA"
"WDTC1","ENSG00000142784","PAS457_ATTAAA_0.1",0.679808270368697,NA,0.441767016881158,1,0.506270822331363,0.72335210983704,0.884240658703295,0.853184649223742,-0.0310560094795521,"chr1",27308240,27308241,"+",0.868712653963519,0,"MIXED","proximal pA"
"YTHDC2","ENSG00000047188","PAS15243_AATAAA_0.35",0.355088300698292,NA,1.07879174542859,1,0.298968008081533,0.5371872900671,0.222163884832032,0.175356948499335,-0.0468069363326962,"chr5",113594124,113594125,"+",0.198760416665684,0,"MIXED","proximal pA"
"ZNF197","ENSG00000186448","PAS9516_AATAAA_0.45",0.978538253325223,NA,0.147750931791961,1,0.700693980590388,0.850528962554293,0.290908592039141,0.260273405136229,-0.0306351869029115,"chr3",44647649,44647650,"+",0.275590998587685,0,"MIXED","proximal pA"
"ZNF302","ENSG00000089335","PAS46664_None_0.1",0.711729958849765,NA,0.790334718301892,1,0.373998933231687,0.61253394988526,0.415300543554486,0.458167270724775,0.0428667271702887,"chr19",34684219,34684220,"+",0.436733907139631,0,"MIXED","proximal pA"
"ZNF738","ENSG00000172687","PAS46543_AATAAA_0.05",0.834961127213868,NA,0.126387409500467,1,0.722207502633563,0.860247025339186,0.175521910463969,0.150415947251245,-0.0251059632127236,"chr19",21377581,21377582,"+",0.162968928857607,0,"MIXED","proximal pA"
"AHI1","ENSG00000135541","PAS19661_APA_0.35",0.338757587503051,NA,0.0901396442204714,1,0.763999701945949,0.884692108119682,0.436892769388324,0.423566733727984,-0.0133260356603397,"chr6",135463135,135463136,"-",0.430229751558154,0,"MIXED","proximal pA"
"AK2","ENSG00000004455","PAS3106_ATTAAA_0.1",0.00986726417653742,0.00367583241511597,12.8056853068992,1,0.000345567609689025,0.00318080222203532,0.803963872317881,0.748361046219741,-0.05560282609814,"chr1",33013044,33013045,"-",0.776162459268811,0,"MIXED","proximal pA"
"ARFGEF1","ENSG00000066777","PAS24003_ATTAAA_0.15",0.922332164795881,NA,0.0811130743363719,1,0.775794635840443,0.890317808798116,0.242032409047214,0.232341533608272,-0.00969087543894279,"chr8",67197927,67197928,"-",0.237186971327743,0,"MIXED","proximal pA"
"ARFRP1","ENSG00000101246","PAS50087_None_0.2",0.962581313960223,NA,0.050540428761451,1,0.822125541760915,0.915418679679866,0.254332413471987,0.244367204298005,-0.00996520917398214,"chr20",63700280,63700281,"-",0.249349808884996,0,"MIXED","proximal pA"
"ATXN2","ENSG00000204842","PAS34894_None_0.25",0.226695919213664,NA,0.914185938390801,1,0.339006200179008,0.579130859892626,0.719503166087874,0.695484956748174,-0.0240182093397001,"chr12",111452428,111452429,"-",0.707494061418024,0,"MIXED","proximal pA"
"AZIN1","ENSG00000155096","PAS24343_AATAAA_0.25",0.189397561973502,NA,3.6052521827296,1,0.0575973325929508,0.181003285539639,0.338604618165751,0.375413356099333,0.0368087379335814,"chr8",102828003,102828004,"-",0.357008987132542,0,"MIXED","proximal pA"
"BET1L","ENSG00000177951","PAS30745_None_0.25",0.768872604564289,NA,0.233079267515109,1,0.629249938570951,0.805218476838946,0.0736329117414426,0.0936704703571649,0.0200375586157223,"chr11",205195,205196,"-",0.0836516910493038,0,"MIXED","proximal pA"
"C22orf39","ENSG00000242259","PAS51270_AATAAA_0.45",0.565750656246967,NA,0.784533577018692,1,0.375758187077739,0.61368087391003,0.462174818786408,0.52858262952783,0.0664078107414226,"chr22",19441499,19441500,"-",0.495378724157119,0,"MIXED","proximal pA"
"CACUL1","ENSG00000151893","PAS29195_APA_0.15",0.0090688762481404,0.864392831590772,3.51143521897393,1,0.0609466368930737,0.1887371763543,0.40455418055003,0.442575988096341,0.0380218075463106,"chr10",118685944,118685945,"-",0.423565084323185,0,"MIXED","proximal pA"
"CAMKK2","ENSG00000110931","PAS35085_None_0.25",0.00169482022687597,0.111199838576964,5.83830076624872,1,0.0156809634153171,0.0703482047881293,0.606093885478634,0.564171989971144,-0.04192189550749,"chr12",121240524,121240525,"-",0.585132937724889,0,"MIXED","proximal pA"
"CC2D1B","ENSG00000154222","PAS3391_APA_0.25",0.427243912247327,NA,1.33175002777489,1,0.248494124530932,0.48032042862279,0.927162730634529,0.890662003336986,-0.0365007272975428,"chr1",52352537,52352538,"-",0.908912366985757,0,"MIXED","proximal pA"
"CCDC14","ENSG00000175455","PAS11726_ATTAAA_0.15",0.300884759165048,NA,1.60637461673468,1,0.205002168932921,0.427264738465372,0.195204957097654,0.156051173614262,-0.0391537834833921,"chr3",123914319,123914320,"-",0.175628065355958,0,"MIXED","proximal pA"
"CCDC82","ENSG00000149231","PAS31740_ATTAAA_0.45",0.368837778145007,NA,0.134343374133095,1,0.713970513131572,0.856048350959071,0.345774710280887,0.327990296522133,-0.0177844137587544,"chr11",96353455,96353456,"-",0.33688250340151,0,"MIXED","proximal pA"
"CCDC88A","ENSG00000115355","PAS7705_ATTAAA_0.4",0.720376119109805,NA,1.29582851345185,1,0.254976601801636,0.487396233207726,0.384124369310818,0.34707430997437,-0.0370500593364474,"chr2",55288089,55288090,"-",0.365599339642594,0,"MIXED","proximal pA"
"CELF1","ENSG00000149187","PAS31176_APA_0.35",0.165217048188493,NA,2.71812513973418,1,0.0992144903547355,0.264563305707063,0.481180713195157,0.454398327294182,-0.0267823859009751,"chr11",47466558,47466559,"-",0.467789520244669,0,"MIXED","proximal pA"
"CLK4","ENSG00000113240","PAS17182_APA_0.35",0.651068744459757,NA,0.512605632595523,1,0.474013067968647,0.697456180993013,0.33102288889567,0.404497459508971,0.0734745706133006,"chr5",178603275,178603276,"-",0.367760174202321,0,"MIXED","proximal pA"
"COPA","ENSG00000122218","PAS4330_AATAAA_0.35",0.00343394142396856,0.00334452293633174,10.9357500442566,1,0.000943262912562742,0.00738349864689648,0.111113363519204,0.0637961490860818,-0.0473172144331219,"chr1",160289762,160289763,"-",0.0874547563026427,0,"MIXED","proximal pA"
"CSNK2A1","ENSG00000101266","PAS49418_AATAAA_0.3",0.000516981863155158,0.962577458720916,3.33381105832086,1,0.0678694416636432,0.20446370984057,0.282071015893211,0.251931248068561,-0.0301397678246499,"chr20",482695,482696,"-",0.267001131980886,0,"MIXED","proximal pA"
"CTSS","ENSG00000163131","PAS4090_AATAAA_0.3",0.718865555845054,NA,0.34432671030271,1,0.557342346341597,0.758560784193393,0.78967556605461,0.727548180200541,-0.0621273858540697,"chr1",150732381,150732382,"-",0.758611873127576,0,"MIXED","proximal pA"
"CXorf38","ENSG00000185753","PAS52630_AATAAA_0.35",0.733651780173089,NA,0.305246635017511,1,0.580611794400644,0.77265139416383,0.272075381071326,0.239885356624439,-0.0321900244468867,"chrX",40629937,40629938,"-",0.255980368847882,0,"MIXED","proximal pA"
"DCTPP1","ENSG00000179958","PAS41509_APA_0.25",0.126909459590034,NA,3.95203391952055,1,0.0468147520900856,0.155892920651748,0.196331856555742,0.152348566311111,-0.0439832902446311,"chr16",30424038,30424039,"-",0.174340211433426,0,"MIXED","proximal pA"
"DNAJC11","ENSG00000007923","PAS2663_APA_0.35",0.418911776787373,NA,1.37389257828045,1,0.241144209200352,0.471742213855112,0.223184573516069,0.281897981550675,0.0587134080346055,"chr1",6635115,6635116,"-",0.252541277533372,0,"MIXED","proximal pA"
"DUOXA1","ENSG00000140254","PAS39364_None_0.2",0.743511921083683,NA,0.288185611000813,1,0.591385586206421,0.780941211451856,0.333611973546662,0.283305904076606,-0.0503060694700553,"chr15",45118506,45118507,"-",0.308458938811634,0,"MIXED","proximal pA"
"EDEM3","ENSG00000116406","PAS4553_APA_0.35",0.970297298042854,NA,0.088047784079663,1,0.766673820582037,0.885576571070976,0.25074702867579,0.237521374387676,-0.0132256542881144,"chr1",184691821,184691822,"-",0.244134201531733,0,"MIXED","proximal pA"
"EEIG1","ENSG00000167106","PAS26559_AATAAA_0.05",0.768872604564289,NA,0.232702037450053,1,0.629527506199318,0.805218476838946,0.828123416692733,0.846807827946275,0.0186844112535423,"chr9",127940880,127940881,"-",0.837465622319504,0,"MIXED","proximal pA"
"EPB41L3","ENSG00000082397","PAS45570_None_0.15",0.818372816523572,NA,0.15371720718565,1,0.69500807393183,0.847205396235254,0.341278525543195,0.369372605384897,0.0280940798417023,"chr18",5392691,5392692,"-",0.355325565464046,0,"MIXED","proximal pA"
"FAM219B","ENSG00000178761","PAS39756_AATAAA_0.2",0.531491665265504,NA,1.79047484057537,1,0.18086831904408,0.393035429028064,0.211569273624054,0.152682230914584,-0.0588870427094706,"chr15",74900966,74900967,"-",0.182125752269319,0,"MIXED","proximal pA"
"FAM222B","ENSG00000173065","PAS44033_ATTAAA_0.15",0.846328868059259,NA,0.205096993890493,1,0.65063777727428,0.81867549899177,0.310675611468456,0.291264740250278,-0.0194108712181775,"chr17",28757376,28757377,"-",0.300970175859367,0,"MIXED","proximal pA"
"FAM76B","ENSG00000077458","PAS31727_ATTAAA_0.3",0.544661849777466,NA,0.00904814186230851,1,0.924218145202738,0.962273816464404,0.349842373146095,0.342450593760643,-0.00739177938545238,"chr11",95770359,95770360,"-",0.346146483453369,0,"MIXED","proximal pA"
"GLUL","ENSG00000135821","PAS4531_None_0.2",0.326227766435524,NA,1.90923307859703,1,0.167048474412266,0.372743872954561,0.124170238166685,0.0999031208628881,-0.0242671173037974,"chr1",182384286,182384287,"-",0.112036679514787,0,"MIXED","proximal pA"
"GMFB","ENSG00000197045","PAS37625_AATAAA_0.2",0.12868225451294,NA,3.92105244164213,1,0.0476850192293003,0.157945592891746,0.212994022027279,0.163872217786355,-0.0491218042409236,"chr14",54477134,54477135,"-",0.188433119906817,0,"MIXED","proximal pA"
"HDDC3","ENSG00000184508","PAS39941_AATAAA_0.1",0.948086452859423,NA,0.0121258365134054,1,0.912316287846796,0.956522141832657,0.853451015117544,0.847393010732049,-0.00605800438549453,"chr15",90930919,90930920,"-",0.850422012924797,0,"MIXED","proximal pA"
"HEXA","ENSG00000213614","PAS39729_AATAAA_0.3",0.507324976249947,NA,3.24435186904702,1,0.0716700315095968,0.212064022413434,0.735203740573898,0.682797146906157,-0.0524065936677411,"chr15",72343887,72343888,"-",0.709000443740027,0,"MIXED","proximal pA"
"HMGB2","ENSG00000164104","PAS14448_AATAAA_0.25",0.63756982230394,NA,0.555479221271526,1,0.456087489619741,0.683664153660184,0.237637329590699,0.247560878375015,0.00992354878431678,"chr4",173332066,173332067,"-",0.242599103982857,0,"MIXED","proximal pA"
"HNRNPH1","ENSG00000169045","PAS17190_ATTAAA_0.2",0.497493036102099,NA,2.66058514091128,1,0.102862887584813,0.271029358297016,0.325874174576348,0.309932792930995,-0.0159413816453525,"chr5",179614414,179614415,"-",0.317903483753672,0,"MIXED","proximal pA"
"HNRNPU","ENSG00000153187","PAS5104_APA_0.2",2.88113863891403e-16,0.000834197622662093,16.9091671766364,1,3.92117547696352e-05,0.000499468296807559,0.259416508997617,0.223395689819143,-0.0360208191784735,"chr1",244854133,244854134,"-",0.24140609940838,0,"MIXED","proximal pA"
"IBTK","ENSG00000005700","PAS19310_AATAAA_0.35",0.575815573231558,NA,0.312311244227203,1,0.576265364584789,0.770267151368991,0.0881027574700787,0.0735258191914077,-0.014576938278671,"chr6",82200596,82200597,"-",0.0808142883307432,0,"MIXED","proximal pA"
"ITGB1BP1","ENSG00000119185","PAS7319_APA_0.3",0.000232992011714018,1,0.720228163589127,1,0.396069077562583,0.632800495932365,0.217981305580577,0.19959225895221,-0.0183890466283675,"chr2",9407527,9407528,"-",0.208786782266394,0,"MIXED","proximal pA"
"KDM5B","ENSG00000117139","PAS4659_ATTAAA_0.2",0.992926334148905,NA,0.00988609064370394,1,0.920797799498618,0.960281187315418,0.214689390193596,0.210727849210197,-0.00396154098339924,"chr1",202728424,202728425,"-",0.212708619701896,0,"MIXED","proximal pA"
"LRP6","ENSG00000070018","PAS33857_AATAAA_0.25",0.935186863743135,NA,0.461209234055787,1,0.497059377692686,0.717021627528779,0.586097395681401,0.616734041638328,0.0306366459569276,"chr12",12120779,12120780,"-",0.601415718659864,0,"MIXED","proximal pA"
"LRP8","ENSG00000157193","PAS3414_APA_0.2",0.660628994901713,NA,0.866700560039135,1,0.351870355452575,0.591333922631385,0.46330120278655,0.429445830180643,-0.0338553726059064,"chr1",53246551,53246552,"-",0.446373516483597,0,"MIXED","proximal pA"
"MAX","ENSG00000125952","PAS37739_APA_0.05",0.399986872345266,NA,2.68391190919738,1,0.101366444643696,0.268606497142608,0.385339008642849,0.33201234454043,-0.053326664102419,"chr14",65075544,65075545,"-",0.358675676591639,0,"MIXED","proximal pA"
"MED1","ENSG00000125686","PAS44217_None_0.15",0.852694780985903,NA,1.02688993886113,1,0.310890252563262,0.549566650059182,0.38932828141067,0.368888212794693,-0.0204400686159776,"chr17",39406559,39406560,"-",0.379108247102681,0,"MIXED","proximal pA"
"MKNK1","ENSG00000079277","PAS3340_AATAAA_0.25",0.658210521926553,NA,1.21165768742094,1,0.271004069473778,0.50484903249024,0.151432137020398,0.104031734558578,-0.0474004024618205,"chr1",46580441,46580442,"-",0.127731935789488,0,"MIXED","proximal pA"
"MRPS16","ENSG00000182180","PAS28724_AATAAA_0.05",0.106460542449269,NA,5.50092046165446,1,0.019006466612507,0.0809418067430807,0.516904737890951,0.456557156701654,-0.0603475811892972,"chr10",73250741,73250742,"-",0.486730947296302,0,"MIXED","proximal pA"
"N6AMT1","ENSG00000156239","PAS50433_APA_0.35",0.943997696023418,NA,0.0155933349187194,1,0.90062387584878,0.952817707657997,0.666243522484587,0.653187223634761,-0.013056298849826,"chr21",28876157,28876158,"-",0.659715373059674,0,"MIXED","proximal pA"
"NAIF1","ENSG00000171169","PAS26562_AATAAA_0.3",0.941601350001364,NA,0.0172444233356828,1,0.895523734442836,0.951512609227176,0.125198513831163,0.131763943138942,0.0065654293077797,"chr9",128063287,128063288,"-",0.128481228485053,0,"MIXED","proximal pA"
"NBN","ENSG00000104320","PAS24163_AATAAA_0.3",0.401487427766095,NA,0.949593062365238,1,0.329822901412434,0.569820031557844,0.327909552115788,0.304201738897747,-0.0237078132180408,"chr8",89935431,89935432,"-",0.316055645506768,0,"MIXED","proximal pA"
"NCBP2","ENSG00000114503","PAS12383_ATTAAA_0.4",0.16732012854461,NA,3.36574339657091,1,0.0665655348898055,0.201487841856795,0.245715659927721,0.207514665298738,-0.0382009946289837,"chr3",196936854,196936855,"-",0.22661516261323,0,"MIXED","proximal pA"
"NOL10","ENSG00000115761","PAS7336_ATTAAA_0.1",0.632643817618821,NA,0.567317856952286,1,0.451326701350081,0.678848041658502,0.910408308581829,0.924201141637552,0.0137928330557228,"chr2",10571655,10571656,"-",0.917304725109691,0,"MIXED","proximal pA"
"NRBP2","ENSG00000185189","PAS24687_AATAAA_0.35",0.566112210537228,NA,0.782010360569075,1,0.37652700443042,0.61428069892119,0.691824082583179,0.643665301946857,-0.0481587806363217,"chr8",143833959,143833960,"-",0.667744692265018,0,"MIXED","proximal pA"
"NSMF","ENSG00000165802","PAS26765_ATTAAA_0",0.102021904300657,NA,4.47118981320455,1,0.0344709796189557,0.125946273276996,0.907498008466179,0.878937712887476,-0.0285602955787025,"chr9",137448224,137448225,"-",0.893217860676828,0,"MIXED","proximal pA"
"OSGEP","ENSG00000092094","PAS37292_AATAAA_0.15",0.933374902802737,NA,0.0225144723401627,1,0.88072656125503,0.943776613482729,0.897939673362543,0.892949521942082,-0.00499015142046044,"chr14",20447057,20447058,"-",0.895444597652312,0,"MIXED","proximal pA"
"OSGEPL1","ENSG00000128694","PAS8669_AATAAA_0.2",0.779007452599605,NA,0.215450652612844,1,0.642528373305913,0.814091043126581,0.313865622129563,0.270876048834328,-0.0429895732952348,"chr2",189746947,189746948,"-",0.292370835481946,0,"MIXED","proximal pA"
"PDHB","ENSG00000168291","PAS11387_AATAAA_0.4",0.053068568547052,NA,5.8891255181461,1,0.0152346637760215,0.0689322349735512,0.393066701487652,0.323714695997375,-0.0693520054902766,"chr3",58428023,58428024,"-",0.358390698742514,0,"MIXED","proximal pA"
"PRRT3","ENSG00000163704","PAS10825_APA_0.2",0.791664333329665,NA,0.193803629652137,1,0.659769565804439,0.825242251275483,0.298380494418841,0.355738598778729,0.0573581043598879,"chr3",9945984,9945985,"-",0.327059546598785,0,"MIXED","proximal pA"
"RAB13","ENSG00000143545","PAS4182_APA_0.35",0.63077258658462,NA,0.576491930762131,1,0.447690666608434,0.675754496080496,0.742913195999814,0.732743383647782,-0.0101698123520323,"chr1",153981875,153981876,"-",0.737828289823798,0,"MIXED","proximal pA"
"RAB3GAP2","ENSG00000118873","PAS4852_APA_0.25",0.060499010509721,NA,2.30418779329193,1,0.129025709128362,0.315712619681012,0.52195263381241,0.570465745424382,0.0485131116119722,"chr1",220150434,220150435,"-",0.546209189618396,0,"MIXED","proximal pA"
"RPL24","ENSG00000114391","PAS11563_APA_0.05",0.421790052610251,NA,1.35779384258785,1,0.243920194117002,0.474442610248175,0.489418888382228,0.479968739138521,-0.00945014924370752,"chr3",101682361,101682362,"-",0.484693813760375,0,"MIXED","proximal pA"
"RPL8","ENSG00000161016","PAS24745_APA_0.35",0.285205525143893,NA,1.14465963019757,1,0.284669872920402,0.520110557719183,0.26803461371692,0.261930292938347,-0.00610432077857292,"chr8",144790397,144790398,"-",0.264982453327633,0,"MIXED","proximal pA"
"RSL24D1","ENSG00000137876","PAS39460_AATAAA_0.35",0.123838695238571,NA,0.043355967849493,1,0.835056444153304,0.92211061324293,0.140160260213862,0.137944186228084,-0.00221607398577731,"chr15",55181790,55181791,"-",0.139052223220973,0,"MIXED","proximal pA"
"RTL10","ENSG00000215012","PAS51280_ATTAAA_0.1",0.812812541570838,NA,0.000726978106740717,1,0.978489618662872,0.990008874755597,0.507312123967073,0.508609638103236,0.0012975141361623,"chr22",19850234,19850235,"-",0.507960881035155,0,"MIXED","proximal pA"
"SAMHD1","ENSG00000101347","PAS49763_None_0.1",0.782152880139142,NA,0.107223042503392,1,0.743328085575262,0.872479328202577,0.122204925988259,0.112599864892091,-0.00960506109616788,"chr20",36890882,36890883,"-",0.117402395440175,0,"MIXED","proximal pA"
"SF1","ENSG00000168066","PAS31344_APA_0.3",0.180516670545583,NA,3.20079419546528,1,0.0736025199478909,0.215834615621936,0.11195064233513,0.0904500490114719,-0.0215005933236585,"chr11",64765781,64765782,"-",0.101200345673301,0,"MIXED","proximal pA"
"SHOX2","ENSG00000168779","PAS12037_APA_0.2",0.601239898530589,NA,0.664925757822402,1,0.414826332680612,0.64867762826822,0.392273001320934,0.342577167484648,-0.0496958338362858,"chr3",158097077,158097078,"-",0.367425084402791,0,"MIXED","proximal pA"
"SLC35F2","ENSG00000110660","PAS31800_APA_0.35",0.731323456032914,NA,0.311154812941822,1,0.576972409092833,0.770468605027616,0.216080729998693,0.199274798171457,-0.016805931827236,"chr11",107791322,107791323,"-",0.207677764085075,0,"MIXED","proximal pA"
"SLC66A2","ENSG00000122490","PAS45971_APA_0.3",0.438798753179037,NA,1.27989127310411,1,0.257919252195448,0.491179972623673,0.499925280400044,0.452432922999744,-0.0474923574002994,"chr18",79903703,79903704,"-",0.476179101699894,0,"MIXED","proximal pA"
"SMARCA1","ENSG00000102038","PAS53054_ATTAAA_0.25",0.888814850223812,NA,0.0249944541878904,1,0.87438088094582,0.940137666341661,0.601702011136047,0.608260939818491,0.0065589286824439,"chrX",129446760,129446761,"-",0.604981475477269,0,"MIXED","proximal pA"
"SMCO4","ENSG00000166002","PAS31704_ATTAAA_0.3",0.662200341433457,NA,0.48654751768936,1,0.485471433125596,0.707645734536005,0.23218852454312,0.196060891838701,-0.0361276327044193,"chr11",93478836,93478837,"-",0.21412470819091,0,"MIXED","proximal pA"
"SMUG1","ENSG00000123415","PAS34307_AATAAA_0.3",0.785737467254348,NA,0.381515374118408,1,0.536793347554631,0.743626245666101,0.821873959542276,0.798875933963324,-0.022998025578952,"chr12",54181471,54181472,"-",0.8103749467528,0,"MIXED","proximal pA"
"SNRPB","ENSG00000125835","PAS49437_None_0.15",0.0683088738389744,NA,5.35021101242455,1,0.0207197630023337,0.086438760406245,0.154945460192749,0.134023804922412,-0.0209216552703371,"chr20",2462963,2462964,"-",0.14448463255758,0,"MIXED","proximal pA"
"SREBF1","ENSG00000072310","PAS43908_ATTAAA_0.1",0.203213296806435,NA,2.93997656648889,1,0.0864119865890091,0.240954079111182,0.879672676184166,0.830595634382844,-0.0490770418013217,"chr17",17812078,17812079,"-",0.855134155283505,0,"MIXED","proximal pA"
"SRSF2","ENSG00000161547","PAS44942_ATTAAA_0.15",0.0328407703547648,0,6.95458424530807,1,0.00836047254268667,0.0434881023318669,0.248545136050777,0.217460486217953,-0.0310846498328244,"chr17",76734838,76734839,"-",0.233002811134365,0,"MIXED","proximal pA"
"SUCLG1","ENSG00000163541","PAS7956_None_0.2",0.578420455822883,NA,0.742971543939348,1,0.388710646255273,0.62574928616365,0.395518269538442,0.378978364291165,-0.0165399052472761,"chr2",84425414,84425415,"-",0.387248316914804,0,"MIXED","proximal pA"
"TBCA","ENSG00000171530","PAS16378_APA_0.35",0.717292608441244,NA,0.34763851824755,1,0.555452961262121,0.757471866766619,0.217794980432803,0.22673212866301,0.00893714823020775,"chr5",77691486,77691487,"-",0.222263554547907,0,"MIXED","proximal pA"
"THOC2","ENSG00000125676","PAS53038_AATAAA_0.3",0.0227550293498642,0.400002625827871,2.51435769284126,1,0.11281359077327,0.288695602484021,0.236821335684064,0.192227329092096,-0.0445940065919684,"chrX",123600945,123600946,"-",0.21452433238808,0,"MIXED","proximal pA"
"THUMPD1","ENSG00000066654","PAS41387_ATTAAA_0.3",0.549110422907945,NA,1.34359715506434,1,0.246400597546681,0.477869718720731,0.448332857491208,0.416779515067072,-0.0315533424241354,"chr16",20735526,20735527,"-",0.43255618627914,0,"MIXED","proximal pA"
"TLE5","ENSG00000104964","PAS47520_AATAAA_0.2",0.719021406262027,NA,0.343118152282841,1,0.558034871361056,0.758760773460949,0.804665286939063,0.811919155537405,0.00725386859834187,"chr19",3053161,3053162,"-",0.808292221238234,0,"MIXED","proximal pA"
"TM4SF1","ENSG00000169908","PAS11963_APA_0.05",0.601821841917783,NA,0.662184258293564,1,0.415789875467665,0.649252528171408,0.183035037246941,0.163544629160369,-0.0194904080865714,"chr3",149369671,149369672,"-",0.173289833203655,0,"MIXED","proximal pA"
"TPP1","ENSG00000166340","PAS30878_APA_0.35",0.310501256493201,NA,2.02329530407224,1,0.15490266269954,0.354958198618569,0.160761897628956,0.101304852460776,-0.0594570451681791,"chr11",6613848,6613849,"-",0.131033375044866,0,"MIXED","proximal pA"
"TRIM14","ENSG00000106785","PAS26279_APA_0.2",0.308799381816579,NA,2.03563604816827,1,0.153649897863161,0.353019725241201,0.0911004280809172,0.0589609433854243,-0.0321394846954929,"chr9",98087064,98087065,"-",0.0750306857331708,0,"MIXED","proximal pA"
"TRMT2A","ENSG00000099899","PAS51291_AATAAA_0.2",0.575815573231558,NA,0.751449269711884,1,0.386017770982022,0.623382959012555,0.810702991322769,0.837824451297013,0.0271214599742436,"chr22",20112303,20112304,"-",0.824263721309891,0,"MIXED","proximal pA"
"USP40","ENSG00000085982","PAS9003_None_0.15",0.339181583325778,NA,2.03277670964599,1,0.15393913625132,0.353168478734845,0.423559757272781,0.375554452260274,-0.0480053050125071,"chr2",233485766,233485767,"-",0.399557104766527,0,"MIXED","proximal pA"
"VPS26C","ENSG00000157538","PAS50526_AATAAA_0.4",0.455913191326124,NA,1.78193969819631,1,0.18191132295743,0.394119730718421,0.292631870200156,0.2287886507848,-0.0638432194153567,"chr21",37223681,37223682,"-",0.260710260492478,0,"MIXED","proximal pA"
"ZBTB21","ENSG00000173276","PAS50582_AATAAA_0.45",0.962581313960223,NA,0.00658318475558417,1,0.935333138217264,0.968348936945577,0.554100968183858,0.562512489046649,0.00841152086279173,"chr21",41988643,41988644,"-",0.558306728615253,0,"MIXED","proximal pA"
"ZBTB44","ENSG00000196323","PAS32007_AATAAA_0.2",0.600772977093154,NA,1.08963110751301,1,0.296552957960208,0.534364709158068,0.184122617898724,0.152219110128118,-0.0319035077706063,"chr11",130230732,130230733,"-",0.168170864013421,0,"MIXED","proximal pA"
"ZNF281","ENSG00000162702","PAS4617_AATAAA_0.35",0.945551301842932,NA,0.01440797044188,1,0.904456843864696,0.954448891811834,0.238989749622444,0.233313375394373,-0.0056763742280711,"chr1",200405382,200405383,"-",0.236151562508409,0,"MIXED","proximal pA"
"ZNF585B","ENSG00000245680","PAS48105_APA_0.15",0.914464534964554,NA,0.037881269452896,1,0.845681745566998,0.928332025089661,0.242937210879272,0.224741607309668,-0.0181956035696037,"chr19",37184821,37184822,"-",0.23383940909447,0,"MIXED","proximal pA"
"ZSWIM7","ENSG00000214941","PAS43875_AATAAA_0.15",0.921159928301417,NA,0.0559392611062322,1,0.813033207074587,0.911545204929776,0.801318292179955,0.78465209642399,-0.0166661957559653,"chr17",15977730,15977731,"-",0.792985194301972,0,"MIXED","proximal pA"
"ZWINT","ENSG00000122952","PAS28587_None_0.2",0.531493198674606,NA,1.7698570380453,1,0.183399772694264,0.395911740091425,0.285306392444708,0.266648019640958,-0.0186583728037497,"chr10",56357676,56357677,"-",0.275977206042833,0,"MIXED","proximal pA"
