ensgene,baseMean,log2FoldChange,lfcSE,pvalue,padj,gene_symbol
ENSG00000000971,64.30114952277408,1.3964587582229058,0.24476741142962846,1.5525052703941367e-9,1.3684237507137516e-8,CFH
ENSG00000003147,191.3229813969515,1.07653836873561,0.1476726850828657,6.229868396930765e-14,8.903141304847315e-13,ICA1
ENSG00000005483,206.28613514637195,1.2650163981832443,0.14542593595077596,4.779942049021883e-19,1.0515201167672719e-17,KMT2E
ENSG00000006025,74.70585710393517,1.7171942199978973,0.23802824717168836,5.0363004555884937e-14,7.297277894161201e-13,OSBPL7
ENSG00000006534,130.08436032888247,1.5355660458040001,0.18227225115402937,4.586604850469204e-18,9.293659996494068e-17,ALDH3B1
ENSG00000006837,25.93264190145523,1.5649278654729957,0.4357576623540039,3.3669684609483116e-5,1.5402110690371907e-4,CDKL3
ENSG00000007516,10.176533235617958,1.05944336319935,0.6788438771394314,0.012331992687904381,0.030117352798816565,BAIAP3
ENSG00000008300,104.55840654497713,1.4898220093279324,0.19987918298145677,1.1030086375529112e-14,1.7122323379575072e-13,CELSR3
ENSG00000008516,5.643046241821556,1.58411904495024,1.130046845124528,0.008013860946537988,0.020767886169031188,MMP25
ENSG00000011021,99.74839072818007,1.241070889793529,0.20152890299775986,1.1585262755050471e-10,1.1707094873055195e-9,CLCN6
ENSG00000011638,47.47429955350203,1.247681738676548,0.3011628473712563,4.955095887475492e-6,2.6131874372231866e-5,LDAF1
ENSG00000012171,61.221523558968784,1.4748369771856653,0.26599972260370686,3.2629814945242586e-9,2.767086039454979e-8,SEMA3B
ENSG00000013364,538.3440536755269,1.6909546175642707,0.09878886573406302,1.7384681962717658e-66,3.67967937273036e-64,MVP
ENSG00000019549,4.95308606308993,1.8004965393417924,1.3270946381618542,0.008640501862857575,0.02214994773779676,SNAI2
ENSG00000021355,284.2728469426638,1.0829036335059752,0.11802100020290777,8.519801649011172e-21,2.1215525155558344e-19,SERPINB1
ENSG00000021762,112.47136399001984,1.1496453820817656,0.18619232404143926,1.0964932464359767e-10,1.1101728325098063e-9,OSBPL5
ENSG00000023445,243.25022506277392,1.1767908528154756,0.13471665226243937,3.870660934493419e-19,8.563017262283958e-18,BIRC3
ENSG00000023892,165.29974204288592,1.111764422459541,0.16240998876411156,1.241159120326708e-12,1.5520856895235868e-11,DEF6
ENSG00000025708,63.91865650856035,1.790079241202194,0.28045069284973406,2.1195655839432832e-11,2.344544896984721e-10,TYMP
ENSG00000026751,12.111267803144786,2.4948137295263737,0.6682530616996055,1.7960318680405572e-5,8.621283220692384e-5,SLAMF7
ENSG00000026950,70.06306494720234,1.0298777220894153,0.24224917922559958,4.245267166508449e-6,2.2655407028627544e-5,BTN3A1
ENSG00000027075,24.135064870543683,1.3659751163235647,0.41386966630248273,1.1360753778026948e-4,4.6704327145731257e-4,PRKCH
ENSG00000028277,426.72201721125913,1.1188014405792135,0.10150497068153748,5.980988345843808e-29,2.5387593620854084e-27,POU2F2
ENSG00000035115,32.683589656820054,1.0494002498297783,0.3466808532566603,4.0285533737892274e-4,0.0014657196630350911,SH3YL1
ENSG00000036530,11.078134293364547,2.273351511360506,0.6843898590168473,7.441396234311898e-5,3.181943467595611e-4,CYP46A1
ENSG00000048052,151.15358539136517,1.7891611430077197,0.18187777731913934,8.707942228894643e-24,2.6229326755995534e-22,HDAC9
ENSG00000049759,377.0721243817831,1.415421901838698,0.1099078943933603,1.0118071717892688e-38,7.619199871026595e-37,NEDD4L
ENSG00000050405,1403.4420042472495,1.0065012759597547,0.06657348112947697,2.7517094088323722e-52,3.561985493433177e-50,LIMA1
ENSG00000056972,49.152933435413765,1.1128228244805718,0.2866900383386425,1.6491928759777173e-5,7.945649958916944e-5,TRAF3IP2
ENSG00000058085,236.0569936707041,2.0051859666496004,0.1432330254506394,1.1738371730674007e-45,1.1636589646680188e-43,LAMC2
ENSG00000059804,179.4819347724315,1.844448413800192,0.15397191269428306,4.398609906645029e-34,2.417383402378284e-32,SLC2A3
ENSG00000062282,4.634930370685807,2.122869572172054,1.2896921650278568,0.005678740672786901,0.01537795905218901,DGAT2
ENSG00000063438,12.728751893339078,1.6334120672612191,0.6166883671842355,6.381728420468692e-4,0.0022311833091473465,AHRR
ENSG00000064547,50.191891003669525,1.225682503985631,0.29701289230820466,5.246248308223928e-6,2.7548594106014582e-5,LPAR2
ENSG00000065613,772.8621635749206,1.2330752515529826,0.08280692319486964,7.106112160320444e-51,8.49641486771749e-49,SLK
ENSG00000065923,209.8954222005165,1.6719303825110536,0.1415095349640302,4.1951133838823417e-33,2.1829920575331934e-31,SLC9A7
ENSG00000067066,385.38911023092845,1.3509590149711712,0.10551866848015959,2.3943099106491495e-38,1.7773495796444374e-36,SP100
ENSG00000067182,1211.2978212643748,1.2401582637377313,0.06709162083206004,5.159500334698945e-77,1.6162650748477914e-74,TNFRSF1A
ENSG00000067191,91.86656359450599,1.0201216081369355,0.20335917179493518,1.0314552610602108e-7,7.101399452301574e-7,CACNB1
ENSG00000069399,235.2252587121965,1.172663847552495,0.1336412507847219,3.3416410321941936e-19,7.4558580466179e-18,BCL3
ENSG00000070669,7.932563854790154,1.3955741831820896,0.8182305927498791,0.006339185376627464,0.016920698799269933,ASNS
ENSG00000071282,10.533689394082907,2.262775096278632,0.7357592851748518,1.515816096415163e-4,6.079955830512343e-4,LMCD1
ENSG00000072840,76.15007391435974,1.1780744852905476,0.22337279372929086,2.2127923682375576e-8,1.6767763359315366e-7,EVC
ENSG00000073350,209.05802589878883,1.067479963510575,0.1441563448062404,2.239930359990139e-14,3.3799642802047735e-13,LLGL2
ENSG00000073605,61.569105563299736,2.125656416138178,0.2691535766440558,2.479538172162939e-16,4.3784674622985474e-15,GSDMB
ENSG00000074527,46.25808355074344,2.346842501377537,0.34099442939660773,6.242201573476041e-13,8.047045534597139e-12,NTN4
ENSG00000075426,508.37376137048255,1.4832599025393969,0.09709784597050297,1.065706129633421e-53,1.4514917485607192e-51,FOSL2
ENSG00000076770,26.737770365684607,1.7008506848679148,0.39744169883491215,1.8255355935306197e-6,1.0359914493286266e-5,MBNL3
ENSG00000076864,8.727595127916091,1.599891337578397,0.8150411194003192,0.0036869066989306015,0.010547583493214614,RAP1GAP
ENSG00000078018,12.844978333667308,2.7241471247254085,0.705661173975236,1.0231941437460174e-5,5.090943415976451e-5,MAP2
ENSG00000079263,8.00709700796264,2.461955585268109,0.8475591187225943,3.098028321110865e-4,0.0011561691111164993,SP140
ENSG00000079385,5.143702122629271,4.0120499533426415,1.462510844927614,3.938452565208338e-4,0.0014352718131423498,CEACAM1
ENSG00000080031,4.039232300448838,1.280748753059054,1.6376875660379817,0.016427235274970968,0.03846610646013908,PTPRH
ENSG00000080546,65.37648458489106,1.2771975854076645,0.24846509428502364,3.658115178257667e-8,2.6988722579863326e-7,SESN1
ENSG00000080603,23.355869089567744,1.6809809363848724,0.4623775274534249,2.5271131866269547e-5,1.1808524415912288e-4,SRCAP
ENSG00000081041,11.121034666072694,1.2192080944620076,0.6562387738753204,0.0063413192147228365,0.01692351045496742,CXCL2
ENSG00000081052,7.927290709804928,1.5207786105120127,0.8395718550576589,0.004594953951792157,0.012765300416268279,COL4A4
ENSG00000081189,81.47650170185211,1.3267110518061564,0.22380358120352045,4.5219182770955084e-10,4.248758606727472e-9,MEF2C
ENSG00000081277,242.81836969863102,1.158841577161587,0.13436696197880743,1.051513685326992e-18,2.2407971228947856e-17,PKP1
ENSG00000081923,51.810909679724965,1.391404361296587,0.27934400159819534,7.832287344305815e-8,5.507504107934576e-7,ATP8B1
ENSG00000084112,262.81969856469004,1.51192935490502,0.12720443698585368,1.4153246342052574e-33,7.514654151036253e-32,SSH1
ENSG00000084636,15.97759241540446,1.4438105680066717,0.577228238942166,0.0010281897535206813,0.0034243113139260963,COL16A1
ENSG00000085117,19.957934640927167,1.1057128658257167,0.4770993839001692,0.0028730050651007122,0.00848894139495802,CD82
ENSG00000085465,32.34497487252589,2.0264449840355208,0.3996647899422427,3.1810601511858266e-8,2.3692318187362627e-7,OVGP1
ENSG00000087086,69918.60304092977,1.5347432878137919,0.04351510953654185,2.02644982270669e-273,7.935070893263722e-270,FTL
ENSG00000087245,6.45776634117638,3.6397650049108554,1.1714563645969251,3.073950071985695e-4,0.0011482776049967073,MMP2
ENSG00000088340,2.3215448632220954,3.599698351911391,2.8851548221784147,0.003228364503577919,0.009397114517662319,FER1L4
ENSG00000088538,48.39787853387106,1.2193764129488713,0.2841276480900552,2.4427255006589583e-6,1.353871532796223e-5,DOCK3
ENSG00000088826,46.51312810627068,1.4921520690921466,0.30066984141746506,8.742304212340037e-8,6.091223793500089e-7,SMOX
ENSG00000089127,9.894990704866046,1.4616352507535024,0.6976071484819638,0.0028819844748525815,0.00851226151793626,OAS1
ENSG00000089692,16.455849648388817,2.908319884940986,0.6029637663491777,1.6311404904318053e-7,1.093220089928685e-6,LAG3
ENSG00000090238,74.66979677177262,1.30760805315829,0.22932469825763416,1.759129959053513e-9,1.5384283946764474e-8,YPEL3
ENSG00000092295,21.244320115151318,1.686790433465237,0.5011283814849213,6.89488811519538e-5,2.969332761845071e-4,TGM1
ENSG00000093010,578.5408307853852,1.2008843483012666,0.08712994230583643,5.579195199218414e-44,5.201603238414168e-42,COMT
ENSG00000094916,907.182578289332,1.0732400163460063,0.08276331114794755,3.7159497661245066e-39,2.8253845236314633e-37,CBX5
ENSG00000095383,148.9989161547234,1.3569105799406804,0.16635850047877784,4.690773388253181e-17,8.705163931304453e-16,TBC1D2
ENSG00000099250,45.553749030909565,1.2912010015091953,0.31050380340852923,3.784218395478229e-6,2.0354468656722356e-5,NRP1
ENSG00000099290,409.15579856999216,1.1350563037025694,0.10756915775208493,7.141953044037568e-27,2.657111889044191e-25,WASHC2A
ENSG00000099812,23.225838486108973,2.0079410970370306,0.44683503261905433,5.51322410498231e-7,3.4172389852132142e-6,MISP
ENSG00000099998,15.188814296522118,2.8603717555318178,0.6434438164619679,8.338135177855073e-7,4.991121669942211e-6,GGT5
ENSG00000100060,7.807928676963358,2.9971213932353447,0.9643560816706995,1.8166398821325654e-4,7.154646837777815e-4,MFNG
ENSG00000100284,135.50784832546256,1.098636074511887,0.1783109525567737,1.351881318653732e-10,1.3538693794164583e-9,TOM1
ENSG00000100290,42.527601042840054,2.0599887520408444,0.33436647148764653,5.273176098322302e-11,5.573128018085171e-10,BIK
ENSG00000100292,338.36551643596675,1.5551964222888064,0.12888473731817945,2.4618895464225367e-34,1.3971223175947896e-32,HMOX1
ENSG00000100342,81.99929236954812,1.381404826033544,0.2226705969738788,8.035834111859529e-11,8.302458423090753e-10,APOL1
ENSG00000100429,124.26881684278646,1.774362773638425,0.19577990820680702,1.2812353063495065e-20,3.1307314513810173e-19,HDAC10
ENSG00000100439,94.91638926516748,1.031936105637387,0.20680085318790006,1.1398544656242795e-7,7.803120845748728e-7,ABHD4
ENSG00000100592,98.90678490665964,1.0962206226035367,0.2009285656093426,8.544999277882136e-9,6.863606343049635e-8,DAAM1
ENSG00000100918,15.046955916513554,1.0181174212586455,0.5276669045261221,0.007272376812115609,0.019124788114198585,REC8
ENSG00000101049,8.020368297121191,1.3839613624208809,0.8409896514416748,0.0076116230588312555,0.019853597330636793,SGK2
ENSG00000101306,10.499954189081683,1.2866560722235874,0.6756653086412557,0.004969608301996718,0.013679960427798699,MYLK2
ENSG00000101384,13.073027089667116,1.4001911969325707,0.5901625718643287,0.0016213342318139746,0.005136520645813569,JAG1
ENSG00000101460,103.17790988383682,1.8660472939481358,0.21437803202286027,3.3728196119323837e-19,7.514718859416348e-18,MAP1LC3A
ENSG00000101883,3.615391647496171,3.166088175724024,1.625303269646493,0.002665303103944291,0.007953256337793757,RHOXF1
ENSG00000102003,9.69145657741023,1.24334802466996,0.7464888196880919,0.007568294711668765,0.01976691680321292,SYP
ENSG00000102032,7.584041479710478,1.8620233229843117,0.8679418230005957,0.002295773879860969,0.006974147843340254,RENBP
ENSG00000102226,333.0096238148609,1.0072415805885349,0.11547432073483696,5.939183786489236e-19,1.2938169074795676e-17,USP11
ENSG00000102575,17.180819325326706,1.2125997332578502,0.518847425598643,0.0023149774410629086,0.0070229501567631875,ACP5
ENSG00000102804,228.70523378305083,1.1049405138860917,0.14314121352863568,2.4034476417917836e-15,3.929561629789636e-14,TSC22D1
ENSG00000102886,47.67285317660966,1.8177196155117998,0.2958398826630334,8.700679503199052e-11,8.961090423018998e-10,GDPD3
ENSG00000102934,8.25557285772106,1.2172203880590144,0.7685420135874941,0.009756697254911273,0.024572945667096842,PLLP
ENSG00000103091,554.5115234022917,1.0321342578851391,0.09558324898730299,7.763122138526552e-28,3.078323596347883e-26,WDR59
ENSG00000103472,6.90717039630886,1.5253459378409209,0.8878538690177121,0.005817513073096574,0.01570758615133798,RRN3P2
ENSG00000103496,309.0671853007241,1.0149957216657715,0.11424969194830516,1.3830051353163823e-19,3.14854788291577e-18,STX4
ENSG00000103671,148.60327604219654,1.0737615124626232,0.16489655992059804,1.4806193021571046e-11,1.664819822662364e-10,TRIP4
ENSG00000103742,18.90493927991895,2.8676274312417083,0.5662168441675416,4.287027525054964e-8,3.136278006769542e-7,IGDCC4
ENSG00000104081,20.040364729007987,2.906697930114168,0.5547463177199055,1.3362021449775856e-8,1.0417587952605237e-7,BMF
ENSG00000104368,299.5586547722123,2.507942529885953,0.14287228436488417,9.009315763820884e-70,2.3133264394873198e-67,PLAT
ENSG00000104381,87.22728599165168,1.1017083789377191,0.21430808049419317,4.489539678131573e-8,3.2737271870844895e-7,GDAP1
ENSG00000104419,357.71036901059125,2.2812931382446617,0.11856835542798104,3.0027586855208207e-83,1.0689138475298322e-80,NDRG1
ENSG00000104435,6.7487911649223955,4.550762855281941,1.3935430136716302,7.35129037289061e-5,3.1468505359547863e-4,STMN2
ENSG00000104783,189.50922458400643,2.460169463093919,0.1780826891736356,3.0535673857590914e-44,2.881206383321967e-42,KCNN4
ENSG00000104888,13.702425570089297,1.4935300006036616,0.5868558628488867,0.0010211685855922024,0.0034052722069684194,SLC17A7
ENSG00000105219,4.128153139208941,3.473043795484614,1.5643535300725715,0.0014721029797364193,0.004721037872975334,CCNP
ENSG00000105289,14.7922703794302,3.0309570532710364,0.6578968178313725,4.779550802169529e-7,2.995682441551874e-6,TJP3
ENSG00000105327,321.035944561286,2.2802230123150338,0.13584384469479088,1.505107091551783e-64,3.1019068914441548e-62,BBC3
ENSG00000105499,247.18398321430257,1.2527767373949863,0.13361939588001803,1.2275822629545358e-21,3.2261109034659216e-20,PLA2G4C
ENSG00000105514,48.05168299720555,1.385279652891606,0.31209068819719554,1.0394586144702983e-6,6.125297320710414e-6,RAB3D
ENSG00000105516,73.29204325286982,1.128625690345357,0.25541513877241306,1.499224812811118e-6,8.630047130856503e-6,DBP
ENSG00000105583,5.444192733762265,1.222806097078798,1.1874877866246363,0.016450922382317105,0.03850430323882738,WDR83OS
ENSG00000105851,12.504617980994395,1.1270872726187773,0.6237929503028031,0.0074496289344259834,0.01950903494397495,PIK3CG
ENSG00000105852,23.036377860928912,1.8152296124898828,0.44824752156361436,4.414333793477438e-6,2.3509592045983376e-5,PON3
ENSG00000105856,53.49030594362003,1.0198052449625752,0.26872940040102367,2.7333943804477294e-5,1.2715520101263077e-4,HBP1
ENSG00000105974,235.40864362322716,1.966453591876096,0.14330628125446038,7.951774864584399e-44,7.326391159057967e-42,CAV1
ENSG00000106069,59.60844395330589,1.084963368585928,0.2573812071359662,4.163244222994159e-6,2.2240414142141036e-5,CHN2
ENSG00000106089,51.188116458969525,1.0874703938450063,0.2824675354810363,2.0591060948307934e-5,9.78512705198262e-5,STX1A
ENSG00000106479,11.745274386356266,1.486699749599663,0.6782817450267744,0.0021308592452207397,0.006528570218338581,ZNF862
ENSG00000107317,62.41153102139106,1.996724419943943,0.27860789467570474,7.407029198435622e-14,1.0499212519013317e-12,PTGDS
ENSG00000107731,31.66952304648525,1.764275753028979,0.39482452598641943,8.226717435132414e-7,4.932562134017779e-6,UNC5B
ENSG00000107738,89.3965554426786,2.8665364878699515,0.2497340043720197,1.1882835372193895e-31,5.762255431414024e-30,VSIR
ENSG00000107831,2.506487794480755,3.965776202248375,2.7286713992560934,0.002019539532240955,0.006231687882878266,FGF8
ENSG00000107954,12.582117631417331,1.2993535506512972,0.5996395489336058,0.0030729567260191636,0.009010056383309277,NEURL1
ENSG00000107984,99.00842073097267,1.4204563385601694,0.20385193826627596,4.297405009884092e-13,5.632657294545149e-12,DKK1
ENSG00000108309,11.449263993168566,3.268088483574644,0.8255429704743028,6.01572336309553e-6,3.1314149231028676e-5,RUNDC3A
ENSG00000108556,9.920976025590912,1.0214027907336665,0.7214846486195464,0.01699389740272648,0.03960943675876561,CHRNE
ENSG00000108828,2383.6828166436107,1.089055560105051,0.054975535329361974,4.7213101202789055e-88,1.9460494845770657e-85,VAT1
ENSG00000108840,207.35990367884827,1.2773482417422883,0.14782072286614817,7.447218245118919e-19,1.608907301700657e-17,HDAC5
ENSG00000108846,29.50204541217874,3.0328929714989803,0.4591614991601137,4.359198606991393e-12,5.168669779054216e-11,ABCC3
ENSG00000109846,3.3456002562445426,2.8617269920311768,1.7660288901530388,0.0045630386770250395,0.012694649164874457,CRYAB
ENSG00000110031,24.353358589002266,1.4007256391030816,0.42901885322227223,1.0812295584539083e-4,4.464882302679558e-4,LPXN
ENSG00000110057,250.12971039158415,1.1153072488352465,0.127872321549421,4.70789579120338e-19,1.0371275918089809e-17,UNC93B1
ENSG00000110169,14.265769027589565,2.3336668315560707,0.6231673496798481,1.5388787537606426e-5,7.453140977165413e-5,HPX
ENSG00000110723,13.76391494527887,1.026992188810509,0.541945820206782,0.007852222170480238,0.020403011920410084,EXPH5
ENSG00000110841,619.8123456001903,1.0496249246278144,0.084633460515871,5.1470787382152195e-36,3.263914748043117e-34,PPFIBP1
ENSG00000110852,149.3913878109341,1.1734760722367599,0.179805425950306,1.1462808053961312e-11,1.309569384020394e-10,CLEC2B
ENSG00000110876,11.27754247297338,1.2286844724386243,0.6660729032586021,0.005690566410206066,0.015407319219197515,SELPLG
ENSG00000110888,1431.4781933350296,1.6377047924146688,0.0660246900399594,1.0658685380225983e-136,7.949856624308551e-134,CAPRIN2
ENSG00000111348,155.37101714395985,1.5697637078417503,0.164545345254491,1.885716998368783e-22,5.209168491261067e-21,ARHGDIB
ENSG00000112303,9.832728871049438,1.0135099395326592,0.7008335244147794,0.015197945863863084,0.035996586430619607,VNN2
ENSG00000112599,30.225638120124326,1.8911347027233225,0.4045128639482214,2.6725431429216913e-7,1.7247648639300556e-6,GUCA1B
ENSG00000113369,142.15608385675736,1.7717539082072495,0.1786003427116879,2.9172208161623997e-24,9.156799527765865e-23,ARRDC3
ENSG00000113389,9.76855616295151,1.0568695248122681,0.7320196879457453,0.015127538365656163,0.03584906604583079,NPR3
ENSG00000113916,51.8485045269976,1.2360369787331702,0.30470820413771416,6.127906076810468e-6,3.1834624504504927e-5,BCL6
ENSG00000113924,2.3388437461891107,3.6342485672948905,2.8957801241030894,0.0032138511296618518,0.009362557677033107,HGD
ENSG00000114268,32.701164759678456,1.4049479369653872,0.3626360705404468,1.2618751286646957e-5,6.188087082114944e-5,PFKFB4
ENSG00000114270,30.709774828455277,1.0392092586690158,0.35291533073714926,5.401243507766767e-4,0.0019179251204296274,COL7A1
ENSG00000114315,31.193601305274353,1.1826711003697923,0.3718503217683772,2.1699315560861894e-4,8.392009373574811e-4,HES1
ENSG00000114405,176.6876274484524,1.126690053208831,0.147652467184917,4.041942378730646e-15,6.47993280225774e-14,C3orf14
ENSG00000114626,184.51591871758546,1.5289563789382103,0.153425815209104,2.8468598389919257e-24,8.953888686371593e-23,ABTB1
ENSG00000114796,138.2790763025333,1.6744575991426818,0.1835331298912154,7.281787449827422e-21,1.8248741892263507e-19,KLHL24
ENSG00000115339,5.913844302910431,1.8843337682392722,1.0457969723458898,0.004126637029250669,0.011656540268557839,GALNT3
ENSG00000115556,13.84832480441606,1.0701760508642155,0.5420978665873935,0.0060934069292517944,0.016361622589073435,PLCD4
ENSG00000115738,16.869643150525018,1.3027911302607549,0.5150177157681646,0.0012685876817299575,0.004136974569838918,ID2
ENSG00000116016,18.757784838141607,2.0442956184591616,0.5218457047686145,8.988444481270186e-6,4.5196149569866745e-5,EPAS1
ENSG00000116117,36.79974302379798,1.3311014290979768,0.32699472916662536,6.175375731291312e-6,3.207059352759146e-5,PARD3B
ENSG00000116254,14.505543361540347,1.3988680407039906,0.5640421748027862,0.0012809340376388834,0.004170290964776103,CHD5
ENSG00000116983,9.73261187532716,3.3549872490132846,0.9080016853876163,2.302347128356293e-5,1.0832581277093606e-4,HPCAL4
ENSG00000117266,39.999626241933726,1.2650655007511988,0.3132648432607966,7.260413490307001e-6,3.724856092324879e-5,CDK18
ENSG00000117318,848.518197795721,1.1691920512847238,0.09098024864492199,1.4346128681068628e-38,1.0700162549122758e-36,ID3
ENSG00000117472,22.982281222379324,1.0147767962123195,0.41527665899068805,0.002318449835303979,0.007032122341279284,TSPAN1
ENSG00000117707,3.8884412899709297,1.5711469350445209,1.478733753574117,0.013337024571438174,0.03221394741715732,PROX1
ENSG00000118503,19.96017571003789,1.4554190869643713,0.47089184871024536,2.1063079664782223e-4,8.164093461754119e-4,TNFAIP3
ENSG00000118514,18.182450352614087,1.952671031704125,0.5032715103909543,8.937812058406175e-6,4.495598916853433e-5,ALDH8A1
ENSG00000118785,113.59989606150204,1.5454531320104246,0.18990961959364264,5.550589625644252e-17,1.027646398421583e-15,SPP1
ENSG00000118898,38.93740395722705,4.777601211094587,0.5698700205251119,2.0065505864194312e-17,3.861007596448102e-16,PPL
ENSG00000119125,251.34149591493053,1.378337432143892,0.13696284965267538,8.63809170929706e-25,2.8364450826566006e-23,GDA
ENSG00000119917,52.08432518663499,2.111688177625715,0.3405616637624674,3.4300452922598536e-11,3.712840318774436e-10,IFIT3
ENSG00000119922,39.45320708271259,2.8852414907723283,0.38112966100513956,5.152143839885576e-15,8.184384276280707e-14,IFIT2
ENSG00000119950,288.96616868114614,1.1638176173726578,0.12494431535916393,2.2684674218180425e-21,5.872893426105124e-20,MXI1
ENSG00000119986,99.15621179087583,1.0782361030265157,0.20655979403573432,3.291144260845233e-8,2.443293347009965e-7,AVPI1
ENSG00000120075,158.69830501996657,1.2025490477294793,0.15832433095236723,5.022683846499271e-15,8.003082104549144e-14,HOXB5
ENSG00000120149,21.751820524233626,1.1123723814377022,0.44367853615501623,0.0016367250601810556,0.005181088241231988,MSX2
ENSG00000120337,41.22523707587347,1.4280359135168712,0.343192576957059,3.0552975571277988e-6,1.666264820239997e-5,TNFSF18
ENSG00000120341,18.326675512549663,1.7001151423525678,0.5011059787804691,6.017261192250973e-5,2.619465315570511e-4,SEC16B
ENSG00000120341,18.326675512549663,1.7001151423525678,0.5011059787804691,6.017261192250973e-5,2.619465315570511e-4,CRYZL2P-SEC16B
ENSG00000120708,26.869677769463408,1.783523611547982,0.41952476237774156,2.06869066258321e-6,1.1621916014361844e-05,TGFBI
ENSG00000120875,239.35168442356232,2.80520192709816,0.16106991901378764,1.130893627167973e-68,2.683816194292721e-66,DUSP4
ENSG00000120899,34.24163302696173,1.6219639162671917,0.36263850151944566,7.811771286159192e-7,4.698762429151744e-6,PTK2B
ENSG00000121060,1038.6179604686672,1.152464246090532,0.07855227058762014,1.7550469657261675e-49,1.9919783060992e-47,TRIM25
ENSG00000121769,4.271482917853185,2.707039609638711,1.339213872799555,0.0036359399298432635,0.010428442981346828,FABP3
ENSG00000121797,5.288107282677658,1.7371052670349993,1.1277700949534843,0.007265558783602227,0.019113276323070486,CCRL2
ENSG00000121964,32.36616070984582,1.0900961077044902,0.34844320052817956,2.624230142223823e-4,9.945152847242135e-4,GTDC1
ENSG00000122515,1065.6090625562051,1.1156296843458018,0.07045041260750375,3.0268568398865286e-57,4.837720273790071e-55,ZMIZ2
ENSG00000122786,327.0097731996534,1.1974343565384156,0.12000536941598776,3.4653057268095364e-24,1.0833749221360833e-22,CALD1
ENSG00000122861,6068.09227959645,1.9862228650800355,0.04628943302586641,0,0,PLAU
ENSG00000123095,26.050536686047337,1.7839948982064318,0.45763329201405645,7.219987746559708e-6,3.70532988448115e-5,BHLHE41
ENSG00000124134,4.226211421091064,2.5366223473447675,1.370890147017237,0.004440301204275954,0.01242766797510897,KCNS1
ENSG00000124191,31.28922063795216,1.1157810834864224,0.3878912499797398,5.817378706058654e-4,0.0020498898239144367,TOX2
ENSG00000124194,6.586649704942265,2.055290714158328,0.943467843237861,0.002127626438587823,0.006521150479424786,GDAP1L1
ENSG00000124313,27.040815290013068,1.6871781782056354,0.400694602667914,2.5396347433486173e-6,1.4036097030723145e-5,IQSEC2
ENSG00000124762,981.4698476626095,2.072261420476501,0.07797760848800157,1.1759175285372629e-156,1.416799711498396e-153,CDKN1A
ENSG00000124782,210.64284690371832,1.0636966653384576,0.13529131053514537,7.80928000942081e-16,1.3309766353379557e-14,RREB1
ENSG00000124813,46.03606296753778,1.8611219115978785,0.3069154805946908,1.5208374490417112e-10,1.5133975199707954e-9,RUNX2
ENSG00000124882,76.63282516169348,1.7730755193580763,0.24211541548749232,2.816740593421747e-14,4.1977743020708684e-13,EREG
ENSG00000125089,23.57328097346566,1.561260721116341,0.41982226955394025,2.0684602179802246e-5,9.820640313496289e-5,SH3TC1
ENSG00000125538,71.74618781591896,1.595254193233432,0.2435884782141475,6.091014273572092e-12,7.11966840051938e-11,IL1B
ENSG00000125637,43.23385172942775,1.1308573737706888,0.30868285706233145,3.581540104583942e-5,1.6293250844640804e-4,PSD4
ENSG00000125731,30.642316161450456,1.4342535721936023,0.3752919032304561,1.3324962334440459e-5,6.516043866510799e-5,SH2D3A
ENSG00000125772,81.97491690846032,1.1686435841638854,0.22717249412574864,4.527169004525752e-8,3.296561976656757e-7,GPCPD1
ENSG00000125775,40.30588392582405,1.59922540507733,0.3356765604360613,1.845300602545698e-7,1.2247009888844605e-6,SDCBP2
ENSG00000125968,1794.589226992069,1.3296920836054187,0.05837978573857989,1.0484003010633583e-115,6.315805352136685e-113,ID1
ENSG00000126005,834.5705153343293,1.6609379614178457,0.0838720810414808,1.6330313766559275e-88,6.913019041232917e-86,MMP24OS
ENSG00000126259,21.06013836747322,1.0331069911548085,0.4269581338850521,0.0023990480207551493,0.007241528068816324,KIRREL2
ENSG00000126561,161.03694597749578,1.1249914461627173,0.1627229151245576,8.001705624171513e-13,1.018948903995109e-11,STAT5A
ENSG00000126860,7.588014537169055,1.630470422045168,0.8693598557680771,0.004296331184917951,0.012083576108703515,EVI2A
ENSG00000127329,21.676307502732964,2.5358884092781744,0.505672414721209,4.3612051663708495e-8,3.186080061607585e-7,PTPRB
ENSG00000127364,24.883865597012345,2.84475643246675,0.4771520121183056,2.8012235700099876e-10,2.6835207814719534e-9,TAS2R4
ENSG00000127528,134.18847606626545,1.6126377406664576,0.17818895445822638,1.7063941721041586e-20,4.1055686509473788e-19,KLF2
ENSG00000128016,121.4328602041441,1.1809036279864125,0.18152010028212687,1.3305032808627073e-11,1.5068454727514523e-10,ZFP36
ENSG00000128284,8.274597300072505,1.7689524509515522,0.8134249213008996,0.002075817217224902,0.0063827100654483,APOL3
ENSG00000128298,5.730518256575901,1.9343848838092603,1.127657279318119,0.005112910943732084,0.014015317485417506,BAIAP2L2
ENSG00000128482,10.904242173709799,3.670563845931858,0.8945125793174138,6.703130706884962e-6,3.458206069233832e-5,RNF112
ENSG00000129467,10.363294827360697,2.276615603009265,0.751488066513788,1.8492984806371934e-4,7.263180065752347e-4,ADCY4
ENSG00000129667,225.19338797426497,1.3329376701436988,0.13647549363843117,2.2257874604749222e-23,6.516356821199758e-22,RHBDF2
ENSG00000129757,72.26963781013647,3.2375453206920835,0.30976030738098903,3.432869611495232e-26,1.222023561928405e-24,CDKN1C
ENSG00000130054,11.372360245941112,1.1935347503101554,0.6255352182441094,0.0057678113129258236,0.015581446808271329,NALF2
ENSG00000130158,92.18909186826268,1.1302464483238872,0.20194576736709366,3.918543245108701e-9,3.2821466763709935e-8,DOCK6
ENSG00000130203,160.32915465421243,1.9433440627166643,0.16610892564765053,1.328088220779965e-32,6.6672582698963435e-31,APOE
ENSG00000130304,63.07798426722787,1.022146647742386,0.2458171999083677,6.106604297766885e-6,3.174501928839121e-5,SLC27A1
ENSG00000130477,10.641159230124192,4.029757017566153,0.949938734447479,5.529599435060601e-6,2.8918235709968013e-5,UNC13A
ENSG00000130513,223.2255909261022,2.4000093331872776,0.1527277542017186,1.3597593474584439e-56,2.1087040256674856e-54,GDF15
ENSG00000130517,104.80499077028794,1.3256238889286653,0.19310982186880907,9.259736111116664e-13,1.1696390863582283e-11,PGPEP1
ENSG00000130707,88.82797935162235,2.2279755699047485,0.23600010960682147,5.443675974297919e-22,1.4675438345168386e-20,ASS1
ENSG00000130813,43.36427238808715,1.2325440175189373,0.29963241809766006,5.597291111100668e-6,2.9242952192518266e-5,SHFL
ENSG00000130827,180.1640694240127,1.0909363341168279,0.14923936536810703,5.306987706642391e-14,7.654083650933681e-13,PLXNA3
ENSG00000130956,167.52573084730048,1.3442363810596838,0.1568246462255083,1.4871359179541176e-18,3.1349946006615534e-17,HABP4
ENSG00000130997,23.655837257417716,1.4900910027047378,0.43919197694039813,7.524019296018348e-5,3.21376368239802e-4,POLN
ENSG00000131080,40.30791198097048,1.0297086899574428,0.33222736839172745,3.1596394562385374e-4,0.0011766389159073754,EDA2R
ENSG00000131096,9.627484570610322,7.154842491001569,2.5775778652372714,1.4545439854011428e-7,9.790512438048174e-7,PYY
ENSG00000131400,11.721511560198167,1.815611718680325,0.6405575425375263,3.8343465007713995e-4,0.0014018771780869715,NAPSA
ENSG00000131981,1387.0376858077655,1.1142892204911248,0.08106622139137754,1.0421754135666246e-43,9.545961112686574e-42,LGALS3
ENSG00000132274,54.3690701153183,2.5332651977637552,0.30097280614343175,3.730085876662651e-18,7.597442794039936e-17,TRIM22
ENSG00000132326,32.92387887538072,1.214948119171605,0.35299965889863444,7.346330961723597e-5,3.1455872567926927e-4,PER2
ENSG00000132470,260.08295151986914,2.3551836835204822,0.15221739021075725,5.468591348160122e-55,7.716625791552431e-53,ITGB4
ENSG00000132692,9.300320003014308,3.364119434777035,0.8854535511272958,1.9699275180884145e-5,9.398408381303331e-5,BCAN
ENSG00000132718,165.6243997381355,1.414163213824018,0.1572361519212754,2.9025958811841474e-20,6.898840559482139e-19,SYT11
ENSG00000132879,72.39331842098301,1.1196747613723501,0.23818770112206006,4.0840027874002106e-7,2.5803846574848527e-6,FBXO44
ENSG00000132952,68.43344248431437,1.0099103666406,0.2367466745117244,3.7962263585634847e-6,2.0412047186467512e-5,USPL1
ENSG00000133101,67.39271825244437,1.050501136697737,0.24706637456836672,3.814148919215582e-6,2.0494344604347737e-5,CCNA1
ENSG00000133321,3.2720336580799376,2.7944628236658584,1.7792141849256013,0.0049444440602766475,0.013617870110095505,PLAAT4
ENSG00000134070,45.87917127522422,1.4039142531564388,0.31044505771215125,6.704279617519413e-7,4.085958429930216e-6,IRAK2
ENSG00000134242,4.27852329113981,1.9735072737190062,1.3952275994193148,0.008511011678518834,0.021860934063732452,PTPN22
ENSG00000134531,627.8328062333281,1.6233198452252495,0.09704820449825585,6.37175433744424e-64,1.279497284453707e-61,EMP1
ENSG00000134538,5.697241343790982,2.088839269910732,1.1428776591366516,0.003661519555568245,0.010488365179017084,SLCO1B1
ENSG00000134548,117.09380970802836,1.2846339519851304,0.18104858937139756,1.7589199573266212e-13,2.3873451725829176e-12,SPX
ENSG00000134668,8.566794240488525,1.795441932392955,0.8613656376145066,0.0023986365424500107,0.007241528068816324,SPOCD1
ENSG00000134955,9.43089626037928,1.316813027821831,0.7326618377494076,0.005898190955960918,0.015900751281104276,SLC37A2
ENSG00000135046,1445.3030507379726,1.031520678365308,0.06122783981924973,2.144603573694943e-64,4.362457892829077e-62,ANXA1
ENSG00000135047,736.8540105115894,1.411244275510829,0.09125805373884915,9.050247969819837e-55,1.2656610174222153e-52,CTSL
ENSG00000135077,5.380987127572368,2.565961453342777,1.2451385081398139,0.002770922671271652,0.008238603227055406,HAVCR2
ENSG00000135090,992.5653000614442,1.0174570844264454,0.0937305048652675,4.1205725338102475e-28,1.667713891397155e-26,TAOK3
ENSG00000135114,61.04780117106577,2.4472160595463737,0.28488605096171465,9.9596394668277e-19,2.1340332827485945e-17,OASL
ENSG00000135116,323.3704498232189,2.7070848911014935,0.13831292870224407,2.3076959458140794e-86,8.815961365679494e-84,HRK
ENSG00000135363,18.363437438723903,1.9218755483836438,0.49330633472161983,8.912883474931808e-6,4.484500284865304e-5,LMO2
ENSG00000135480,25.408056379998346,1.5831142090796322,0.41624814238066227,1.4182358325497355e-5,6.894422050039264e-5,KRT7
ENSG00000135604,9.540775933152263,1.2414481924896126,0.7623333726729717,0.008701215752096758,0.022287349521682997,STX11
ENSG00000135679,794.8432764956483,1.192802497479901,0.07986273601353609,3.2851370363408575e-51,4.051582787417862e-49,MDM2
ENSG00000135924,158.14740489365468,1.248662700320432,0.15910926722428137,5.84404720434583e-16,1.0036766596674204e-14,DNAJB2
ENSG00000136068,2074.5881567169777,2.081004938546881,0.0593743997384085,5.785958738854763e-270,1.8125094345336432e-266,FLNB
ENSG00000136147,65.13897924346992,1.0358358483361265,0.24920354367252037,5.724658772516907e-6,2.9888443451310773e-5,PHF11
ENSG00000136158,99.92950648398265,1.131541132815454,0.1953291322878612,1.21339582976979e-9,1.087266526412141e-8,SPRY2
ENSG00000136167,6.3452309107812,3.622500502464764,1.1648995991083078,3.1099828307165725e-4,0.0011600776631939434,LCP1
ENSG00000136235,30.87507997522813,3.377313284711733,0.47401573609606273,1.3915411108001613e-13,1.9102286081036744e-12,GPNMB
ENSG00000136244,7.090372067654115,4.600899104317273,1.4071562050494708,6.91945885324874e-5,2.977458352154808e-4,IL6
ENSG00000136274,12.103023177401818,1.537276720053234,0.6172681275157669,0.0011541228187165592,0.003792913493402742,NACAD
ENSG00000136542,24.27096093982986,1.7066723245873823,0.42096537603070994,5.159648587147518e-6,2.7155771445057652e-5,GALNT5
ENSG00000136826,292.0124909603057,1.4620872978912307,0.12353983242782977,2.849623880707429e-33,1.4977737866953174e-31,KLF4
ENSG00000137070,100.61102916628629,1.4974894493624096,0.20127161881527894,1.4158296955286111e-14,2.172486935803466e-13,IL11RA
ENSG00000137193,95.60079347722099,1.6024749321168168,0.2272615218330156,1.767367728981292e-13,2.394660963584254e-12,PIM1
ENSG00000137309,25959.357092079463,1.2983150215537371,0.045699887634079776,2.4750743149317165e-178,3.5242808177068617e-175,HMGA1
ENSG00000137331,606.6528671515831,2.1610752612362707,0.09528694309668635,9.72051945704817e-115,5.437589151990911e-112,IER3
ENSG00000137434,36.338450681110565,2.7946923627429836,0.38513339959971177,4.967759927013382e-14,7.224700439815283e-13,C6orf52
ENSG00000137501,19.38593322115076,1.7030581796528077,0.4805305223785528,3.6291741785315974e-5,1.64951814412988e-4,SYTL2
ENSG00000137642,38.97526389224592,2.7032422224743833,0.3848541793279731,2.6039853725485504e-13,3.4711679055513145e-12,SORL1
ENSG00000137752,5.573452701115529,1.1140509791316924,1.1331669321465183,0.01828759735074729,0.042110943443804005,CASP1
ENSG00000137767,227.82316776345746,1.3738337344178297,0.13821200298499495,4.3382354200557255e-24,1.337594121738835e-22,SQOR
ENSG00000137843,33.18315093797343,1.9021466312805446,0.3601993893122391,1.2409823766199931e-8,9.709044438061415e-8,PAK6
ENSG00000137843,33.18315093797343,1.9021466312805446,0.3601993893122391,1.2409823766199931e-8,9.709044438061415e-8,BUB1B-PAK6
ENSG00000137878,2.760139400066494,4.11757885797817,2.7484260713014046,0.0017501463406875246,0.005502316767199658,GCOM1
ENSG00000138002,169.446165530855,1.120775778245537,0.15362594564167775,5.312655329484655e-14,7.655208870811238e-13,IFT172
ENSG00000138100,5.852419976345903,2.8981756283923317,1.094431491145006,8.517584429159735e-4,0.0028989770733144054,TRIM54
ENSG00000138111,57.071174420451904,1.4795443345954218,0.28014987326929813,1.3574518209805145e-8,1.0551745842192457e-7,MFSD13A
ENSG00000138131,3.8869810006838965,1.3680564547061755,1.8561792839617497,0.01699103918072414,0.039608668951880074,LOXL4
ENSG00000138162,91.81988825243752,1.4086907518463654,0.20837092097447119,1.9886124814282412e-12,2.4164187196749837e-11,TACC2
ENSG00000138166,364.50728460339366,2.0189203372770645,0.1238499365958924,1.1050444041696694e-60,1.9231456113899478e-58,DUSP5
ENSG00000138642,46.920121033556455,1.1808966327598844,0.29193054728814344,7.70886597962046e-6,3.9330282683646664e-5,HERC6
ENSG00000138678,44.63423590522684,1.9998804686223428,0.32040377852273116,4.00182737755908e-11,4.302033096410972e-10,GPAT3
ENSG00000138772,30.66438927712566,1.1963998682699617,0.40912912303632126,4.040477816415125e-4,0.0014693755291040193,ANXA3
ENSG00000138834,245.33742773677739,1.320855365888776,0.12929200259705664,2.2066569970642847e-25,7.530036720047471e-24,MAPK8IP3
ENSG00000139132,138.79269664892868,1.430389443220698,0.19836636866812668,8.895084080947359e-14,1.2473026137858414e-12,FGD4
ENSG00000139410,58.694839735465585,1.3463383284722468,0.26350160766689146,4.112912930380714e-8,3.0187701606632207e-7,SDSL
ENSG00000139547,6.64003067936769,1.148683650226445,0.8883664396087907,0.015204247811553464,0.036006067957720274,RDH16
ENSG00000139574,49.62107335342484,1.7598564625906774,0.3132532404092465,1.5568755273885594e-9,1.3715040149317777e-8,NPFF
ENSG00000139597,37.93684731516213,1.1957444016983232,0.32414872376783366,3.0827870157355555e-5,1.418812441225269e-4,N4BP2L1
ENSG00000139626,8.006229774263312,2.172067498455378,0.8748408230506831,9.360670489805852e-4,0.003154392897629713,ITGB7
ENSG00000139714,25.115501018211944,1.537201431985861,0.4411048583927834,4.208100353001689e-5,1.8907480157505865e-4,MORN3
ENSG00000139988,2.283735128292646,3.5891538756088077,2.8653620303087783,0.003210657308788102,0.009357745706652036,RDH12
ENSG00000140323,5.684524179281826,1.5432130843426342,1.058263559996508,0.00861230529409069,0.022084894862695232,DISP2
ENSG00000140464,495.0745111690706,1.1218339963760036,0.09837150593901645,6.532103014743203e-31,3.0180628176968374e-29,PML
ENSG00000140474,300.19377052448675,1.1028163166233744,0.12145427556649421,1.8408522004591568e-20,4.422280370520211e-19,ULK3
ENSG00000140511,122.15726079140286,1.1723072397321175,0.20517763390104443,1.4754589836660922e-9,1.3049189193202712e-8,HAPLN3
ENSG00000140563,27.49729152632881,1.0398005057901858,0.3753429601750731,9.281355859358638e-4,0.0031314909862855157,MCTP2
ENSG00000140678,100.54942870391024,1.7831747172225434,0.21204021673943704,5.36931331372749e-18,1.0837571447540421e-16,ITGAX
ENSG00000140740,342.6839201869265,1.0030127603460643,0.1142690482032504,3.828389624175494e-19,8.481480436133063e-18,UQCRC2
ENSG00000140836,826.9494687006718,1.153594589524398,0.08243605262064543,3.000516140065245e-45,2.919073559120617e-43,ZFHX3
ENSG00000140961,40.9949499071554,1.3844389613876236,0.3199154155525325,1.7967913720545573e-6,1.0211590442848523e-5,OSGIN1
ENSG00000141068,118.93559739042901,1.2401067851352128,0.18456258125334582,2.7285798769341385e-12,3.282469017850953e-11,KSR1
ENSG00000141469,40.08902451737052,1.8112764901329192,0.33392888738702436,5.8533499361955925e-9,4.795032429426337e-8,SLC14A1
ENSG00000141504,273.22601490308483,1.2974893837852346,0.14472537805154032,5.452325732142199e-20,1.2708300289068938e-18,SAT2
ENSG00000141505,100.78430495090817,2.480370916163777,0.21915888834222336,9.259053342098067e-31,4.240483991148597e-29,ASGR1
ENSG00000141524,99.33305572469544,1.0075867744428755,0.1940389329909671,4.2498475655760576e-8,3.114897633112671e-7,TMC6
ENSG00000141540,14.970677840485815,1.2399761107599248,0.560135723121382,0.0027957361177705273,0.008306072612412703,TTYH2
ENSG00000141682,283.02913432160364,1.2726486179296128,0.11999963975228559,4.4867866901801404e-27,1.7016111362782456e-25,PMAIP1
ENSG00000141837,9.392054324743416,2.9826877217854157,0.8579531748030972,4.628148468688482e-5,2.062910912494812e-4,CACNA1A
ENSG00000142303,26.7544007391556,1.9476585452353228,0.4572271258093825,1.911390335976668e-6,1.0807980805921501e-5,ADAMTS10
ENSG00000142632,197.0802724734011,1.100019548520154,0.14169984892942772,1.4349302907462147e-15,2.3884498558935132e-14,ARHGEF19
ENSG00000143127,11.984742695999957,3.02140557162272,0.7172923333078718,2.9497650806600297e-6,1.614895856636772e-5,ITGA10
ENSG00000143333,8.825753808005926,1.7654390665071995,0.7527045412943308,0.0014338561497160881,0.0046087602858615,RGS16
ENSG00000143387,76.94321267727044,2.6630302125537697,0.2597125298099405,8.386036210117022e-26,2.9516962957092793e-24,CTSK
ENSG00000143669,100.2287266231552,2.1780762998474015,0.22586545455511983,3.757155153643918e-23,1.087769337736131e-21,LYST
ENSG00000143847,7.124335204200871,1.8599920488334512,0.8743294824736161,0.0022602856190328106,0.006886186643553058,PPFIA4
ENSG00000144063,332.3490285891037,1.0083291685418652,0.13533631649251246,1.7222230523266816e-14,2.6291598117536857e-13,MALL
ENSG00000144136,1832.9850854293193,1.6379446203036374,0.0634611765447249,8.556602559333914e-148,8.376379117927943e-145,SLC20A1
ENSG00000144476,6.477562386903366,2.9814420229151506,1.0901516731035095,5.789854239174801e-4,0.0020411093168623655,ACKR3
ENSG00000145287,168.9161769906768,1.2548431702486946,0.15824090492280365,3.6065709916008304e-16,6.2836175129525926e-15,PLAC8
ENSG00000145362,43.073702126541114,1.6414641222575101,0.3220376037209807,4.0016845569044166e-8,2.942647193182811e-7,ANK2
ENSG00000145476,75.85003564705515,1.0317761607979985,0.22460409987911295,8.227912053316986e-7,4.932562134017779e-6,CYP4V2
ENSG00000147010,285.5864661739635,1.0033153328163456,0.12095761345661406,2.3863623585619616e-17,4.547152508778103e-16,SH3KBP1
ENSG00000147437,17.91457822216355,1.2677015187368312,0.5059885831068874,0.001441054035591455,0.004629046218102739,GNRH1
ENSG00000147454,856.1431449182336,1.0256548123415563,0.07725801638269059,6.83358527358177e-41,5.603897703670747e-39,SLC25A37
ENSG00000147872,455.8095934965397,1.1461775753459358,0.10119957745220794,1.6282110831424447e-30,7.370713929265928e-29,PLIN2
ENSG00000147905,89.76986735162446,1.2380061769199913,0.22753985507437516,8.775036097176759e-9,7.037551991299518e-8,ZCCHC7
ENSG00000148180,147.18679992482956,1.50635498860211,0.16910080324222068,5.4262641933803e-20,1.2666404778079826e-18,GSN
ENSG00000148344,37.314602813431414,2.2443037815859266,0.3598502210264668,3.3446035963481247e-11,3.625365130076171e-10,PTGES
ENSG00000148426,531.5397025145907,1.2888624761254104,0.09152752667672785,8.135828741904684e-46,8.116655132767712e-44,PROSER2
ENSG00000148677,16.45624727251852,1.1271437344131041,0.5585454906417072,0.005012822844461328,0.01377954443889045,ANKRD1
ENSG00000149177,125.68491570017659,1.4103671723912075,0.19893086168887067,1.5688136304858095e-13,2.1441821897294274e-12,PTPRJ
ENSG00000149201,8.82852979023118,1.841808421161273,0.7945196488023423,0.0015691680709580536,0.0049914458764045485,CCDC81
ENSG00000149781,25.256622923529818,1.6658226523629815,0.41130792982549086,5.24659747291333e-6,2.7548594106014582e-5,FERMT3
ENSG00000150347,13.081186445425502,1.760506131112338,0.5973487233588062,2.7335091866189054e-4,0.0010304441489774228,ARID5B
ENSG00000150687,261.42859833762833,1.362252903161015,0.12707699451315801,1.2474457047030504e-27,4.872504257547102e-26,PRSS23
ENSG00000150782,152.79162392917831,2.415788522751964,0.1852753391737353,5.4304380294836995e-40,4.231689097303641e-38,IL18
ENSG00000150995,53.12458533008455,1.479995262160797,0.2750772825753782,8.413428193980338e-9,6.76486272085801e-8,ITPR1
ENSG00000151062,26.097290926841378,1.4700307613295718,0.39260172500074,2.0089986388919197e-5,9.57315049618623e-5,CACNA2D4
ENSG00000151632,39.76036897702611,1.4701616184955608,0.323251944455702,6.647371623484147e-7,4.052852539456294e-6,AKR1C2
ENSG00000152433,14.884500643418107,1.4328574272786496,0.5469319578128751,8.394009902536086e-4,0.0028620914221945807,ZNF547
ENSG00000152465,930.4081611865704,1.157532374846619,0.08188346748835001,4.1814746191405085e-46,4.198361343563961e-44,NMT2
ENSG00000153071,200.95848892704825,1.5429125236366064,0.150370515444827,1.7011297888394982e-25,5.855999095075398e-24,DAB2
ENSG00000153233,36.140639467550336,6.0108414456263795,0.8356592570884666,1.159766414864132e-12,1.453233708481352e-11,PTPRR
ENSG00000153234,7.955900634147404,1.0079590989071416,0.7935045069183606,0.01937123865487177,0.04424846303795487,NR4A2
ENSG00000153558,51.64537321618109,1.2453537216473438,0.27299075407785756,6.845229521693697e-7,4.165378010811514e-6,FBXL2
ENSG00000154263,4.973146876958228,2.4677305078770035,1.2085822314582817,0.003109512740960614,0.009096805764226017,ABCA10
ENSG00000154319,44.497757698734084,1.8271359091020156,0.3212566863058205,1.456029256653456e-9,1.2884624998284226e-8,FAM167A
ENSG00000154803,211.6506666277015,1.586502607357743,0.14551336394206682,1.073882121529352e-28,4.47346161423251e-27,FLCN
ENSG00000155265,3.556195522609448,2.9047399743227134,1.6780962002627011,0.003249338302000962,0.009447630559539831,GOLGA7B
ENSG00000155961,47.62703683938804,1.0789577787258227,0.29525986283561745,4.478928643228124e-5,2.002096442319695e-4,RAB39B
ENSG00000155980,18.548988568057315,1.1843204483259622,0.5036396881443002,0.0020728932143297464,0.006376222783984057,KIF5A
ENSG00000156232,135.47390449317862,1.1397704137223872,0.17407793736225796,1.1142737675468825e-11,1.2748626750246033e-10,WHAMM
ENSG00000156265,18.790515619584077,1.0856012121238525,0.4840705922430187,0.003346691688066477,0.009692905308836026,MAP3K7CL
ENSG00000156273,163.62477370472314,1.2696518074324472,0.15416821647492346,2.7572097218154058e-17,5.234687984581175e-16,BACH1
ENSG00000156273,163.62477370472314,1.2696518074324472,0.15416821647492346,2.7572097218154058e-17,5.234687984581175e-16,GRIK1-AS2
ENSG00000156427,24.017872856989325,1.1640724061117051,0.41230054706516406,6.162781480993031e-4,0.0021609054474321433,FGF18
ENSG00000156453,34.11478776259963,2.6354235461223814,0.38845290276013444,9.44840571030095e-13,1.192509094604704e-11,PCDH1
ENSG00000156508,141989.58457597133,1.020779457899024,0.04228624351768572,2.043038569897557e-129,1.3333380466793932e-126,EEF1A1
ENSG00000156510,140.92349288107224,1.5822839587424433,0.17973795522020114,1.4673226912473769e-19,3.3308225091315455e-18,HKDC1
ENSG00000156804,198.1588565593705,2.7127283569203087,0.16744206744719578,1.1527171660317538e-59,1.9625009751690608e-57,FBXO32
ENSG00000156966,37.433245149010425,1.0822774014211076,0.3182088482164572,1.0899771920236883e-4,4.4962635656220783e-4,B3GNT7
ENSG00000157064,49.956862928151445,1.9520092636091746,0.30606122058109553,1.6164329936426544e-11,1.807151319016766e-10,NMNAT2
ENSG00000157111,10.642664371444376,1.36148770347882,0.7636067430526499,0.005464345404157037,0.014864196260040234,TMEM171
ENSG00000157150,10.01092746079649,1.2602589937925883,0.7315580597397862,0.007435786269854294,0.01948255609647504,TIMP4
ENSG00000158270,9.40053273868949,1.3842703264894713,0.7737411534086839,0.005757812470121168,0.015563228727285312,COLEC12
ENSG00000158373,96.59682435361064,2.078250641906303,0.21418310008471714,2.4360199809206452e-23,7.118541224097027e-22,H2BC5
ENSG00000158458,52.21655709202296,1.6785420352345102,0.33392435487284955,5.329865824108271e-8,3.8364746508735227e-7,NRG2
ENSG00000158473,4.008146618596981,2.46156014515812,1.4463456395252772,0.005918993220706018,0.015932151712651377,CD1D
ENSG00000158555,58.38896064339912,1.3377074725434877,0.28041563944372555,2.495891095274234e-7,1.6174241715051851e-6,GDPD5
ENSG00000159167,27.955979913023402,1.9335761915769865,0.4213507840895583,3.9353015085194205e-7,2.4894437612253506e-6,STC1
ENSG00000159208,16.77944131852531,2.57925002898331,0.5898084680172976,9.66454902506873e-7,5.723093813975483e-6,CIART
ENSG00000159388,41.82244385614093,1.788038433202636,0.32875078149565234,6.343458124115134e-9,5.166801071139643e-8,BTG2
ENSG00000159403,36.20114699381108,1.8549610772587246,0.3546912008648425,1.4538151095746635e-8,1.1272824782805918e-7,C1R
ENSG00000159640,6.7428756162533885,1.9154232091327517,0.9666550385341327,0.0028727525715768723,0.00848894139495802,ACE
ENSG00000159753,116.72615224167946,1.2275172035326765,0.1942713897546244,4.0057648011267435e-11,4.3033123511692857e-10,CARMIL2
ENSG00000160789,4991.144791719696,1.4616282673770176,0.05548957001041052,9.588825307827195e-154,1.0727840771178382e-150,LMNA
ENSG00000160961,41.70910878679675,1.6349695948129894,0.3257822441029809,5.32197358439102e-8,3.8325550460835193e-7,ZNF333
ENSG00000161011,12456.16827238971,1.6365105095875105,0.03966862003948247,0,0,SQSTM1
ENSG00000161298,15.693171759164466,3.7547956482476312,0.7240145269328125,4.271663633564395e-8,3.127960144577799e-7,ZNF382
ENSG00000161395,93.38105748915218,1.4530402427702067,0.22786836528665247,2.1726493588618784e-11,2.401567177689033e-10,PGAP3
ENSG00000161509,4.910105665469572,3.887075614972207,1.4781843414944817,5.349537541025965e-4,0.0019012890062421075,GRIN2C
ENSG00000161513,269.26772276243287,1.0652362418795336,0.12302833671428395,8.961076819509361e-19,1.9253408261176286e-17,FDXR
ENSG00000161544,107.39068641371745,1.1817826760260366,0.1942158902167722,1.8444249110286834e-10,1.8157905330887661e-9,CYGB
ENSG00000161714,266.39605509603405,1.2443043638113176,0.13504527727980972,5.033224692533608e-21,1.2694911168945877e-19,PLCD3
ENSG00000161835,39.430391960805615,1.1474783200024556,0.3344631700564156,8.606077723506545e-5,3.633342193619488e-4,TAMALIN
ENSG00000161860,10.408826023895358,1.0201954652329812,0.6688254026813932,0.014062992645301992,0.03365963536114992,SYCE2
ENSG00000162078,9.273289162367364,1.7132704864355826,0.7668969829055045,0.0019081685178444466,0.005923036760800152,ZG16B
ENSG00000162148,29.478897170751974,2.334956687713532,0.4451412641783868,1.6652109603308452e-8,1.2785391799834328e-7,PPP1R32
ENSG00000162407,36.597326652616026,2.0117374536641495,0.36466070743521783,2.9282522734297548e-9,2.4940301989521614e-8,PLPP3
ENSG00000162461,8.551276637146879,1.718600596537201,0.7997387797190639,0.00234061560047541,0.007091114535831015,SLC25A34
ENSG00000162496,226.91327980547285,1.3787397127956944,0.14367914024052678,1.0713551037893191e-22,2.9912005330930667e-21,DHRS3
ENSG00000162511,7.528557225496672,1.1823367270198164,0.8331052866963231,0.012085831771169439,0.029582807162342073,LAPTM5
ENSG00000162576,301.2533980574751,1.5271914674228642,0.12548951166378153,5.9002903954202e-35,3.4874056023949656e-33,MXRA8
ENSG00000162650,101.9866764301532,1.4034691397164063,0.20413677777120431,8.548031541056634e-13,1.0849904216172613e-11,ATXN7L2
ENSG00000162733,125.6101583172084,2.1184004260342824,0.20456688207094942,3.360854861529811e-26,1.1991132049234951e-24,DDR2
ENSG00000162869,88.81640424266504,1.1766712783459694,0.21833053698208446,1.1871074622775138e-8,9.310798288258737e-8,PPP1R21
ENSG00000163131,42.17346991806141,1.1200542115584007,0.3130935772627532,5.783669337871973e-5,2.530436112823707e-4,CTSS
ENSG00000163157,10.795398445438563,1.2940454414983837,0.654130785541657,0.004411760977669854,0.012352773005585077,TMOD4
ENSG00000163171,497.20122567100833,1.093586425788887,0.10281689017943525,4.028751636773068e-27,1.5353366639118387e-25,CDC42EP3
ENSG00000163346,220.05000608520993,1.209340724240585,0.14502311638228335,1.0902811164019424e-17,2.1373057729916927e-16,PBXIP1
ENSG00000163395,142.13682702585322,2.463963334718404,0.1852988368735998,3.0969488453041287e-41,2.5939844793582122e-39,IGFN1
ENSG00000163435,18.77546908077426,3.4132245662403173,0.6082903886497937,2.7175450911900724e-9,2.3246809810655438e-8,ELF3
ENSG00000163516,232.0174758871598,1.026677643360247,0.13717314471289177,1.3043344176927189e-14,2.0108061008190016e-13,ANKZF1
ENSG00000163536,46.255628432190264,1.0211737798155405,0.29826633974824546,1.0593028101533163e-4,4.382424700325249e-4,SERPINI1
ENSG00000163565,704.7457998990143,1.107619741152401,0.08315217713656269,3.366621299321719e-41,2.8048611388976643e-39,IFI16
ENSG00000163701,79.68870358452642,1.4579820069082754,0.22526816166245076,1.1945847662144543e-11,1.3588076393040666e-10,IL17RE
ENSG00000163762,25.660922984776622,1.3837646747235255,0.41756736570516617,1.0018156420278158e-4,4.1654999737408225e-4,TM4SF18
ENSG00000163794,45.02374165364185,1.529808837588933,0.308110217906815,8.396159678134694e-8,5.86570245488955e-7,UCN
ENSG00000163898,20.561274433192203,1.0127237018420086,0.4517689027154216,0.003704180471962921,0.010589264232954048,LIPH
ENSG00000163909,19.891212672852763,1.2205453906822739,0.4662436688725918,0.0010247460568836835,0.0034142942967388076,HEYL
ENSG00000164051,239.97084029057496,1.0342782132763229,0.1342263843919177,2.519551832568817e-15,4.106528652812214e-14,CCDC51
ENSG00000164061,5.079534154372349,2.529744980787788,1.1727624068884888,0.002507374180187621,0.007527889933731782,BSN
ENSG00000164171,256.3013030882572,1.4188468096680227,0.13393319986327187,5.442732027268095e-27,2.0443527995947282e-25,ITGA2
ENSG00000164199,68.60851749372951,1.199352592364842,0.2346171438572809,4.975380263692021e-8,3.5961874051780397e-7,ADGRV1
ENSG00000164308,152.80965266471767,1.0961039776833543,0.1664426832109244,7.72180247056925e-12,8.952375432755453e-11,ERAP2
ENSG00000164309,35.10130865880226,2.6990760086636967,0.39219484156061607,7.951780962147714e-13,1.0134153393825845e-11,CMYA5
ENSG00000164406,12.982767108549014,1.4407880802023019,0.6154317757268372,0.0017559193164724861,0.005518853741575248,LEAP2
ENSG00000164442,121.78583378170123,1.4317546039013211,0.18582423213854213,1.4300140385005894e-15,2.382798923939865e-14,CITED2
ENSG00000164463,398.0368724328061,1.631197667474354,0.10859498519933876,7.533621766554236e-52,9.593424205653578e-50,CREBRF
ENSG00000164509,106.84495746720233,1.2879217501286055,0.19527678852555244,6.1990065328449214e-12,7.240495102457122e-11,IL31RA
ENSG00000164520,38.35901337484925,2.841867022341218,0.38806516162420035,2.246520304040978e-14,3.386645574802102e-13,RAET1E
ENSG00000164674,11.506169170849489,1.2072540629112507,0.6364073871998723,0.005743574169112398,0.01552936340597402,SYTL3
ENSG00000164683,82.46036592834537,1.7668990304559997,0.23100598636174285,2.0945244152563466e-15,3.446064697075647e-14,HEY1
ENSG00000164708,6.1654601963010505,2.463243682277635,1.116953819473274,0.001908976048608267,0.005924369298464689,PGAM2
ENSG00000164749,39.66301887433185,1.2210341606030535,0.3496007377620024,6.68404477222061e-5,2.8880605039252805e-4,HNF4G
ENSG00000164951,495.46613985948267,1.5326952764251505,0.10224403517654093,1.1070501030760642e-51,1.3983649810064833e-49,PDP1
ENSG00000165097,78.38107332454514,1.1508630468152756,0.22383363632982473,4.2524723874697744e-8,3.1153636578549615e-7,KDM1B
ENSG00000165240,32.25134869455738,1.3005923613382855,0.35840865295642077,3.800920571590714e-5,1.7196365948245334e-4,ATP7A
ENSG00000165272,11.268518402483883,2.200788238416418,0.7102991231030243,1.65849679720735e-4,6.583131103562778e-4,AQP3
ENSG00000165507,20.05335105670861,1.6251400859795948,0.4908754605339576,9.276984849524994e-5,3.885171489254277e-4,DEPP1
ENSG00000165861,68.13166576990422,1.2275980480152355,0.24070615210751742,5.2482088923257715e-8,3.7811727635923903e-7,ZFYVE1
ENSG00000166073,277.8463559399737,1.154621769408093,0.118773950382297,4.254447797230363e-23,1.229472617122125e-21,GPR176
ENSG00000166261,112.02049858823953,1.249414844865316,0.18919666087219536,5.356558931062323e-12,6.298782472764953e-11,ZNF202
ENSG00000166343,30.053093119233385,1.240734451294826,0.3928086311207572,2.0123601042677135e-4,7.838745663552648e-4,MSS51
ENSG00000166592,28.237210040678132,3.038000494775133,0.48116158826149474,2.812146310513298e-11,3.0758832165900686e-10,RRAD
ENSG00000166741,62.136623608153094,1.8994704434318066,0.309726826493142,9.645562476541371e-11,9.848660043681062e-10,NNMT
ENSG00000166783,232.28004062646383,1.3336972612015892,0.1319771550614126,7.302433097934312e-25,2.4079580971146347e-23,MARF1
ENSG00000166888,459.9829287751506,1.0133188447355184,0.10234131084413368,8.262739322308543e-24,2.4984418147744926e-22,STAT6
ENSG00000166900,55.35353257000384,1.0118376202206545,0.2575107207646162,1.6077975614000332e-5,7.754283860045573e-5,STX3
ENSG00000167191,34.46846300549872,3.693249395673692,0.48092012752140656,3.5417686695173794e-15,5.713153725092762e-14,GPRC5B
ENSG00000167306,50.21889211459395,1.457454774415025,0.29201939368377194,6.82053595275844e-8,4.836127416390015e-7,MYO5B
ENSG00000167371,56.018816664828336,1.5097864848629021,0.2765621939444507,6.053146792735106e-9,4.943192816194472e-8,PRRT2
ENSG00000167470,1091.5997844246315,1.0201456008385918,0.06832025906228935,4.297267103146487e-51,5.25844489348308e-49,MIDN
ENSG00000167600,61.10675431162688,1.3607404792751412,0.25267337419315034,9.719986716930549e-9,7.743853100065268e-8,CYP2S1
ENSG00000167653,2.854977938656692,2.258077952603351,2.1122442153500316,0.008945940506462281,0.022813459158697286,PSCA
ENSG00000167701,22.138440187655878,2.03822550653892,0.4890275077319044,2.2965220589835837e-6,1.2796309146161462e-5,GPT
ENSG00000167723,11.279866347529607,2.6788080698927565,0.7757111690678097,4.9163295952888644e-5,2.179577425729111e-4,TRPV3
ENSG00000167767,32.24392917658474,1.0655384502150864,0.3625980762368021,5.219290330892854e-4,0.0018604857636043417,KRT80
ENSG00000167778,162.8535519398582,1.1127559829954734,0.17331686699946589,2.6364963729303257e-11,2.897925802751417e-10,SPRYD3
ENSG00000167779,2993.9500489143843,1.7626320472751955,0.0637227949262335,1.3111186690396246e-169,1.71133764276397e-166,IGFBP6
ENSG00000167996,21167.06792198173,1.4281786646909382,0.04327977310669773,1.1656228601431737e-239,2.6081644083460755e-236,FTH1
ENSG00000168071,18.274341337054768,1.2163811961683066,0.4821486895104137,0.0013194599804780833,0.004283254233000668,CCDC88B
ENSG00000168140,18.76352941195984,1.151150377741414,0.48095805150241333,0.0021813894274084786,0.006665451151287358,VASN
ENSG00000168209,304.16707076337474,1.9707080980667198,0.1349982704489045,4.556262346738482e-49,5.097481224068917e-47,DDIT4
ENSG00000168386,86.23671044208952,1.042312659572261,0.208208021059868,1.0408797346232459e-7,7.163136767752153e-7,FILIP1L
ENSG00000168477,100.20832538576603,2.4058571755334284,0.23309237948854927,5.157970469856767e-26,1.831956722661373e-24,TNXB
ENSG00000168487,58.96884709200848,1.2379145568940575,0.25785670604675964,2.1796520852167147e-7,1.4296436604166416e-6,BMP1
ENSG00000168497,15.675594629038017,2.246430130272337,0.5783034545608833,8.349778528504077e-6,4.2228795961239705e-5,CAVIN2
ENSG00000168679,74.19987194185734,1.6059995268830352,0.25425356045797864,3.163329812634747e-11,3.438392425766693e-10,SLC16A4
ENSG00000168685,32.781488129268766,1.1260489729003558,0.35399896255043545,2.122934521621675e-4,8.226502575992156e-4,IL7R
ENSG00000168918,7.368249554223748,1.063418267336566,0.9495911488250873,0.01929709659317948,0.04413240888972851,INPP5D
ENSG00000168993,7.1791655326310595,1.260478073186898,0.8948790896166315,0.011043331872140207,0.027342982471282338,CPLX1
ENSG00000169087,96.31583372915368,1.1060216848904048,0.2066772386253858,1.484386620529249e-8,1.1487128279322938e-7,HSPBAP1
ENSG00000169306,106.8174306721743,1.1428057924251231,0.2033333632130419,2.879061679168556e-9,2.4548036516503586e-8,IL1RAPL1
ENSG00000169432,12.140316765614072,2.0905800727953725,0.699787915904357,1.7282184534624123e-4,6.835627686005495e-4,SCN9A
ENSG00000169435,7.065154207537273,1.0895773010854608,0.9105568810974235,0.016875235243809166,0.039368008582630766,RASSF6
ENSG00000169504,2036.242532295735,1.0363122064107546,0.055780766481278346,1.0215139923188035e-77,3.2653007472835553e-75,CLIC4
ENSG00000169594,29.84541983359419,1.6466974392571554,0.4052878240923861,4.492356715259787e-6,2.388451569284251e-5,BNC1
ENSG00000169908,668.4238668033099,1.8477693185707589,0.08968792860222176,3.0616044733220894e-95,1.4104091431071732e-92,TM4SF1
ENSG00000169926,126.41284976737002,1.1436853398904192,0.1866872976322762,1.7030516803994846e-10,1.6840213680616874e-9,KLF13
ENSG00000170004,1104.1140822120126,1.2980966510293066,0.07465419994700782,1.2861384348399601e-68,3.006684523119149e-66,CHD3
ENSG00000170122,3.3853317310258784,2.872816794982912,1.7863769985030458,0.0045573348103174725,0.012683286271144735,FOXD4
ENSG00000170231,13.790577436460616,2.1606438714256213,0.5999698829833535,2.7782946565318287e-5,1.2893756801557937e-4,FABP6
ENSG00000170325,41.40591480073669,1.248697253340026,0.30828205719017476,7.005377955639745e-6,3.6034559907778434e-05,PRDM10
ENSG00000170442,40.45679567662297,4.122971932208928,0.4741509291811204,7.463816439712497e-19,1.6102721335429318e-17,KRT86
ENSG00000170776,521.6449349297158,1.545736268526354,0.1028254426983256,5.9354335315584676e-52,7.620220934819695e-50,AKAP13
ENSG00000170786,4.976519047714032,2.167786358584785,1.261798317113771,0.004560812136355252,0.012690708916633917,SDR16C5
ENSG00000170835,24.590321784885877,2.9106299472738426,0.4854076904652324,2.2792481769580177e-10,2.2132587846059164e-9,CEL
ENSG00000170915,10.356193096433794,2.7328083451949343,0.7626879849723716,3.2560171442473316e-5,1.4929448633005255e-4,PAQR8
ENSG00000170921,79.82904236152906,1.4678546988168502,0.24945784188042897,3.8135172241103905e-10,3.6047749113603526e-9,TANC2
ENSG00000170989,12.786305599795284,1.9884813363308522,0.6659714029911923,2.2603638638633332e-4,8.700114515185019e-4,S1PR1
ENSG00000171174,18.958416414667166,3.0253524028414622,0.5720766101134034,1.5282198287555322e-8,1.1797194271955594e-7,RBKS
ENSG00000171346,36.57503141925045,1.7051333226085534,0.3905835618040016,9.280123212413713e-7,5.505854919546817e-6,KRT15
ENSG00000171747,6.739894100408932,3.181335657374187,1.0637247086173418,3.4156350409692655e-4,0.001265651564861642,LGALS4
ENSG00000171877,23.385162076686296,1.2970663994649043,0.4285644901232024,2.8665480126514523e-4,0.0010769666951825306,FRMD5
ENSG00000171914,80.71097662341377,1.356553536478472,0.22683710558063527,2.609679818765827e-10,2.5169590518059823e-9,TLN2
ENSG00000171992,21.45896276180262,1.7355086657537004,0.49803995700583054,3.548766041224513e-5,1.6162931812648893e-4,SYNPO
ENSG00000172020,13.57553092695099,2.8970100410146356,0.69038826048,3.044750017205874e-6,1.6616696696688362e-5,GAP43
ENSG00000172059,28.82689040859134,1.4497930228336677,0.3770013196714306,1.3628118281123103e-5,6.645616956327247e-5,KLF11
ENSG00000172086,71.10731020184888,1.0512118853067363,0.23579952015043115,1.602858083972519e-6,9.186083486740419e-6,KRCC1
ENSG00000172183,37.84045070316281,1.1976833164846112,0.329614982598943,4.079345914293888e-5,1.8371131413336735e-4,ISG20
ENSG00000172216,440.88518657717697,1.0378611224054068,0.1000397732244927,6.334824919637349e-26,2.24484983520995e-24,CEBPB
ENSG00000172661,356.8792155745652,1.1472705421095544,0.10691127373709554,1.363409911303507e-27,5.312211303668365e-26,WASHC2C
ENSG00000172667,315.83619415234904,1.4757674731725885,0.11584213436246842,4.295603029037888e-38,3.129396755526532e-36,ZMAT3
ENSG00000173210,128.5404172419654,1.0419715224705255,0.18380037891657458,2.5676208271347225e-9,2.204859924090524e-8,ABLIM3
ENSG00000173261,43.35833071909419,1.1553495650622378,0.3084688221180518,2.719307660437177e-5,1.2657508435491086e-4,PLAC8L1
ENSG00000173432,53.20345703231712,1.9713750171911757,0.28750365090001934,6.69667944148537e-13,8.59050696904057e-12,SAA1
ENSG00000173482,105.0063212368966,1.3869330233014634,0.20038638770178566,5.629539291683096e-13,7.293256734957182e-12,PTPRM
ENSG00000173575,1018.6603545845504,1.3322394349251026,0.07532710604850508,1.0658008051920467e-70,2.8294301714784793e-68,CHD2
ENSG00000173614,42.24345516253501,1.1940588958519898,0.3032768177114894,1.2080331822988823e-5,5.948262726924676e-5,NMNAT1
ENSG00000173706,585.0423053829918,1.2946825952006757,0.09469047635382376,2.3338329143997953e-43,2.1043062716831526e-41,HEG1
ENSG00000173801,256.36344694114007,1.5714154635952502,0.13118963284700194,5.189379005230391e-34,2.8320990717394984e-32,JUP
ENSG00000173846,136.62702288728215,1.2290624589816082,0.17628426788051643,4.193103428645026e-13,5.505161693450716e-12,PLK3
ENSG00000173918,10.983908078715478,2.188531604633331,0.7418582855177758,2.2898993290234042e-4,8.7845121566605e-4,C1QTNF1
ENSG00000173991,16.751814681674784,2.301459740554915,0.5406372825260969,1.8825293350574106e-6,1.0656327059994297e-5,TCAP
ENSG00000174307,596.4105328009931,1.4180030173459577,0.09396283772967223,2.565722977334342e-52,3.34890991616565e-50,PHLDA3
ENSG00000174529,50.280818183144504,1.8846441222122816,0.30406686383431547,5.895479230030424e-11,6.180782542166434e-10,TMEM81
ENSG00000175061,5106.074213417524,1.0082306205820464,0.057962229877664216,1.9763929084293413e-68,4.4864119021346047e-66,SNHG29
ENSG00000175084,7.237262843595,3.159621554494834,1.0479237776016217,2.4257262125296436e-4,9.248819295728288e-4,DES
ENSG00000175197,225.67728656176726,1.07873402809603,0.13416808272388261,1.8089756040988908e-16,3.223434003071778e-15,DDIT3
ENSG00000175395,41.232002484490046,1.1645029570883323,0.31271195792535006,2.844765560684084e-5,1.3177543333789223e-4,ZNF25
ENSG00000176046,29.32781981281578,3.7373925390396736,0.5262244115735745,2.102419407017867e-13,2.8266261950318327e-12,NUPR1
ENSG00000176428,13.694335935722483,1.5696870488721193,0.6411379826221325,0.0012134282267593376,0.003971980421260503,VPS37D
ENSG00000176438,132.58933137921866,1.071554286485601,0.17251654411389672,9.645364796762376e-11,9.848660043681062e-10,SYNE3
ENSG00000176476,55.339100477520596,1.2457447200939007,0.28632571889641717,1.7877450212439868e-6,1.0163865795914543e-5,SGF29
ENSG00000177000,53.60245972148564,1.5237631045752105,0.2768777064114368,3.896887367886382e-9,3.2675025076661886e-8,MTHFR
ENSG00000177106,520.3238611252547,1.598249166719039,0.09599814814250565,3.496672545284699e-63,6.76152865145608e-61,EPS8L2
ENSG00000177335,11.770851309861044,1.0518976817995265,0.6484023445317003,0.011373874556909016,0.02805937898643344,LINC02904
ENSG00000177409,21.036732346550068,1.3188660333254503,0.451048535295213,3.8129537058381437e-4,0.0013950547510988751,SAMD9L
ENSG00000177410,1728.4435412632713,1.0662290806220966,0.06459506298087551,6.09194723029714e-62,1.109513598466792e-59,ZFAS1
ENSG00000177426,172.93239923300493,1.1437265586295535,0.1533365661496661,1.3987954673968667e-14,2.150081786637598e-13,TGIF1
ENSG00000178038,30.628388467457498,1.0687938517159266,0.3670581282703659,5.305721378715268e-4,0.0018874293426031626,ALS2CL
ENSG00000178462,4.721950765215493,3.820704705519848,1.489468084586395,6.410416077259481e-4,0.002239213805042713,TUBAL3
ENSG00000178685,173.6763760131017,1.484759205075774,0.1741208809168204,1.9150892696923596e-18,4.0155345691019315e-17,PARP10
ENSG00000179988,49.107401253822076,1.0807654337366288,0.28287457158116,2.1527693526503962e-5,1.0196197874376521e-4,PSTK
ENSG00000180155,9.028423834705258,1.6502085033975895,0.8190622109658906,0.002834611748680219,0.008400855973430136,LYNX1
ENSG00000180245,2.7251436252944967,2.086956314883756,2.241335381547478,0.010212827985418964,0.02554919737032698,RRH
ENSG00000180263,133.33741499949411,1.0065874084372135,0.17263618898432245,1.0525533955836907e-9,9.540592497122306e-9,FGD6
ENSG00000180479,11.96776856143053,1.28285650102746,0.6295707708141776,0.0038927351185629234,0.011051642226219153,ZNF571
ENSG00000180573,47.1702744296804,1.4303182409705488,0.2902578086278446,1.013682548917595e-7,6.991329706603386e-7,H2AC6
ENSG00000181016,10.355056901652302,2.2163195463445815,0.7578968023970712,2.4022132477798742e-4,9.172566089706526e-4,LSMEM1
ENSG00000181381,95.36071078231805,1.3668211433270563,0.20693992355010724,5.387230810086529e-12,6.330097237688319e-11,DDX60L
ENSG00000181392,10.02808535353798,1.255118180387369,0.6996161850914164,0.006590413804204615,0.017519628549772043,SYNE4
ENSG00000181523,297.6143331622395,1.215298426720559,0.12171027612328002,2.3801877276231802e-24,7.623901917742713e-23,SGSH
ENSG00000181722,751.6550188822963,1.2322403775093214,0.09646693350342193,4.637506915881534e-38,3.3628366121968734e-36,ZBTB20
ENSG00000181790,7.112776606993832,1.5182132794235306,0.8781002168347627,0.005500624341500617,0.014949900930231505,ADGRB1
ENSG00000182179,46.19494977216215,2.383040256621513,0.33873117480786624,2.6102333109499864e-13,3.4765377848137447e-12,UBA7
ENSG00000182326,19.084503644559963,1.5136262191198953,0.5539840054887728,4.8161820771744e-4,0.0017281983934658105,C1S
ENSG00000182752,4.821616073638631,3.031046408562815,1.2686771458316082,0.0017813708338094575,0.00558255529610995,PAPPA
ENSG00000183066,15.493833615075042,1.3890457176196076,0.5727362180159122,0.0014922460236367438,0.00477585808504747,WBP2NL
ENSG00000183091,26.620983941659976,2.240591927716039,0.42997757501457606,1.900266101276326e-8,1.4483634036151385e-7,NEB
ENSG00000183092,5.520559770759359,1.1754947600431198,1.0179131349703716,0.017088677447321024,0.03976525848423551,BEGAIN
ENSG00000183281,101.7101168259817,1.2837037453870441,0.19478044157531182,6.526698996251205e-12,7.611890273885528e-11,PLGLB1
ENSG00000183423,6.873433040146544,2.143059103417465,0.9555657014284756,0.0017937586684621085,0.005615758949454729,LRIT3
ENSG00000183773,15.21784040664511,1.8499020487655922,0.5766916512257002,1.0815567272145607e-4,4.4650561461153564e-4,AIFM3
ENSG00000183826,52.1309904130282,1.0529837689785049,0.2932790977245056,5.405623241378282e-5,2.38233755851739e-4,BTBD9
ENSG00000184156,32.59640044972533,1.49906864317189,0.36948523278119094,5.200051979839692e-6,2.7340857388462266e-5,KCNQ3
ENSG00000184205,227.00250329268786,1.6881592219479813,0.15616907327572382,4.464444153450104e-28,1.8022316694713653e-26,TSPYL2
ENSG00000184206,55.50345215384158,1.0069217475827636,0.25726125642698067,1.709958900747068e-5,8.2257635941036e-5,GOLGA6L4
ENSG00000184224,49.78808786382606,1.1514324006862944,0.3060920296401604,2.6514064436959445e-5,1.2367176631211904e-4,NDUFV1-DT
ENSG00000184363,259.401602265343,1.3657888056653056,0.1273187736341216,1.0583755585030987e-27,4.1651598926718676e-26,PKP3
ENSG00000184371,48.92921067202969,2.013673538381787,0.31347662231352974,1.5380734152736373e-11,1.7244698570816736e-10,CSF1
ENSG00000184381,29.06856932954005,1.3834438236423345,0.3998908938500846,5.958420168240507e-5,2.59673720353787e-4,PLA2G6
ENSG00000184489,97.44850514564986,2.16786763580623,0.21775682775540772,2.494031605127773e-24,7.939840859982991e-23,PTP4A3
ENSG00000184492,5.014296972109629,5.8237295485294,2.542488037133975,3.138792076925722e-5,1.442573365636373e-4,FOXD4L1
ENSG00000184584,306.963698420583,1.7935081022877633,0.1266513627740626,1.7044459116333438e-46,1.7448847263995466e-44,STING1
ENSG00000184678,9.61645520656384,1.0268963549934937,0.6828910510956573,0.014789685695075046,0.03518925217104063,H2BC21
ENSG00000184922,162.4760927822812,1.427702787599794,0.16429150950696522,4.3334858023064606e-19,9.559913819933251e-18,FMNL1
ENSG00000185112,73.99352228965274,1.5249399315419634,0.23548813454736867,1.1560635448359514e-11,1.317861957988756e-10,FAM43A
ENSG00000185246,227.91222967138881,1.0053376237471847,0.15150600033430908,5.71873069569293e-12,6.704526862772333e-11,PRPF39
ENSG00000185567,726.532563252055,2.282573206528435,0.09835657288820304,1.2906587295622857e-119,8.086235072453631e-117,AHNAK2
ENSG00000185615,7.142314578412985,2.4905224389102534,0.9625877841905905,7.687338593172777e-4,0.0026429677835322725,PDIA2
ENSG00000185650,3549.928698656165,1.1109941824796612,0.06796875092110982,8.555500508751272e-61,1.5056719603210243e-58,ZFP36L1
ENSG00000185658,233.763392275745,1.127362555046759,0.13760432590148713,4.2229378707902954e-17,7.87427093692719e-16,BRWD1
ENSG00000185862,3.819953210411698,5.193452808701112,2.5305880861403502,1.5892120130824462e-4,6.337023360720559e-4,EVI2B
ENSG00000185955,6.195717152384788,1.1121308059627875,0.9874660859905434,0.01823334614647853,0.04202865080853342,SPACDR
ENSG00000186352,7.475623703122687,1.2278185647978839,0.9368718355659709,0.012241938289633216,0.029927497960125653,ANKRD37
ENSG00000186469,10.050360752641717,2.859200205428188,0.8010280273391148,3.213445566187603e-5,1.4742881635382665e-4,GNG2
ENSG00000186642,3.7707643764319383,1.6110059554131164,1.524753151930128,0.013937846664074134,0.033430395533479755,PDE2A
ENSG00000186654,54.37015531066356,1.1583112749760747,0.32002318769080274,4.37743906881322e-5,1.9623305133034194e-4,PRR5
ENSG00000186814,61.53228300895631,1.5893513635043,0.26442934466852125,2.390400009367125e-10,2.318317978124909e-9,ZSCAN30
ENSG00000186834,642.419246109664,1.0986984034346594,0.08751077964340856,5.991968164414371e-37,3.9937105259243523e-35,HEXIM1
ENSG00000187531,254.85715590908126,1.0110197286369145,0.12694563256466548,3.4676708114203625e-16,6.0618446338478945e-15,SIRT7
ENSG00000187556,12.224798438095936,2.866329077927185,0.7252284093559895,8.235800713721098e-6,4.169274291500115e-5,NANOS3
ENSG00000187559,8.282956375347153,4.924599380455469,1.3732534221056782,2.158568454123963e-5,1.0218159777946661e-4,FOXD4L3
ENSG00000187608,317.1765224944566,1.1056900399721983,0.1264239724784732,4.260252542688176e-19,9.411612916237644e-18,ISG15
ENSG00000187800,385.25584727817386,1.1683422157712673,0.10313758153427816,1.5764669546712794e-30,7.157159974207608e-29,PEAR1
ENSG00000187944,13.642025562942779,1.662448940690063,0.5962920785130806,4.1694729913291747e-4,0.0015127740436226282,C2orf66
ENSG00000188015,23.375531809736597,1.7101460252098744,0.4462021242851323,1.015435432019842e-5,5.057159037115036e-5,S100A3
ENSG00000188042,44.849251226681794,1.4884889251773836,0.3132872873170505,2.4913879454166734e-7,1.6151742296796917e-6,ARL4C
ENSG00000188112,66.61736121844784,1.8793308555675572,0.25227764155712423,1.0595097503096613e-14,1.6496124472266625e-13,C6orf132
ENSG00000188283,64.25575842652532,1.1874608000738927,0.2499951812656819,3.0953898790579573e-7,1.9829485347928336e-6,ZNF383
ENSG00000188573,14.641862468577571,1.2096485846461917,0.5673699129016558,0.003559735422917276,0.010234239340887168,FBLL1
ENSG00000188687,10.886419949901429,2.662828811119219,0.7338664279827827,2.8781339457735543e-5,1.3321575647946566e-4,SLC4A5
ENSG00000188738,8.261778133094698,2.8016751383091174,0.8683282371499241,1.2078584766518112e-4,4.944769294249168e-4,FSIP2
ENSG00000189001,5.175710758421394,1.6174094186669405,1.1144116624684992,0.008437472147290586,0.02172191424112631,SBSN
ENSG00000189334,10.058989538007982,1.0531268468644173,0.7675084091547851,0.016109105584707697,0.03780028775629613,S100A14
ENSG00000196139,400.23602353144383,1.6973649558325108,0.11743557780181742,3.448231687355265e-48,3.750670341600383e-46,AKR1C3
ENSG00000196154,62.732676359868776,2.2964713324337276,0.2832253695024712,4.579208285761105e-17,8.508201587173925e-16,S100A4
ENSG00000196208,30.762336094006063,2.2772652070466894,0.4031614993790607,1.404489089864315e-9,1.247788577115415e-8,GREB1
ENSG00000196335,6.7551609869332365,2.367680664282171,0.9930277313306675,0.001270380965675609,0.004141098244615413,STK31
ENSG00000196338,28.336260467893084,3.1391826539664565,0.4601459212444027,1.0644864159706869e-12,1.3381260620665224e-11,NLGN3
ENSG00000196352,107.00390265632659,1.346579422057925,0.20531022225310455,8.374165160543228e-12,9.687189727443765e-11,CD55
ENSG00000196535,260.8963511589354,1.032839565087574,0.13132753752601173,8.307698866825164e-16,1.4113176502286608e-14,MYO18A
ENSG00000196693,171.27968590589083,1.2084773966947038,0.16219289786200036,1.4161457967537119e-14,2.172486935803466e-13,ZNF33B
ENSG00000196754,117.7796871335086,2.322544786748736,0.19807566706521237,9.719855272989379e-33,4.942925101975086e-31,S100A2
ENSG00000196935,574.5686576250781,1.1863512604019544,0.10392839780218804,7.166279330687587e-31,3.3013362693105787e-29,SRGAP1
ENSG00000196954,346.6190259206601,1.1491498617473412,0.11861991815322927,6.977644098387074e-23,1.9656625811697257e-21,CASP4
ENSG00000197046,16.713809885483872,1.6454928004307834,0.5523907547082447,2.2229370067648258e-4,8.577940955150892e-4,SIGLEC15
ENSG00000197168,16.663144189535473,1.406088534825125,0.506248422501167,5.720086687947941e-4,0.002018984184924214,NEK5
ENSG00000197191,10.632747645767706,1.1692877799961248,0.6509312247876732,0.007422726692677832,0.019458103462328513,CYSRT1
ENSG00000197355,83.41651916912532,1.684440990470151,0.2269923626466946,1.1897285992972637e-14,1.8408032003482663e-13,UAP1L1
ENSG00000197385,7.517688977917846,1.5114567907403376,0.8415948170382869,0.005096198731344437,0.013981741238228746,ZNF860
ENSG00000197457,960.205650325331,2.5884675935135424,0.08863382648825367,1.788951148860929e-188,2.802034184460873e-185,STMN3
ENSG00000197746,3657.310777836874,1.0430337257216502,0.05945061770930764,1.4455943371846108e-69,3.6519909844068645e-67,PSAP
ENSG00000197956,11655.489883760914,1.977190075606831,0.048606439841266204,0,0,S100A6
ENSG00000198021,151.58951992772742,1.3223383696264204,0.16552479709507392,1.7383753860601425e-16,3.101158732558088e-15,SPANXA1
ENSG00000198156,10.374126128962416,2.3491779825658297,0.7811337810537711,2.155664564090836e-4,8.343013112763717e-4,NPIPB6
ENSG00000198355,674.585667394099,1.126818508763758,0.09392606141974359,6.18414355639305e-34,3.363272240409178e-32,PIM3
ENSG00000198400,5.060085162489094,1.1589759047542365,1.18211784740053,0.019300708733616823,0.04413240888972851,NTRK1
ENSG00000198502,14.443883968514113,1.2180399069376628,0.5575988217746127,0.003199287365543069,0.009333290744366007,HLA-DRB5
ENSG00000198573,53.72629636355413,1.3477507132008466,0.30429172985637887,1.2910413033061302e-6,7.5033691776192644e-6,SPANXC
ENSG00000198576,72.78994157230892,1.5406454097188995,0.24802019027095928,6.03744357686465e-11,6.325383193607426e-10,ARC
ENSG00000198590,14.834549644076034,1.4080476911520325,0.5766322600732482,0.0014406768018030707,0.004628783742900819,APRG1
ENSG00000198752,261.94138593685955,1.2287564536819615,0.12462873158307819,9.93949195554398e-24,2.9824188218330527e-22,CDC42BPB
ENSG00000198794,33.317138990841975,1.454681055632183,0.3637946442818716,7.788494664193547e-6,3.96968619993082e-5,SCAMP5
ENSG00000198799,121.14490304863568,1.164164470905208,0.17784784948412397,9.176363173279486e-12,1.056057137274626e-10,LRIG2
ENSG00000198910,30.311587788867445,1.8519911390094512,0.3889802020522018,1.807343512003981e-7,1.2010361233991665e-6,L1CAM
ENSG00000198933,133.5702928958822,1.2237555558233022,0.1743248950101458,3.613336357995712e-13,4.763946748761518e-12,TBKBP1
ENSG00000203867,132.2539835163839,1.1592770919277555,0.1889020959548138,1.229022969930104e-10,1.2371585332914668e-9,RBM20
ENSG00000203875,1568.2215463735004,1.582227951064608,0.061548083976661755,1.5287816598039912e-146,1.4085474786770539e-143,SNHG5
ENSG00000204219,108.23912556877212,1.613443562084926,0.19941575250485208,6.30369146766747e-17,1.1632203611546535e-15,TCEA3
ENSG00000204248,32.55710107189537,2.3698876258403168,0.41124133824397463,5.51114700123369e-10,5.116840277434695e-9,COL11A2
ENSG00000204257,34.02906579262973,1.0288956836004928,0.34122265752684,4.375958725278044e-4,0.00158099881005828,HLA-DMA
ENSG00000204305,44.40816810983916,1.161530773385546,0.29769268870003435,1.523071937122972e-5,7.383434153870972e-5,AGER
ENSG00000204386,241.88603833832875,1.1898196994612908,0.12735493675569232,1.527572507232965e-21,3.987728030131655e-20,NEU1
ENSG00000204397,17.26873194016196,1.3112127113755851,0.5310945686001808,0.0015022817207365209,0.004803069726861835,CARD16
ENSG00000204421,6.825608240013625,3.209074146510106,1.0359573778117377,2.5839607534354833e-4,9.804403411109491e-4,LY6G6C
ENSG00000204540,88.27861526835261,2.6864711696593546,0.2582261655834516,1.0862692371686773e-26,3.9845983751224805e-25,PSORS1C1
ENSG00000204592,999.4479031361078,1.0491929104936475,0.07781188534648327,3.8177341458472703e-42,3.285558787165154e-40,HLA-E
ENSG00000204634,74.46154258015139,1.1450082013607978,0.22989067134974164,1.0109496828476035e-7,6.978627096713095e-7,TBC1D8
ENSG00000204839,167.8347457309197,2.2435855889208534,0.17938700477208847,9.895241928969241e-37,6.567337895484967e-35,MROH6
ENSG00000204947,4.92536835905302,2.9425443564620912,1.268706809176594,0.0018493707667963518,0.005764516282652987,ZNF425
ENSG00000205045,22.24402229571356,1.2035900305531977,0.4318066905278852,6.501902398555282e-4,0.0022691465523300217,SLFN12L
ENSG00000205362,232.44331605948392,1.1856684206060315,0.13206607373753051,4.509231730476157e-20,1.0557264064939918e-18,MT1A
ENSG00000205364,171.37830811640052,1.1090107667729594,0.15841389110352286,4.4678320285813795e-13,5.851141560507537e-12,MT1M
ENSG00000205403,49.15292495202524,1.6398615830208016,0.3220556506386345,4.350377822630859e-8,3.179653188794547e-7,CFI
ENSG00000205413,35.74526269198969,1.168991597356204,0.34152100248624995,9.461863846524115e-5,3.9562512927951736e-4,SAMD9
ENSG00000205426,29.759525800118723,3.893404813884054,0.539746009783245,1.0244374512324382e-13,1.4275590568197224e-12,KRT81
ENSG00000205542,4729.118904447617,1.4549889568793155,0.04916206493861007,2.4104677340858613e-193,4.195017346554094e-190,TMSB4X
ENSG00000205560,95.29299424759246,2.1984182639926875,0.23006589669585267,9.802390066941506e-23,2.7465981327102827e-21,CPT1B
ENSG00000205639,85.14440036463412,1.3348086741692196,0.21116594401800282,3.5478285016953036e-11,3.827110042841153e-10,MFSD2B
ENSG00000205683,6.452895970275823,1.0995620602896583,0.9269678854157843,0.0183289328019372,0.0421889119917303,DPF3
ENSG00000205809,14.606733385396376,2.8317594170748115,0.6744955998232677,1.826729884007066e-6,1.0362937404274783e-5,KLRC2
ENSG00000205978,50.02115369592948,1.0295606546862193,0.2782724171640394,3.874916783669626e-5,1.7505861431386604e-4,NYNRIN
ENSG00000206075,25.575530149136053,2.8214210702809948,0.46273165288284596,1.3413551840073496e-10,1.345909432870411e-9,SERPINB5
ENSG00000210151,156.2574363835288,2.068066081111912,0.1838888206164853,2.3999695489835213e-30,1.0833061396463657e-28,MIR12136
ENSG00000212123,34.00563431978639,1.286825152168731,0.3574071837756198,4.142515152993103e-5,1.8628829986026694e-4,PRR22
ENSG00000213139,29.28106125330048,1.807902333250209,0.398030336364269,5.494750467670446e-7,3.4084862009949384e-6,CRYGS
ENSG00000213185,131.30568149895083,1.0866028811036332,0.17730923159061185,1.5501250241240366e-10,1.539607371772656e-9,FAM24B
ENSG00000213213,16.797161640211712,1.8533145013999492,0.541546711842138,5.6711902971387386e-5,2.488175171542971e-4,CCDC183
ENSG00000213886,19.986666629295375,1.6559254003264288,0.46638856951620405,3.77429825261879e-5,1.7090729555006677e-4,UBD
ENSG00000213918,11.24070298403658,1.6357184191573364,0.655233350557844,0.001005116829475895,0.0033579110705527254,DNASE1
ENSG00000213928,64.52493308600431,1.0204703882577715,0.2679393411316238,2.497666305301032e-5,1.1688361918114749e-4,IRF9
ENSG00000213930,62.68364412989467,1.1485868134217225,0.2529601164488151,9.271156771245261e-7,5.502619496324916e-6,GALT
ENSG00000214402,13.204600963564376,2.872233064874903,0.696409483911452,2.894980699872793e-6,1.587122250686299e-5,LCNL1
ENSG00000215533,20.089734870151933,1.3526988996451426,0.49934425218591466,7.346095483369304e-4,0.0025360787647347015,LINC00189
ENSG00000215788,179.40741739950394,1.1891683226166678,0.15225527150269846,1.0153501114061767e-15,1.7082093227663743e-14,TNFRSF25
ENSG00000215915,14.099503703849061,1.079341200730079,0.5426117182170047,0.005732536393616318,0.015502195706701036,ATAD3C
ENSG00000219355,7.983560509089126,1.6870580127759565,0.8247937099794183,0.0028586279010479002,0.00845603188179665,RPL31P52
ENSG00000220201,29.733514837008205,1.7520798357302705,0.39466142135679727,9.177619952666367e-7,5.452005997112461e-6,ZGLP1
ENSG00000221926,71.93741087422343,1.0753598348056845,0.26845538240329364,1.0350292271632666e-5,5.14329403079259e-5,TRIM16
ENSG00000221963,93.2660269453955,1.3859823196447931,0.20324861778473752,1.2268952502799696e-12,1.5361199284680386e-11,APOL6
ENSG00000223547,47.077873844733766,1.1140931432692003,0.2882814767652959,1.8197658474744906e-5,8.724515601160988e-5,ZNF844
ENSG00000223551,10.32763171510924,1.0392716195054315,0.651998663626203,0.0124539200833453,0.03032742508159865,TMSB4XP4
ENSG00000223903,9.70876542838948,1.0998400228459702,0.6766312457686098,0.011099315912747232,0.027461340449723762,RPL23P4
ENSG00000224261,6.670201768393357,1.543863110425046,0.9252338682194123,0.0065847414563176805,0.017510493281885198,RPSAP18
ENSG00000225190,137.87014000999707,1.278487065959899,0.18251264630653646,4.085217202721265e-13,5.372523681462903e-12,PLEKHM1
ENSG00000225383,57.287350269650354,1.6386478917062466,0.2797918590716291,5.942213039069248e-10,5.504014360197613e-9,SFTA1P
ENSG00000225663,458.51126192088026,1.1923075200462525,0.09904857807644933,3.2703062651390887e-34,1.829385965388341e-32,MCRIP1
ENSG00000226015,3.5874362460107996,1.097284130686471,1.8278396181864314,0.02152630570755074,0.04841564134080518,CCT8P1
ENSG00000226053,3.4315032223900714,1.8318881456842129,1.8804365033181323,0.013501632491199102,0.032554813686830594,LINC01776
ENSG00000226721,20.823211609834132,2.1298842516709082,0.51436536676688,3.2742184020058784e-6,1.7776111899694308e-5,EEF1DP2
ENSG00000226891,3.3699145258919416,4.857213987391348,2.560886897884106,3.7725592994742826e-4,0.0013815664322577902,LINC01359
ENSG00000226979,5.154130272083274,3.14742346211824,1.2676398138898173,0.0014033745894369823,0.004523781888115137,LTA
ENSG00000227234,32.19298546600141,1.0076008898831303,0.40313958679288675,0.001922569994634713,0.0059641936672536165,SPANXB1
ENSG00000227456,2.824639293944022,4.277506110414171,2.7152051942529787,0.0014277817666945582,0.004592062795017837,LINC00310
ENSG00000228063,4.415679930196756,2.6909476565183947,1.3970811471902547,0.004015661470181578,0.01136963196920364,LYPLAL1-DT
ENSG00000228526,31.494321047995214,1.596169644294343,0.3698432750781425,1.5883817684863155e-6,9.109785294691014e-6,MIR34AHG
ENSG00000231389,19.93902916869017,1.0873649105770036,0.4641022547860485,0.00252626039376577,0.007580233055086831,HLA-DPA1
ENSG00000232527,34.27833015156428,1.1248989699219503,0.334981401437571,1.2179925683055552e-4,4.97974878553117e-4,LINC02802
ENSG00000232527,34.27833015156428,1.1248989699219503,0.334981401437571,1.2179925683055552e-4,4.97974878553117e-4,LOC107985200
ENSG00000232593,53.01488083699483,1.052994507039802,0.2959986198419992,6.984859907039264e-5,3.003125465933461e-4,KANTR
ENSG00000232653,34.17983227615064,1.3179713543374338,0.3986348976594227,1.066132888667598e-4,4.407189082924409e-4,GOLGA8N
ENSG00000233016,2130.5505468790466,1.420492212425992,0.0565574293421634,3.656894437309049e-140,3.0146282932406124e-137,SNHG7
ENSG00000234498,52.039909385321074,1.2385768374284005,0.2907160554022557,2.7801086016732646e-6,1.5284254485085414e-5,RPL13AP20
ENSG00000234880,16.029117009591616,2.840093565610151,0.5934553926095084,1.8230022840378666e-7,1.2109281075014887e-6,LINC00163
ENSG00000235109,59.03939741420076,1.3378458460291345,0.26281787085378544,4.755451426432487e-8,3.448362763528336e-7,ZSCAN31
ENSG00000235448,27.874458115335614,1.003939495820455,0.3944858808775484,0.0017021155588646056,0.005367472518320177,LURAP1L-AS1
ENSG00000236761,3.6801751006799854,2.979380099220514,1.6738300637792018,0.0029313158436688335,0.008640475359851232,CTAGE9
ENSG00000236778,13.371299357505421,1.22265828379073,0.6308213423121868,0.005366355375949849,0.014635769502612308,INTS6-AS1
ENSG00000237135,11.49764507174919,1.0396158838733927,0.7012446114224704,0.013337639596518243,0.03221394741715732,DDX10P1
ENSG00000237512,8.612891302033004,2.944426395306645,0.8597048689075825,7.075304262704318e-5,3.038675367884226e-4,UNC5B-AS1
ENSG00000238120,4.2892276459734795,2.5198439385178912,1.4034113968159716,0.004690268638085804,0.012990924434719353,LINC01589
ENSG00000239557,4.641092044991829,2.112689128299443,1.291956276280932,0.005732409876967967,0.015502195706701036,PPP2R5CP
ENSG00000240038,53.70881661931031,1.0038836656160361,0.26037976363820947,2.2402588656974307e-5,1.0565846014278487e-4,AMY2B
ENSG00000240053,147.93246606597236,1.8446253768137888,0.1687631323176489,8.48447679501203e-29,3.553271658830841e-27,LY6G5B
ENSG00000241429,11.434059700986152,1.3148763059782393,0.6423468906632415,0.0037529858518812968,0.010707289143536749,EEF1A1P25
ENSG00000241839,193.29031058631028,1.0800352905056316,0.15117125280343993,1.8132847245574725e-13,2.450515844757868e-12,PLEKHO2
ENSG00000242252,5.9044530269293665,1.7157507877225486,1.1617224619244875,0.0067794654479087025,0.017978355322303272,BGLAP
ENSG00000242866,9.096213243439623,1.0517841420355938,0.7392390704605625,0.015892787093246517,0.037359856557334564,STRC
ENSG00000243335,14.556755517470757,1.0210282057776496,0.5398134121461791,0.008061072759342345,0.020876419085578562,KCTD7
ENSG00000243710,15.271634871427032,2.6010946862448363,0.607192730419507,1.7182723370632952e-6,9.797342415515978e-6,CFAP57
ENSG00000243806,6.648682162507067,1.2699294769932283,0.94843625665737,0.01183851833730645,0.029050088158738982,RPL7P18
ENSG00000244165,17.605146810414656,1.5184382085115236,0.5313577169160647,3.588396160779868e-4,0.0013212282338104155,P2RY11
ENSG00000244242,9.67670054235741,2.4332525285298012,0.7936361139037944,1.436668959870301e-4,5.792161111569762e-4,IFITM10
ENSG00000244274,272.5585801015432,12.84222520621705,3.1104324593882313,1.2446199743855607e-22,3.4687691563702915e-21,DBNDD2
ENSG00000244414,7.030133446159035,1.2039248592517438,1.0022395812894331,0.013673552001012477,0.03290349439112896,CFHR1
ENSG00000247746,23.1267971188442,1.3160799086287427,0.432300102586743,2.642603096026978e-4,9.998305125158374e-4,USP51
ENSG00000248174,38.59964327512592,1.5830371225967312,0.3255283213494243,1.2277980474200724e-7,8.368581730522452e-7,LINC02268
ENSG00000248323,44.59992563136279,1.114511861312702,0.31365340282459625,6.367814002355517e-5,2.7638817172191617e-4,LUCAT1
ENSG00000248596,20.323199948415866,3.046584930979043,0.5793980620538657,1.886910383979802e-8,1.4388839992344516e-7,LOC643201
ENSG00000249476,16.46225029915176,1.2952415356301203,0.5204767202933225,0.0014010389454735565,0.004517182586033824,LOC285638
ENSG00000250067,143.62287740757026,1.427716627912492,0.1675222746421905,2.1948773231379108e-18,4.583781801641213e-17,YJEFN3
ENSG00000251562,61249.7458693507,1.1000401429657214,0.18191705864964064,1.4134695777967775e-10,1.4119371171575847e-9,MALAT1
ENSG00000253598,12.026998471308595,1.2241763106878605,0.6346702755422517,0.00505754046051547,0.013892714176263383,SLC10A5
ENSG00000254206,31.343682669727702,1.1071870072421253,0.35435775427231275,2.711251035387897e-4,0.0010232849389706176,NPIPB11
ENSG00000254413,82.19668001535828,1.1737014997166717,0.22079749708331162,1.8526504720252452e-8,1.4148251751989963e-7,CHKB-CPT1B
ENSG00000255117,13.170196312229438,1.1866780040722056,0.6300969599243312,0.005711407831621427,0.015461075158431804,LINC02546
ENSG00000255524,20.685781149330914,3.9602048053188255,1.0933742644494264,1.9721263292929532e-5,9.406033707586943e-5,NPIPB8
ENSG00000255760,14.472308647671403,1.1120140275890464,0.5473840680424921,0.0051109448096873875,0.014012380282536941,LINC02422
ENSG00000255760,14.472308647671403,1.1120140275890464,0.5473840680424921,0.0051109448096873875,0.014012380282536941,LOC105369725
ENSG00000256294,26.151477802731552,1.1241048504665674,0.42008218884137455,0.0010882819643975514,0.003604516897517202,ZNF225
ENSG00000257176,68.79102996269546,1.1008730031519747,0.2413584288832119,8.539707726525192e-7,5.103298058777721e-6,LOC100506606
ENSG00000258441,78.52603212104871,1.6952578140569294,0.23413706334918455,4.828261235344799e-14,7.028350904201263e-13,LINC00641
ENSG00000259868,21.506736716570426,1.176697017214708,0.4451490087304917,0.0010156632781061416,0.0033890783819719847,LOC102723670
ENSG00000260804,81.60726938744985,2.78196533267196,0.2595471177960898,7.715448018825922e-28,3.0671843228139697e-26,LINC01963
ENSG00000261087,68.42682760255991,2.0033266928593942,0.2513360251996613,1.4820072258853745e-16,2.6528776204620136e-15,ZNNT1
ENSG00000261359,6.6328206663074525,1.9217259434548721,0.9409822110661797,0.002617250073042674,0.007823280132455613,PYCARD-AS1
ENSG00000261408,287.58646415293913,1.3076652397232738,0.11795686443254785,2.171122229245066e-29,9.394002065377202e-28,TEN1-CDK3
ENSG00000261488,11.458579437178274,2.180835577631223,0.6659694521707943,8.745455269980744e-5,3.68721577102849e-4,TBILA
ENSG00000262003,44.18873683536636,1.711074636308442,0.3142607992431084,5.02546665931675e-9,4.1515761753627765e-8,LOC101927727
ENSG00000262454,58.850584392832786,1.44291366983746,0.26685506446996304,8.803002581619721e-9,7.056367934284018e-8,MIR193BHG
ENSG00000263874,54.021983833485855,3.177119246593501,0.34502596526272006,2.336458321003252e-21,6.038935096018802e-20,LINC00672
ENSG00000265972,431.474347769009,2.3681380361438076,0.11726582171773359,1.7224778188350915e-91,7.49421391011501e-89,TXNIP
ENSG00000266714,66.16956374710827,1.7924759048263914,0.2758838068474837,7.501133792072342e-12,8.702982117424376e-11,MYO15B
ENSG00000267680,150.99467345434823,1.568669613343247,0.18214856162335988,6.433145549941009e-19,1.3994772048434168e-17,ZNF224
ENSG00000268043,117.30863816313604,1.216670305791668,0.19119693186328318,3.1385915860467066e-11,3.416244615166752e-10,NBPF12
ENSG00000269720,48.09442633102645,2.4493612009333336,0.3394090757891016,2.979776733854075e-14,4.4197199793898083e-13,CCDC194
ENSG00000270629,1365.7433629790219,1.094656219664899,0.20509220294860342,1.6840697171347454e-8,1.292385300317566e-7,NBPF14
ENSG00000271425,490.282342082992,1.3521520415961676,0.11275340036344456,6.225193452300487e-34,3.373882527452682e-32,NBPF10
ENSG00000271643,74.45135910684927,1.1222573116723946,0.2450628456619311,8.498196918940195e-7,5.080429707685507e-6,PDCD6IP-DT
ENSG00000272325,583.6134744730485,1.2652523583975526,0.09190364416208494,6.728320515466851e-44,6.23583930377262e-42,NUDT3
ENSG00000272808,68.58877061102645,2.7074565869929885,0.2796056882608344,4.633707790611139e-23,1.329263097515426e-21,GCAWKR
ENSG00000273033,40.20142227808061,1.0249671275640115,0.3047713793946616,1.344237589647359e-4,5.444735807252801e-4,LINC02035
ENSG00000273311,19.34926938744996,2.7873108166060296,0.5625035339918754,7.176535906749251e-8,5.070188629112021e-7,DGCR11
ENSG00000277887,4.945263726088562,5.8035156349118395,2.5191549531335418,2.65243711538501e-5,1.2368300844976305e-4,SNORA50C
ENSG00000281406,3.852961162114448,2.3603199290544414,1.5177150418946228,0.0072748572779479225,0.019128099638156506,BLACAT1
ENSG00000286952,5.346244708470966,2.6344625620804147,1.175182292262646,0.002060863455340043,0.0063491943943727565,LOC124909384
ENSG00000287382,8.512082024531866,2.5828165068863678,0.8264973073242792,1.5843940627548238e-4,6.321030108234541e-4,LOC105377663
ENSG00000288018,6.939738249886788,1.1809914375035884,0.902662288702663,0.014952757701664614,0.035507132183319114,LOC101929174
ENSG00000288859,58.17433610573003,1.1757158211426948,0.25857118578667104,8.345451714076923e-7,4.992926287149994e-6,H2AC19
ENSG00000289604,13.104101289336556,1.518900694168439,0.6677447528660067,0.0019954211511978084,0.006165768690315895,CTAGE8
