gene_id,feature_id,twostep_gene_padj,twostep_transcript_padj,pvalue,adj_pvalue,ctrl_1,ctrl_2,ctrl_3,ctrl_4,treatment_1,treatment_2,treatment_3,treatment_4,change_in_usage,chr,start,end,strand,ENSG_name,gene_name,mean_usage,pA_type,window_start,window_end
SQSTM1_ENSG00000161011.20,PAS16918_ATTAAA_0.35,0.7863135383792192,NA,1,1,0.7042752116814224,0.7042752116814224,0.7042752116814224,0.7042752116814224,0.711152733,0.711152733,0.711152733,0.711152733,0.006877521,chr5,179837251,179837252,+,ENSG00000161011.20,SQSTM1,0.7077139722808292,distal pA,179837052,179837452
PRPSAP1_ENSG00000161542.17,PAS48087_AATAAA_0.15,0.3714246914588752,NA,0.2513187469575985,0.4171871680093468,0.9848548598050928,0.9848548598050928,0.9848548598050928,0.9848548598050928,0.962157855,0.962157855,0.962157855,0.962157855,-0.022697005,chr17,76310932,76310933,-,ENSG00000161542.17,PRPSAP1,0.9735063572001316,distal pA,76310732,76311132
ABCC1_ENSG00000103222.20,PAS43099_None_0.1,0.5554609205588629,NA,0.4325695808921967,0.6020194498693413,0.11263135438542304,0.11263135438542304,0.11263135438542304,0.11263135438542304,0.095583982,0.095583982,0.095583982,0.095583982,-0.017047372,chr16,16142447,16142448,+,ENSG00000103222.20,ABCC1,0.10410766843236256,proximal pA,16142248,16142648
ATG13_ENSG00000175224.17,PAS31830_AATAAA_0.25,1.304611605401728e-4,0,1.985685766580681e-5,1.9452768439803507e-4,0.3339853294372084,0.3339853294372084,0.3339853294372084,0.3339853294372084,0.16007103435992764,0.16007103435992764,0.16007103435992764,0.16007103435992764,-0.173914295,chr11,46673033,46673034,+,ENSG00000175224.17,ATG13,0.247028182,proximal pA,46672834,46673234
C9orf85_ENSG00000155621.15,PAS26732_AATAAA_0.25,0.7664939810832482,NA,0.6770303759065572,0.7994017563781072,0.1543604098377686,0.1543604098377686,0.1543604098377686,0.1543604098377686,0.18724328690099631,0.18724328690099631,0.18724328690099631,0.18724328690099631,0.032882877063227706,chr9,71973178,71973179,+,ENSG00000155621.15,C9orf85,0.17080184836938245,proximal pA,71972979,71973379
CABLES1_ENSG00000134508.13,PAS48460_ATTAAA_0.15,7.351287548823262e-19,0,1.4928768560687238e-20,1.2516417694374127e-18,0.6706044570469285,0.6706044570469285,0.6706044570469285,0.6706044570469285,0.2953577357711659,0.2953577357711659,0.2953577357711659,0.2953577357711659,-0.375246721,chr18,23258651,23258652,+,ENSG00000134508.13,CABLES1,0.4829810964090472,proximal pA,23258452,23258852
CCT6A_ENSG00000146731.11,PAS21713_ATTAAA_0.35,2.0557342395827608e-22,0,2.9096546160248307e-24,3.256630928985792e-22,0.7081501286663797,0.7081501286663797,0.7081501286663797,0.7081501286663797,0.4982349583211291,0.4982349583211291,0.4982349583211291,0.4982349583211291,-0.20991517,chr7,56063400,56063401,+,ENSG00000146731.11,CCT6A,0.6031925434937544,proximal pA,56063201,56063601
CD109_ENSG00000156535.15,PAS19119_AATAAA_0.25,2.810445777340655e-29,7.191514376878455e-29,2.9105349467858863e-29,5.922938616709279e-27,0.43015825879647146,0.43015825879647146,0.43015825879647146,0.43015825879647146,0.1574123155080814,0.1574123155080814,0.1574123155080814,0.1574123155080814,-0.272745943,chr6,73823928,73823929,+,ENSG00000156535.15,CD109,0.2937852871522764,proximal pA,73823729,73824129
CDC37L1_ENSG00000106993.12,PAS26439_AATAAA_0.25,3.446830865506266e-4,4.73059772915192e-5,1.9145578091521512e-5,1.887990156734401e-4,0.6228584116068404,0.6228584116068404,0.6228584116068404,0.6228584116068404,0.2557667392733004,0.2557667392733004,0.2557667392733004,0.2557667392733004,-0.367091672,chr9,4706592,4706593,+,ENSG00000106993.12,CDC37L1,0.4393125754400704,proximal pA,4706393,4706793
CDT1_ENSG00000167513.9,PAS43871_ATTAAA_0.05,2.555863722441965e-25,0,2.8311105848587923e-27,4.526743603004576e-25,0.808955322,0.808955322,0.808955322,0.808955322,0.4543344199295958,0.4543344199295958,0.4543344199295958,0.4543344199295958,-0.354620903,chr16,88808508,88808509,+,ENSG00000167513.9,CDT1,0.6316448712020983,proximal pA,88808309,88808709
CEBPG_ENSG00000153879.9,PAS49937_AATAAA_0.3,0.08438952,NA,0.038239272,0.10485742340092163,0.2709560011272127,0.2709560011272127,0.2709560011272127,0.2709560011272127,0.17652510257024004,0.17652510257024004,0.17652510257024004,0.17652510257024004,-0.094430899,chr19,33379989,33379990,+,ENSG00000153879.9,CEBPG,0.2237405518487264,proximal pA,33379790,33380190
CES2_ENSG00000172831.14,PAS43533_None_0.2,4.481151856687385e-4,0,8.144206246205175e-5,6.573607818075824e-4,0.12561042153792662,0.12561042153792662,0.12561042153792662,0.12561042153792662,0.008476882,0.008476882,0.008476882,0.008476882,-0.117133539,chr16,66944123,66944124,+,ENSG00000172831.14,CES2,0.067043652,proximal pA,66943924,66944324
CHAF1B_ENSG00000159259.8,PAS53856_ATTAAA_0.1,0.11933558218966966,NA,0.058627429609078734,0.14498711233281836,0.8430348515246039,0.8430348515246039,0.8430348515246039,0.8430348515246039,0.7594448973644006,0.7594448973644006,0.7594448973644006,0.7594448973644006,-0.083589954,chr21,36416825,36416826,+,ENSG00000159259.8,CHAF1B,0.8012398744445022,proximal pA,36416626,36417026
CNOT8_ENSG00000155508.14,PAS16676_APA_0.1,2.670752750819348e-4,0,4.470429219833e-5,3.9780470831645294e-4,0.1895274566870976,0.1895274566870976,0.1895274566870976,0.1895274566870976,0.075580905,0.075580905,0.075580905,0.075580905,-0.113946552,chr5,154875778,154875779,+,ENSG00000155508.14,CNOT8,0.13255418068928396,proximal pA,154875579,154875979
COPS7B_ENSG00000144524.18,PAS7585_APA_0.15,0.3376206532118617,NA,0.2202365767058223,0.382514572,0.7083947772657093,0.7083947772657093,0.7083947772657093,0.7083947772657093,0.6121794885795118,0.6121794885795118,0.6121794885795118,0.6121794885795118,-0.096215289,chr2,231808721,231808722,+,ENSG00000144524.18,COPS7B,0.6602871329226105,proximal pA,231808522,231808922
CTCF_ENSG00000102974.16,PAS43566_AATAAA_0.4,0.21937669748713096,NA,0.12744098610944718,0.2580521460027115,0.066783615,0.066783615,0.066783615,0.066783615,0.10984356358151376,0.10984356358151376,0.10984356358151376,0.10984356358151376,0.043059948,chr16,67638879,67638880,+,ENSG00000102974.16,CTCF,0.088313589,proximal pA,67638680,67639080
DDA1_ENSG00000130311.11,PAS49746_AATAAA_0.1,2.0828481552654343e-30,0,1.53810325311909e-32,3.972743229354328e-30,0.8536758826186347,0.8536758826186347,0.8536758826186347,0.8536758826186347,0.4081813149228859,0.4081813149228859,0.4081813149228859,0.4081813149228859,-0.445494568,chr19,17320288,17320289,+,ENSG00000130311.11,DDA1,0.6309285987707602,proximal pA,17320089,17320489
DGCR8_ENSG00000128191.17,PAS54369_None_0.1,0.01297283,0,0.004010268,0.017578951319598524,0.4949873365319921,0.4949873365319921,0.4949873365319921,0.4949873365319921,0.22940575505240304,0.22940575505240304,0.22940575505240304,0.22940575505240304,-0.265581581,chr22,20111523,20111524,+,ENSG00000128191.17,DGCR8,0.3621965457921976,proximal pA,20111324,20111724
DHX34_ENSG00000134815.19,PAS50369_AATAAA_0.25,2.007338049088052e-5,0,2.47056990656991e-6,3.098246910844114e-5,0.6171283276046313,0.6171283276046313,0.6171283276046313,0.6171283276046313,0.26686332214784314,0.26686332214784314,0.26686332214784314,0.26686332214784314,-0.350265005,chr19,47382277,47382278,+,ENSG00000134815.19,DHX34,0.4419958248762372,proximal pA,47382078,47382478
DOT1L_ENSG00000104885.19,PAS49325_APA_0.2,1.14495559982737e-20,6.1378987857089986e-21,2.484117805990534e-21,2.1950122534380828e-19,0.5832498325345963,0.5832498325345963,0.5832498325345963,0.5832498325345963,0.1984006859295443,0.1984006859295443,0.1984006859295443,0.1984006859295443,-0.384849147,chr19,2230022,2230023,+,ENSG00000104885.19,DOT1L,0.3908252592320703,proximal pA,2229823,2230223
DPF2_ENSG00000133884.11,PAS32069_AATAAA_0.1,0.044805509080556485,0.046686951,0.018895046929966977,0.06106337230904391,0.8919055740001645,0.8919055740001645,0.8919055740001645,0.8919055740001645,0.7654470340513599,0.7654470340513599,0.7654470340513599,0.7654470340513599,-0.12645854,chr11,65352978,65352979,+,ENSG00000133884.11,DPF2,0.8286763040257622,proximal pA,65352779,65353179
DUS4L-BCAP29_ENSG00000288558.3,PAS22203_AATAAA_0.25,0.008318302,0,0.002366664,0.01142583,0.7165880932457933,0.7165880932457933,0.7165880932457933,0.7165880932457933,0.3521784983173958,0.3521784983173958,0.3521784983173958,0.3521784983173958,-0.364409595,chr7,107621868,107621869,+,ENSG00000288558.3,DUS4L-BCAP29,0.5343832957815946,proximal pA,107621669,107622069
EFR3A_ENSG00000132294.15,PAS25004_AATAAA_0.15,2.670952620831929e-6,0,2.640818796391774e-7,4.016855861193423e-6,0.48137983227398495,0.48137983227398495,0.48137983227398495,0.48137983227398495,0.27611992225367343,0.27611992225367343,0.27611992225367343,0.27611992225367343,-0.20525991,chr8,132013184,132013185,+,ENSG00000132294.15,EFR3A,0.3787498772638292,proximal pA,132012985,132013385
EIF2A_ENSG00000144895.12,PAS10955_APA_0.3,1.5684310597976312e-6,0.034343171,0.006949649,0.027404795998675416,0.6893980559532028,0.6893980559532028,0.6893980559532028,0.6893980559532028,0.5179913398459112,0.5179913398459112,0.5179913398459112,0.5179913398459112,-0.171406716,chr3,150584239,150584240,+,ENSG00000144895.12,EIF2A,0.603694698,proximal pA,150584040,150584440
EMG1_ENSG00000126749.17,PAS34356_None_0.15,0.012498113,0,0.003837882,0.016972867,0.9836004432127892,0.9836004432127892,0.9836004432127892,0.9836004432127892,0.9475196334506004,0.9475196334506004,0.9475196334506004,0.9475196334506004,-0.03608081,chr12,6975973,6975974,+,ENSG00000126749.17,EMG1,0.9655600383316948,proximal pA,6975774,6976174
ENSG00000273154_ENSG00000273154.3,PAS52923_ATTAAA_0.25,0.1324822453615137,NA,0.066680281,0.1597861142581277,0.863697608,0.863697608,0.863697608,0.863697608,0.7373373097909307,0.7373373097909307,0.7373373097909307,0.7373373097909307,-0.126360298,chr20,63736140,63736141,+,ENSG00000273154.3,ENSG00000273154,0.8005174588733543,proximal pA,63735941,63736341
EXOG_ENSG00000157036.13,PAS10031_ATTAAA_0.2,0.8305716539867375,NA,0.7556072380371652,0.8560574284333333,0.4417186773016396,0.4417186773016396,0.4417186773016396,0.4417186773016396,0.47749155107896313,0.47749155107896313,0.47749155107896313,0.47749155107896313,0.035772874,chr3,38525121,38525122,+,ENSG00000157036.13,EXOG,0.45960511419030137,proximal pA,38524922,38525322
FAM118B_ENSG00000197798.9,PAS32806_ATTAAA_0.15,0.5324739697728736,NA,0.40395570138552017,0.5777986182437616,0.8335732676019121,0.8335732676019121,0.8335732676019121,0.8335732676019121,0.790316128,0.790316128,0.790316128,0.790316128,-0.04325714,chr11,126262644,126262645,+,ENSG00000197798.9,FAM118B,0.811944698,proximal pA,126262445,126262845
FAR1_ENSG00000197601.14,PAS31538_AATAAA_0.3,5.937875861771583e-5,0.001211067,2.450702823430604e-4,0.001689702,0.5531469271558427,0.5531469271558427,0.5531469271558427,0.5531469271558427,0.4429081306519861,0.4429081306519861,0.4429081306519861,0.4429081306519861,-0.110238797,chr11,13731493,13731494,+,ENSG00000197601.14,FAR1,0.4980275289039144,proximal pA,13731294,13731694
FEM1B_ENSG00000169018.6,PAS41384_APA_0.25,0.003743586,0.019248633373538312,0.007790267,0.030066403,0.4740333613667504,0.4740333613667504,0.4740333613667504,0.4740333613667504,0.2980567380134446,0.2980567380134446,0.2980567380134446,0.2980567380134446,-0.175976623,chr15,68293718,68293719,+,ENSG00000169018.6,FEM1B,0.3860450496900975,proximal pA,68293519,68293919
FOXP4_ENSG00000137166.18,PAS18865_ATTAAA_0.1,0.001194936,0,2.519783859400674e-4,0.001728458,0.805948661,0.805948661,0.805948661,0.805948661,0.4335062566927784,0.4335062566927784,0.4335062566927784,0.4335062566927784,-0.372442405,chr6,41600625,41600626,+,ENSG00000137166.18,FOXP4,0.6197274590337432,proximal pA,41600426,41600826
GNAI1_ENSG00000127955.17,PAS21888_AATAAA_0.35,0.002078395,0,4.712726828022106e-4,0.002929282,0.6058707538490486,0.6058707538490486,0.6058707538490486,0.6058707538490486,0.4216245385412683,0.4216245385412683,0.4216245385412683,0.4216245385412683,-0.184246215,chr7,80218039,80218040,+,ENSG00000127955.17,GNAI1,0.5137476461951584,proximal pA,80217840,80218240
GORASP2_ENSG00000115806.13,PAS6991_APA_0.3,0.058023856863799045,NA,0.024137924,0.073948663,0.17540571793070814,0.17540571793070814,0.17540571793070814,0.17540571793070814,0.1064534417394946,0.1064534417394946,0.1064534417394946,0.1064534417394946,-0.068952276,chr2,170966502,170966503,+,ENSG00000115806.13,GORASP2,0.14092957983510138,proximal pA,170966303,170966703
GRAMD1B_ENSG00000023171.20,PAS32771_AATAAA_0.15,8.154833929303227e-7,0,7.059158806494281e-8,1.2692310834005984e-6,0.3248425322665833,0.3248425322665833,0.3248425322665833,0.3248425322665833,0.027362112881195097,0.027362112881195097,0.027362112881195097,0.027362112881195097,-0.297480419,chr11,123623053,123623054,+,ENSG00000023171.20,GRAMD1B,0.1761023225738892,proximal pA,123622854,123623254
HAUS5_ENSG00000249115.9,PAS49999_ATTAAA_0.15,0.012107876758715157,1,0.43185013590554033,0.601740759,0.4381303886001324,0.4381303886001324,0.4381303886001324,0.4381303886001324,0.38805324218743054,0.38805324218743054,0.38805324218743054,0.38805324218743054,-0.050077146,chr19,35623608,35623609,+,ENSG00000249115.9,HAUS5,0.4130918153937815,proximal pA,35623409,35623809
HIF1AN_ENSG00000166135.14,PAS29561_APA_0.3,0.32417837348915635,NA,0.021595464,0.067885333,0.6147029738393706,0.6147029738393706,0.6147029738393706,0.6147029738393706,0.5163086960075729,0.5163086960075729,0.5163086960075729,0.5163086960075729,-0.098394278,chr10,100549997,100549998,+,ENSG00000166135.14,HIF1AN,0.5655058349234717,proximal pA,100549798,100550198
HMGN4_ENSG00000182952.5,PAS18555_ATTAAA_0.05,2.1859374675007256e-5,0,2.717288421139364e-6,3.3574885726147924e-5,0.3588530494480065,0.3588530494480065,0.3588530494480065,0.3588530494480065,0.1942620787783056,0.1942620787783056,0.1942620787783056,0.1942620787783056,-0.164590971,chr6,26546500,26546501,+,ENSG00000182952.5,HMGN4,0.276557564,proximal pA,26546301,26546701
HNRNPH3_ENSG00000096746.18,PAS29134_AATAAA_0.35,5.2586190528665185e-21,3.493849503948022e-23,1.4140236043670664e-23,1.5072818277979419e-21,0.8420147447114386,0.8420147447114386,0.8420147447114386,0.8420147447114386,0.6289302194750129,0.6289302194750129,0.6289302194750129,0.6289302194750129,-0.213084525,chr10,68342267,68342268,+,ENSG00000096746.18,HNRNPH3,0.7354724820932257,proximal pA,68342068,68342468
ICAM1_ENSG00000090339.9,PAS49519_None_0.2,1.179699015770138e-4,0,1.7810430268857877e-5,1.7706283415324216e-4,0.4301894587133516,0.4301894587133516,0.4301894587133516,0.4301894587133516,0.2004703971325277,0.2004703971325277,0.2004703971325277,0.2004703971325277,-0.229719062,chr19,10285813,10285814,+,ENSG00000090339.9,ICAM1,0.3153299279229397,proximal pA,10285614,10286014
KHNYN_ENSG00000100441.10,PAS38926_APA_0.15,1.5817350906005605e-4,2.4184476049104383e-5,9.787891537411888e-6,1.0400409117007837e-4,0.5233387287586146,0.5233387287586146,0.5233387287586146,0.5233387287586146,0.2255389601379845,0.2255389601379845,0.2255389601379845,0.2255389601379845,-0.297799769,chr14,24438406,24438407,+,ENSG00000100441.10,KHNYN,0.3744388444482996,proximal pA,24438207,24438607
KIF1C_ENSG00000129250.12,PAS45135_AATAAA_0.05,1.4187968323742594e-7,1.2106053587791604e-9,2.4497685875602917e-10,7.002811312818833e-9,0.9177586912355246,0.9177586912355246,0.9177586912355246,0.9177586912355246,0.8450442936222516,0.8450442936222516,0.8450442936222516,0.8450442936222516,-0.072714398,chr17,5024701,5024702,+,ENSG00000129250.12,KIF1C,0.8814014924288881,proximal pA,5024502,5024902
KIFBP_ENSG00000198954.9,PAS29168_ATTAAA_0.35,0.3604798544246435,NA,0.24129737708633028,0.4067813668857435,0.0668016,0.0668016,0.0668016,0.0668016,0.030788902,0.030788902,0.030788902,0.030788902,-0.036012698,chr10,69016683,69016684,+,ENSG00000198954.9,KIFBP,0.04879525129180992,proximal pA,69016484,69016884
LRCH1_ENSG00000136141.15,PAS37944_ATTAAA_0.3,0.026768443342985813,0,0.009493875,0.035166086,0.4880049617760215,0.4880049617760215,0.4880049617760215,0.4880049617760215,0.18167569030417036,0.18167569030417036,0.18167569030417036,0.18167569030417036,-0.306329271,chr13,46751559,46751560,+,ENSG00000136141.15,LRCH1,0.3348403260400959,proximal pA,46751360,46751760
LRP3_ENSG00000130881.14,PAS49934_APA_0.05,5.849049529490852e-4,0,1.0930223838699828e-4,8.525193750149675e-4,0.9209865200190932,0.9209865200190932,0.9209865200190932,0.9209865200190932,0.5297662142692353,0.5297662142692353,0.5297662142692353,0.5297662142692353,-0.391220306,chr19,33207638,33207639,+,ENSG00000130881.14,LRP3,0.7253763671441642,proximal pA,33207439,33207839
MACF1_ENSG00000127603.32,PAS733_ATTAAA_0.25,0.1319999287975444,NA,0.066311349,0.15915434709671292,0.3770001467080598,0.3770001467080598,0.3770001467080598,0.3770001467080598,0.32091353856487065,0.32091353856487065,0.32091353856487065,0.32091353856487065,-0.056086608,chr1,39486217,39486218,+,ENSG00000127603.32,MACF1,0.3489568426364652,proximal pA,39486018,39486418
METTL14_ENSG00000145388.15,PAS13984_APA_0.2,0.8197485248862023,NA,0.3696259177612056,0.544209245,0.5929076830301349,0.5929076830301349,0.5929076830301349,0.5929076830301349,0.5320447338009682,0.5320447338009682,0.5320447338009682,0.5320447338009682,-0.060862949,chr4,118711446,118711447,+,ENSG00000145388.15,METTL14,0.5624762084155515,proximal pA,118711247,118711647
MIEF2_ENSG00000177427.13,PAS45371_AATAAA_0.35,0.920371111,NA,0.8779710477549438,0.9339913769966482,0.9151328503802324,0.9151328503802324,0.9151328503802324,0.9151328503802324,0.9247178632616592,0.9247178632616592,0.9247178632616592,0.9247178632616592,0.009585013,chr17,18265772,18265773,+,ENSG00000177427.13,MIEF2,0.9199253568209458,proximal pA,18265573,18265973
MOSPD2_ENSG00000130150.12,PAS55518_AATAAA_0.1,0.14185222534346556,NA,0.0596917,0.14729362824435582,0.05874765834271162,0.05874765834271162,0.05874765834271162,0.05874765834271162,0.019721507797034733,0.019721507797034733,0.019721507797034733,0.019721507797034733,-0.039026151,chrX,14921335,14921336,+,ENSG00000130150.12,MOSPD2,0.039234583,proximal pA,14921136,14921536
MRPL44_ENSG00000135900.4,PAS7514_ATTAAA_0.1,0.442790595,NA,0.3151760750491403,0.48988888600682834,0.12568279902467214,0.12568279902467214,0.12568279902467214,0.12568279902467214,0.1031817580751932,0.1031817580751932,0.1031817580751932,0.1031817580751932,-0.022501041,chr2,223967186,223967187,+,ENSG00000135900.4,MRPL44,0.11443227854993268,proximal pA,223966987,223967387
MRPL57_ENSG00000173141.5,PAS37758_ATTAAA_0.3,3.779447186517264e-4,3.3398593044328354e-5,1.3517010066966123e-5,1.381635937666834e-4,0.8559602713959081,0.8559602713959081,0.8559602713959081,0.8559602713959081,0.6156937076740551,0.6156937076740551,0.6156937076740551,0.6156937076740551,-0.240266564,chr13,21177354,21177355,+,ENSG00000173141.5,MRPL57,0.7358269895349816,proximal pA,21177155,21177555
MRPS11_ENSG00000181991.16,PAS41615_AATAAA_0.25,1.3579130972299848e-7,0,1.0058238220606793e-8,2.1375347712178773e-7,0.9371151640975456,0.9371151640975456,0.9371151640975456,0.9371151640975456,0.7188869032599103,0.7188869032599103,0.7188869032599103,0.7188869032599103,-0.218228261,chr15,88478262,88478263,+,ENSG00000181991.16,MRPS11,0.828001034,proximal pA,88478063,88478463
MTARC2_ENSG00000117791.16,PAS2428_AATAAA_0.45,0.7309767679389487,NA,0.633663143,0.7681857271764244,0.8623713601851186,0.8623713601851186,0.8623713601851186,0.8623713601851186,0.8797002987635643,0.8797002987635643,0.8797002987635643,0.8797002987635643,0.017328939,chr1,220784251,220784252,+,ENSG00000117791.16,MTARC2,0.8710358294743414,proximal pA,220784052,220784452
MTO1_ENSG00000135297.17,PAS19114_ATTAAA_0.25,0.14506355569648666,NA,0.1717462051966955,0.32118118657711187,0.5933120173231884,0.5933120173231884,0.5933120173231884,0.5933120173231884,0.5293916823126684,0.5293916823126684,0.5293916823126684,0.5293916823126684,-0.063920335,chr6,73501094,73501095,+,ENSG00000135297.17,MTO1,0.5613518498179284,proximal pA,73500895,73501295
NARF_ENSG00000141562.19,PAS46635_ATTAAA_0.4,3.7816795785675685e-40,0,1.1635937164823287e-42,6.794881393945285e-40,0.642692529,0.642692529,0.642692529,0.642692529,0.13860579085755187,0.13860579085755187,0.13860579085755187,0.13860579085755187,-0.504086738,chr17,82488254,82488255,+,ENSG00000141562.19,NARF,0.39064915970306746,proximal pA,82488055,82488455
NCAPH_ENSG00000121152.10,PAS6429_AATAAA_0.35,1.646902255306195e-6,5.363773739953218e-7,2.1708155054210666e-7,3.387984767096038e-6,0.94883531,0.94883531,0.94883531,0.94883531,0.7962759417081993,0.7962759417081993,0.7962759417081993,0.7962759417081993,-0.152559368,chr2,96373838,96373839,+,ENSG00000121152.10,NCAPH,0.8725556257741767,proximal pA,96373639,96374039
NIP7_ENSG00000132603.15,PAS43620_APA_0.35,0.014393651,0,0.004541012,0.01947328737927321,0.4089794371822738,0.4089794371822738,0.4089794371822738,0.4089794371822738,0.26931091283256897,0.26931091283256897,0.26931091283256897,0.26931091283256897,-0.139668524,chr16,69341836,69341837,+,ENSG00000132603.15,NIP7,0.33914517500742136,proximal pA,69341637,69342037
NIPSNAP3A_ENSG00000136783.10,PAS27011_ATTAAA_0.25,3.735051281866692e-21,0,6.359164233742265e-23,6.280142266425909e-21,0.4273701646796016,0.4273701646796016,0.4273701646796016,0.4273701646796016,0.064926806,0.064926806,0.064926806,0.064926806,-0.362443359,chr9,104759579,104759580,+,ENSG00000136783.10,NIPSNAP3A,0.24614848515097865,proximal pA,104759380,104759780
NMD3_ENSG00000169251.13,PAS11061_AATAAA_0.2,0.3291053409718888,NA,0.21258517307086727,0.372745621,0.1169581593109057,0.1169581593109057,0.1169581593109057,0.1169581593109057,0.083529996,0.083529996,0.083529996,0.083529996,-0.033428164,chr3,161252005,161252006,+,ENSG00000169251.13,NMD3,0.10024407743707872,proximal pA,161251806,161252206
PAGR1_ENSG00000280789.2,PAS43252_AATAAA_0.3,0.032078496,0,0.011811466599784918,0.04199042,0.8874113678332033,0.8874113678332033,0.8874113678332033,0.8874113678332033,0.783715688,0.783715688,0.783715688,0.783715688,-0.103695679,chr16,29820112,29820113,+,ENSG00000280789.2,PAGR1,0.8355635281286556,proximal pA,29819913,29820313
PCF11_ENSG00000165494.12,PAS32434_AATAAA_0.3,1.4754422760565478e-5,0,1.7584245382335474e-6,2.266545102976466e-5,0.5037965600544274,0.5037965600544274,0.5037965600544274,0.5037965600544274,0.2114936776302304,0.2114936776302304,0.2114936776302304,0.2114936776302304,-0.292302882,chr11,83185204,83185205,+,ENSG00000165494.12,PCF11,0.3576451188423289,proximal pA,83185005,83185405
PDK2_ENSG00000005882.12,PAS46037_APA_0.1,0.12632683391983154,NA,0.062735849,0.152762299,0.777878406,0.777878406,0.777878406,0.777878406,0.5837953614521005,0.5837953614521005,0.5837953614521005,0.5837953614521005,-0.194083044,chr17,50111057,50111058,+,ENSG00000005882.12,PDK2,0.6808368835423837,proximal pA,50110858,50111258
PKNOX1_ENSG00000160199.15,PAS53927_APA_0.35,0.1902626380705069,NA,0.9389497923300754,0.9701542165385983,0.3539682057998465,0.3539682057998465,0.3539682057998465,0.3539682057998465,0.3487136298212726,0.3487136298212726,0.3487136298212726,0.3487136298212726,-0.005254576,chr21,43030769,43030770,+,ENSG00000160199.15,PKNOX1,0.35134091781055954,proximal pA,43030570,43030970
POLA2_ENSG00000014138.10,PAS32061_ATTAAA_0.15,0.4892667225314955,NA,0.3593977709508278,0.5349148339583963,0.8789762649020496,0.8789762649020496,0.8789762649020496,0.8789762649020496,0.926214864,0.926214864,0.926214864,0.926214864,0.047238599,chr11,65297615,65297616,+,ENSG00000014138.10,POLA2,0.902595564330836,proximal pA,65297416,65297816
POLR2F_ENSG00000100142.16,PAS54660_AATAAA_0.1,4.625154096333437e-40,1.7413038232959803e-39,7.047369114590706e-40,3.4483044753989583e-37,0.8841373222999036,0.8841373222999036,0.8841373222999036,0.8841373222999036,0.4731711894683615,0.4731711894683615,0.4731711894683615,0.4731711894683615,-0.410966133,chr22,37967798,37967799,+,ENSG00000100142.16,POLR2F,0.6786542558841325,proximal pA,37967599,37967999
POP4_ENSG00000105171.10,PAS49904_AATAAA_0.3,4.3902205586148034e-5,0,5.934677637183909e-6,6.620320211380157e-5,0.9279380923205166,0.9279380923205166,0.9279380923205166,0.9279380923205166,0.7074424416638634,0.7074424416638634,0.7074424416638634,0.7074424416638634,-0.220495651,chr19,29615798,29615799,+,ENSG00000105171.10,POP4,0.8176902669921899,proximal pA,29615599,29615999
PRKRIP1_ENSG00000128563.13,PAS22130_APA_0.1,0.076303454,NA,0.033698736,0.095406348,0.2516070948205323,0.2516070948205323,0.2516070948205323,0.2516070948205323,0.10962675776746654,0.10962675776746654,0.10962675776746654,0.10962675776746654,-0.141980337,chr7,102425444,102425445,+,ENSG00000128563.13,PRKRIP1,0.18061692629399945,proximal pA,102425245,102425645
PRXL2A_ENSG00000122378.14,PAS29324_AATAAA_0.4,0.004873726,0,0.00126267,0.006770028,0.8199717028878639,0.8199717028878639,0.8199717028878639,0.8199717028878639,0.592789367,0.592789367,0.592789367,0.592789367,-0.227182336,chr10,80432990,80432991,+,ENSG00000122378.14,PRXL2A,0.7063805348740324,proximal pA,80432791,80433191
PSME3_ENSG00000131467.12,PAS45812_APA_0.1,2.6770008236116333e-6,3.582292922252159e-5,1.44981824320072e-5,1.4785504042846525e-4,0.1789787045040029,0.1789787045040029,0.1789787045040029,0.1789787045040029,0.10662423565563464,0.10662423565563464,0.10662423565563464,0.10662423565563464,-0.072354469,chr17,42841731,42841732,+,ENSG00000131467.12,PSME3,0.14280147007981878,proximal pA,42841532,42841932
PTPMT1_ENSG00000110536.14,PAS31855_None_0.2,0.1080648356950939,NA,0.051826787,0.1319824666191394,0.9429012097628132,0.9429012097628132,0.9429012097628132,0.9429012097628132,0.9014197314662556,0.9014197314662556,0.9014197314662556,0.9014197314662556,-0.041481478,chr11,47571817,47571818,+,ENSG00000110536.14,PTPMT1,0.9221604706145344,proximal pA,47571618,47572018
RAD23B_ENSG00000119318.13,PAS27046_APA_0.2,1.5069518553423164e-7,6.186761267559647e-8,1.2519466647071984e-8,2.5989019557468904e-7,0.4882395046396597,0.4882395046396597,0.4882395046396597,0.4882395046396597,0.31732768127609173,0.31732768127609173,0.31732768127609173,0.31732768127609173,-0.170911823,chr9,107330444,107330445,+,ENSG00000119318.13,RAD23B,0.4027835929578757,proximal pA,107330245,107330645
RALGPS2_ENSG00000116191.19,PAS2032_APA_0.2,1.0654653140959814e-19,0,2.0325799838138718e-21,1.819972117506941e-19,0.6815179832353191,0.6815179832353191,0.6815179832353191,0.6815179832353191,0.2370807556261024,0.2370807556261024,0.2370807556261024,0.2370807556261024,-0.444437228,chr1,178920099,178920100,+,ENSG00000116191.19,RALGPS2,0.4592993694307108,proximal pA,178919900,178920300
RAP1A_ENSG00000116473.15,PAS1427_ATTAAA_0.05,2.616733518935002e-12,0,9.608108715679289e-14,4.0837502582369785e-12,0.9120766292479048,0.9120766292479048,0.9120766292479048,0.9120766292479048,0.618597058,0.618597058,0.618597058,0.618597058,-0.293479572,chr1,111713112,111713113,+,ENSG00000116473.15,RAP1A,0.7653368434092669,proximal pA,111712913,111713313
RBM48_ENSG00000127993.16,PAS21953_AATAAA_0.25,0.8236243253728549,NA,0.7461963702240721,0.8493922338688186,0.6463538360811499,0.6463538360811499,0.6463538360811499,0.6463538360811499,0.6107430977682036,0.6107430977682036,0.6107430977682036,0.6107430977682036,-0.035610738,chr7,92537509,92537510,+,ENSG00000127993.16,RBM48,0.6285484669246768,proximal pA,92537310,92537710
RHOU_ENSG00000116574.6,PAS2569_ATTAAA_0.35,0.001361057,0,2.925923780314079e-4,0.001961961,0.3718045420553184,0.3718045420553184,0.3718045420553184,0.3718045420553184,0.097510647,0.097510647,0.097510647,0.097510647,-0.274293895,chr1,228743981,228743982,+,ENSG00000116574.6,RHOU,0.2346575943125029,proximal pA,228743782,228744182
RPS19_ENSG00000105372.8,PAS50194_AATAAA_0.1,1.872593896206498e-9,0,9.795106534003223e-11,3.010482285084606e-9,0.7047889620421617,0.7047889620421617,0.7047889620421617,0.7047889620421617,0.4327165548322008,0.4327165548322008,0.4327165548322008,0.4327165548322008,-0.272072407,chr19,41871413,41871414,+,ENSG00000105372.8,RPS19,0.5687527584371812,proximal pA,41871214,41871614
RTCA_ENSG00000137996.13,PAS1301_AATAAA_0.35,0.006802751,0,0.001862907,0.009406281,0.5483649085817793,0.5483649085817793,0.5483649085817793,0.5483649085817793,0.3551976486893794,0.3551976486893794,0.3551976486893794,0.3551976486893794,-0.19316726,chr1,100291769,100291770,+,ENSG00000137996.13,RTCA,0.4517812786355794,proximal pA,100291570,100291970
SIPA1L1_ENSG00000197555.10,PAS39410_AATAAA_0.35,1.346885058707175e-6,0,1.251567039167898e-7,2.077848813728558e-6,0.729999623,0.729999623,0.729999623,0.729999623,0.3821821555217634,0.3821821555217634,0.3821821555217634,0.3821821555217634,-0.347817467,chr14,71739400,71739401,+,ENSG00000197555.10,SIPA1L1,0.5560908891338452,proximal pA,71739201,71739601
SLK_ENSG00000065613.15,PAS29675_APA_0.25,1.341649761601145e-4,0.11651037928755428,0.023576920854804576,0.072779045,0.1876328275492663,0.1876328275492663,0.1876328275492663,0.1876328275492663,0.14061547294200255,0.14061547294200255,0.14061547294200255,0.14061547294200255,-0.047017355,chr10,104027583,104027584,+,ENSG00000065613.15,SLK,0.16412415024563445,proximal pA,104027384,104027784
SOCS6_ENSG00000170677.6,PAS48706_ATTAAA_0.2,0.8839194015812073,NA,0.8289804110829292,0.9008223202644146,0.4961958713294609,0.4961958713294609,0.4961958713294609,0.4961958713294609,0.47970511195272375,0.47970511195272375,0.47970511195272375,0.47970511195272375,-0.016490759,chr18,70327116,70327117,+,ENSG00000170677.6,SOCS6,0.48795049164109233,proximal pA,70326917,70327317
TADA2B_ENSG00000173011.12,PAS13337_ATTAAA_0.45,0.3930833273654673,NA,0.2699575343629917,0.43864259277956047,0.5128809658484523,0.5128809658484523,0.5128809658484523,0.5128809658484523,0.3622364038457629,0.3622364038457629,0.3622364038457629,0.3622364038457629,-0.150644562,chr4,7056517,7056518,+,ENSG00000173011.12,TADA2B,0.4375586848471076,proximal pA,7056318,7056718
TENM3_ENSG00000218336.9,PAS14264_AATAAA_0.25,0.1978071217088677,NA,0.11166465619339563,0.23437537073503625,0.8115878500854693,0.8115878500854693,0.8115878500854693,0.8115878500854693,0.7028284451396007,0.7028284451396007,0.7028284451396007,0.7028284451396007,-0.108759405,chr4,182801127,182801128,+,ENSG00000218336.9,TENM3,0.757208148,proximal pA,182800928,182801328
TIGD5_ENSG00000179886.6,PAS25088_ATTAAA_0.15,2.439489596030937e-7,0,1.921567189488984e-8,3.880987807823541e-7,0.8982644217184174,0.8982644217184174,0.8982644217184174,0.8982644217184174,0.5946435459361166,0.5946435459361166,0.5946435459361166,0.5946435459361166,-0.303620876,chr8,143600313,143600314,+,ENSG00000179886.6,TIGD5,0.746453984,proximal pA,143600114,143600514
TIPARP_ENSG00000163659.13,PAS11006_APA_0.3,0.28379863804357786,NA,0.1749280765115831,0.3246902979031333,0.2333947798170843,0.2333947798170843,0.2333947798170843,0.2333947798170843,0.3215741978136848,0.3215741978136848,0.3215741978136848,0.3215741978136848,0.088179418,chr3,156705307,156705308,+,ENSG00000163659.13,TIPARP,0.27748448881538457,proximal pA,156705108,156705508
TMEM139_ENSG00000178826.11,PAS22440_ATTAAA_0.3,0.37783127075117007,NA,0.25638273715792215,0.422964058,0.6033946195287632,0.6033946195287632,0.6033946195287632,0.6033946195287632,0.4995169585179941,0.4995169585179941,0.4995169585179941,0.4995169585179941,-0.103877661,chr7,143287293,143287294,+,ENSG00000178826.11,TMEM139,0.5514557890233787,proximal pA,143287094,143287494
TSPAN14_ENSG00000108219.16,PAS29330_APA_0.15,0.015291460972846286,0.003218114,0.001302429,0.006960971,0.5273063802226392,0.5273063802226392,0.5273063802226392,0.5273063802226392,0.3445225827093955,0.3445225827093955,0.3445225827093955,0.3445225827093955,-0.182783798,chr10,80519627,80519628,+,ENSG00000108219.16,TSPAN14,0.43591448146601736,proximal pA,80519428,80519828
TUBB_ENSG00000196230.14,PAS18657_AATAAA_0.1,4.793299739941018e-25,0,5.6044735420848826e-27,8.1819221895371805e-25,0.7007573279451221,0.7007573279451221,0.7007573279451221,0.7007573279451221,0.4011668485124345,0.4011668485124345,0.4011668485124345,0.4011668485124345,-0.299590479,chr6,30724575,30724576,+,ENSG00000196230.14,TUBB,0.5509620882287783,proximal pA,30724376,30724776
UST_ENSG00000111962.8,PAS19537_ATTAAA_0.1,0.015058881808093514,0,0.004791041,0.020369887274716645,0.42417155310117977,0.42417155310117977,0.42417155310117977,0.42417155310117977,0.15112508786725373,0.15112508786725373,0.15112508786725373,0.15112508786725373,-0.273046465,chr6,149074255,149074256,+,ENSG00000111962.8,UST,0.28764832048421674,proximal pA,149074056,149074456
VAPB_ENSG00000124164.16,PAS52819_AATAAA_0.15,7.818856118727873e-22,3.068783400837657e-22,1.2419917230467068e-22,1.1915136308743087e-20,0.7864131924424981,0.7864131924424981,0.7864131924424981,0.7864131924424981,0.37248760132908126,0.37248760132908126,0.37248760132908126,0.37248760132908126,-0.413925591,chr20,58445549,58445550,+,ENSG00000124164.16,VAPB,0.5794503968857897,proximal pA,58445350,58445750
WDR76_ENSG00000092470.12,PAS41067_ATTAAA_0.3,0.5672033722565768,NA,0.4451528414879308,0.6126496376702939,0.6331840349983483,0.6331840349983483,0.6331840349983483,0.6331840349983483,0.6746385985832491,0.6746385985832491,0.6746385985832491,0.6746385985832491,0.041454564,chr15,43867011,43867012,+,ENSG00000092470.12,WDR76,0.6539113167907987,proximal pA,43866812,43867212
XRCC5_ENSG00000079246.16,PAS7410_APA_0.1,1.5151833240984754e-4,0,2.3465916096294336e-5,2.2609090322046573e-4,0.6456642431254965,0.6456642431254965,0.6456642431254965,0.6456642431254965,0.5239040729411836,0.5239040729411836,0.5239040729411836,0.5239040729411836,-0.12176017,chr2,216205422,216205423,+,ENSG00000079246.16,XRCC5,0.584784158,proximal pA,216205223,216205623
ZNF283_ENSG00000167637.18,PAS50234_APA_0.2,0.8430697722741852,NA,0.7728571922652993,0.8661030412444919,0.20830526002075456,0.20830526002075456,0.20830526002075456,0.20830526002075456,0.18378008576969257,0.18378008576969257,0.18378008576969257,0.18378008576969257,-0.024525174,chr19,43848832,43848833,+,ENSG00000167637.18,ZNF283,0.1960426728952236,proximal pA,43848633,43849033
ZNF526_ENSG00000167625.12,PAS50204_None_0.2,0.8548907440732532,NA,0.7893052798099923,0.8762736992170611,0.8060886002335946,0.8060886002335946,0.8060886002335946,0.8060886002335946,0.7754454258848031,0.7754454258848031,0.7754454258848031,0.7754454258848031,-0.030643174,chr19,42227051,42227052,+,ENSG00000167625.12,ZNF526,0.7907670130591988,proximal pA,42226852,42227252
AAGAB_ENSG00000103591.13,PAS42405_AATAAA_0.3,0.6608499339467184,NA,0.26339521682957523,0.43122810802931216,0.8892155574727869,0.8892155574727869,0.8892155574727869,0.8892155574727869,0.8562789323503287,0.8562789323503287,0.8562789323503287,0.8562789323503287,-0.032936625,chr15,67201672,67201673,-,ENSG00000103591.13,AAGAB,0.8727472449115579,proximal pA,67201472,67201872
ARFIP2_ENSG00000132254.13,PAS32983_AATAAA_0.25,0.044366892,0,0.017501032668025697,0.057463729,0.8866448710589286,0.8866448710589286,0.8866448710589286,0.8866448710589286,0.7784015164103915,0.7784015164103915,0.7784015164103915,0.7784015164103915,-0.108243355,chr11,6476519,6476520,-,ENSG00000132254.13,ARFIP2,0.832523194,proximal pA,6476319,6476719
BARD1_ENSG00000138376.11,PAS9390_ATTAAA_0.25,0.6231441334419109,NA,0.5066960707617918,0.6675922038847976,0.7997851215408059,0.7997851215408059,0.7997851215408059,0.7997851215408059,0.8299392266478548,0.8299392266478548,0.8299392266478548,0.8299392266478548,0.030154105107048856,chr2,214726630,214726631,-,ENSG00000138376.11,BARD1,0.8148621740943304,proximal pA,214726430,214726830
BDNF_ENSG00000176697.20,PAS33185_AATAAA_0.4,0.8703520365974204,NA,0.8116144324865381,0.890005066,0.684368818,0.684368818,0.684368818,0.684368818,0.7006013522491865,0.7006013522491865,0.7006013522491865,0.7006013522491865,0.016232534,chr11,27657505,27657506,-,ENSG00000176697.20,BDNF,0.6924850850099413,proximal pA,27657305,27657705
BLOC1S5_ENSG00000188428.20,PAS19792_ATTAAA_0.4,0.7450175910022387,NA,0.6510307564450333,0.7808078405489003,0.3919791516684472,0.3919791516684472,0.3919791516684472,0.3919791516684472,0.33957225916550016,0.33957225916550016,0.33957225916550016,0.33957225916550016,-0.052406893,chr6,8013983,8013984,-,ENSG00000188428.20,BLOC1S5,0.3657757054169737,proximal pA,8013783,8014183
BNIP2_ENSG00000140299.14,PAS42263_AATAAA_0.45,4.4179554201920856e-14,1.0918282151166278e-11,4.418824755743808e-12,1.5868779490479968e-10,0.40306082081318767,0.40306082081318767,0.40306082081318767,0.40306082081318767,0.18792669517743785,0.18792669517743785,0.18792669517743785,0.18792669517743785,-0.215134126,chr15,59662860,59662861,-,ENSG00000140299.14,BNIP2,0.29549375799531274,proximal pA,59662660,59663060
BRAP_ENSG00000089234.16,PAS37297_APA_0.2,0.022961974914030858,0,0.007875369,0.030307758,0.5129116706156247,0.5129116706156247,0.5129116706156247,0.5129116706156247,0.23729269616096216,0.23729269616096216,0.23729269616096216,0.23729269616096216,-0.275618974,chr12,111644089,111644090,-,ENSG00000089234.16,BRAP,0.37510218338829343,proximal pA,111643889,111644289
C1orf52_ENSG00000162642.14,PAS3898_AATAAA_0.35,1.6337459206693421e-16,3.7710032101562956e-18,1.5261926838232555e-18,1.0788575756015867e-16,0.6505186014775923,0.6505186014775923,0.6505186014775923,0.6505186014775923,0.19242069624595504,0.19242069624595504,0.19242069624595504,0.19242069624595504,-0.458097905,chr1,85252194,85252195,-,ENSG00000162642.14,C1orf52,0.4214696488617737,proximal pA,85251994,85252394
CBX4_ENSG00000141582.15,PAS48156_APA_0.3,1.2910571488565254e-9,0,6.488389773740487e-11,2.069965868197351e-9,0.1133973563214986,0.1133973563214986,0.1133973563214986,0.1133973563214986,0.053342702,0.053342702,0.053342702,0.053342702,-0.060054654,chr17,79833472,79833473,-,ENSG00000141582.15,CBX4,0.083370029,proximal pA,79833272,79833672
CLIP1_ENSG00000130779.22,PAS37533_AATAAA_0.15,4.663914618791866e-4,0,8.543334881192076e-5,6.842309528282099e-4,0.32019872841243924,0.32019872841243924,0.32019872841243924,0.32019872841243924,0.052961363,0.052961363,0.052961363,0.052961363,-0.267237365,chr12,122272661,122272662,-,ENSG00000130779.22,CLIP1,0.18658004577065,proximal pA,122272461,122272861
COBL_ENSG00000106078.19,PAS23113_AATAAA_0.35,1.1472351007935762e-5,0,1.317849551680826e-6,1.7559560841890056e-5,0.1250958181013082,0.1250958181013082,0.1250958181013082,0.1250958181013082,0.035981214,0.035981214,0.035981214,0.035981214,-0.089114604,chr7,51017281,51017282,-,ENSG00000106078.19,COBL,0.080538516,proximal pA,51017081,51017481
COMMD2_ENSG00000114744.9,PAS12702_AATAAA_0.3,0.008424499,0,0.002410703,0.011547128,0.8439896430481059,0.8439896430481059,0.8439896430481059,0.8439896430481059,0.6742121217194534,0.6742121217194534,0.6742121217194534,0.6742121217194534,-0.169777521,chr3,149740747,149740748,-,ENSG00000114744.9,COMMD2,0.7591008823837797,proximal pA,149740547,149740947
COX16_ENSG00000133983.16,PAS40386_AATAAA_0.45,0.6505140840043312,NA,0.5388258197352799,0.6931963203893241,0.8599796014615327,0.8599796014615327,0.8599796014615327,0.8599796014615327,0.8249753292233569,0.8249753292233569,0.8249753292233569,0.8249753292233569,-0.035004272,chr14,70326072,70326073,-,ENSG00000133983.16,COX16,0.8424774653424448,proximal pA,70325872,70326272
COX19_ENSG00000240230.6,PAS22589_None_0.25,0.2505108944372372,NA,1,1,0.5517171875776178,0.5517171875776178,0.5517171875776178,0.5517171875776178,0.556330518,0.556330518,0.556330518,0.556330518,0.00461333,chr7,968990,968991,-,ENSG00000240230.6,COX19,0.554023853,proximal pA,968790,969190
CSNK1D_ENSG00000141551.15,PAS48257_None_0.25,9.767680071154462e-6,0,1.101994674690184e-6,1.4935308250070444e-5,0.7743323676732246,0.7743323676732246,0.7743323676732246,0.7743323676732246,0.5845493333020487,0.5845493333020487,0.5845493333020487,0.5845493333020487,-0.189783034,chr17,82244365,82244366,-,ENSG00000141551.15,CSNK1D,0.6794408504876366,proximal pA,82244165,82244565
CTDSP2_ENSG00000175215.11,PAS36854_None_0.15,0.3040772609225894,NA,0.19186495478930973,0.34714454,0.076414817,0.076414817,0.076414817,0.076414817,0.057397634838752265,0.057397634838752265,0.057397634838752265,0.057397634838752265,-0.019017182,chr12,57822802,57822803,-,ENSG00000175215.11,CTDSP2,0.066906226,proximal pA,57822602,57823002
CWC15_ENSG00000150316.12,PAS33905_ATTAAA_0.3,1.86647868915697e-4,0,2.978708554182816e-5,2.805093763505007e-4,0.5996643703506835,0.5996643703506835,0.5996643703506835,0.5996643703506835,0.3509042019366282,0.3509042019366282,0.3509042019366282,0.3509042019366282,-0.248760168,chr11,94963347,94963348,-,ENSG00000150316.12,CWC15,0.4752842861436559,proximal pA,94963147,94963547
DNTTIP2_ENSG00000067334.14,PAS4003_ATTAAA_0.45,0.026094105313448853,0,0.009185125,0.03430024153949696,0.6325149182296714,0.6325149182296714,0.6325149182296714,0.6325149182296714,0.4312575411023333,0.4312575411023333,0.4312575411023333,0.4312575411023333,-0.201257377,chr1,93869781,93869782,-,ENSG00000067334.14,DNTTIP2,0.5318862296660023,proximal pA,93869581,93869981
DUSP3_ENSG00000108861.9,PAS47478_APA_0.2,0.001786031,0,3.97872776555189e-4,0.002539843,0.24392876304431688,0.24392876304431688,0.24392876304431688,0.24392876304431688,0.062619744,0.062619744,0.062619744,0.062619744,-0.181309019,chr17,43768302,43768303,-,ENSG00000108861.9,DUSP3,0.1532742535094902,proximal pA,43768102,43768502
ENTR1_ENSG00000165689.17,PAS28520_APA_0.2,0.7880893776188155,NA,0.7033035763886161,0.8192978999334513,0.09937619,0.09937619,0.09937619,0.09937619,0.091074561,0.091074561,0.091074561,0.091074561,-0.008301629,chr9,136402666,136402667,-,ENSG00000165689.17,ENTR1,0.095225375,proximal pA,136402466,136402866
ESS2_ENSG00000100056.12,PAS54967_ATTAAA_0.05,1.2118455445257098e-16,0,2.933287677005821e-18,1.950345880686395e-16,0.8266565781144971,0.8266565781144971,0.8266565781144971,0.8266565781144971,0.2567089238223084,0.2567089238223084,0.2567089238223084,0.2567089238223084,-0.569947654,chr22,19133938,19133939,-,ENSG00000100056.12,ESS2,0.5416827509684028,proximal pA,19133738,19134138
FAM110C_ENSG00000184731.6,PAS7762_AATAAA_0.1,0.508527375,NA,0.3791887257021031,0.5539355856977318,0.27151281768326707,0.27151281768326707,0.27151281768326707,0.27151281768326707,0.1752205623898645,0.1752205623898645,0.1752205623898645,0.1752205623898645,-0.096292255,chr2,41220,41221,-,ENSG00000184731.6,FAM110C,0.22336669003656576,proximal pA,41020,41420
FAM83G_ENSG00000188522.16,PAS47030_APA_0.25,0.4869639226023543,NA,0.3569070965042486,0.5325060223448749,0.084712293,0.084712293,0.084712293,0.084712293,0.061363463,0.061363463,0.061363463,0.061363463,-0.023348831,chr17,18970910,18970911,-,ENSG00000188522.16,FAM83G,0.073037878,proximal pA,18970710,18971110
FBXL20_ENSG00000108306.13,PAS47332_AATAAA_0.35,5.788800460918389e-5,0,8.0799351622214845e-06,8.772967596103214e-5,0.3151518858658423,0.3151518858658423,0.3151518858658423,0.3151518858658423,0.1409011691987314,0.1409011691987314,0.1409011691987314,0.1409011691987314,-0.174250717,chr17,39260594,39260595,-,ENSG00000108306.13,FBXL20,0.2280265275322869,proximal pA,39260394,39260794
FBXO30_ENSG00000118496.5,PAS20965_AATAAA_0.4,0.087835906,NA,0.040233349,0.10872718580153184,0.9822580324365614,0.9822580324365614,0.9822580324365614,0.9822580324365614,0.9281625677058428,0.9281625677058428,0.9281625677058428,0.9281625677058428,-0.054095465,chr6,145798195,145798196,-,ENSG00000118496.5,FBXO30,0.955210300071202,proximal pA,145797995,145798395
FKBP7_ENSG00000079150.19,PAS9180_AATAAA_0.3,0.013179895409488315,0,0.004085092,0.017860308079261263,0.9134469830703216,0.9134469830703216,0.9134469830703216,0.9134469830703216,0.7286102097201066,0.7286102097201066,0.7286102097201066,0.7286102097201066,-0.184836773,chr2,178465600,178465601,-,ENSG00000079150.19,FKBP7,0.8210285963952141,proximal pA,178465400,178465800
GCLM_ENSG00000023909.10,PAS4008_AATAAA_0.45,0.7178116405405244,NA,0.8539474153075468,0.9179424886982636,0.5529361560035073,0.5529361560035073,0.5529361560035073,0.5529361560035073,0.5798945617845108,0.5798945617845108,0.5798945617845108,0.5798945617845108,0.026958405781003503,chr1,93888456,93888457,-,ENSG00000023909.10,GCLM,0.5664153588940091,proximal pA,93888256,93888656
GNL1_ENSG00000204590.13,PAS20032_AATAAA_0.25,7.968531062904706e-37,0,3.269140948883982e-39,1.4635944028153586e-36,0.941895779,0.941895779,0.941895779,0.941895779,0.5467530902570058,0.5467530902570058,0.5467530902570058,0.5467530902570058,-0.395142688,chr6,30545964,30545965,-,ENSG00000204590.13,GNL1,0.744324434,proximal pA,30545764,30546164
IDH2_ENSG00000182054.10,PAS42689_APA_0.2,0.7279095478187896,NA,0.6293617936525535,0.765250611,0.946256618,0.946256618,0.946256618,0.946256618,0.9559487427033432,0.9559487427033432,0.9559487427033432,0.9559487427033432,0.009692124,chr15,90083981,90083982,-,ENSG00000182054.10,IDH2,0.9511026805686508,proximal pA,90083781,90084181
KNOP1_ENSG00000103550.14,PAS44280_AATAAA_0.2,1.3336952700630516e-5,0.004061863,8.21954426526104e-4,0.004689749,0.6836578239953576,0.6836578239953576,0.6836578239953576,0.6836578239953576,0.8058021273589949,0.8058021273589949,0.8058021273589949,0.8058021273589949,0.12214430336363737,chr16,19706353,19706354,-,ENSG00000103550.14,KNOP1,0.7447299756771762,proximal pA,19706153,19706553
LDB1_ENSG00000198728.11,PAS31014_ATTAAA_0.15,0.5395162671196891,NA,0.4127347613723447,0.5855899567889014,0.7834772050041768,0.7834772050041768,0.7834772050041768,0.7834772050041768,0.8336934220028084,0.8336934220028084,0.8336934220028084,0.8336934220028084,0.050216216998631547,chr10,102107559,102107560,-,ENSG00000198728.11,LDB1,0.8085853135034926,proximal pA,102107359,102107759
LIX1L_ENSG00000271601.4,PAS4321_APA_0.1,0.42740156576403227,NA,0.25861724273125347,0.4254119028932597,0.065863897,0.065863897,0.065863897,0.065863897,0.048288346,0.048288346,0.048288346,0.048288346,-0.01757555,chr1,145935997,145935998,-,ENSG00000271601.4,LIX1L,0.057076122,proximal pA,145935797,145936197
MCC_ENSG00000171444.19,PAS17607_AATAAA_0.05,0.00838688,0,0.002391336,0.011491246,0.29351879177330686,0.29351879177330686,0.29351879177330686,0.29351879177330686,0.11357544259807029,0.11357544259807029,0.11357544259807029,0.11357544259807029,-0.179943349,chr5,113024856,113024857,-,ENSG00000171444.19,MCC,0.20354711718568855,proximal pA,113024656,113025056
MED8_ENSG00000159479.17,PAS3525_AATAAA_0.2,0.02416621262460549,0,0.008362749,0.031881942,0.5730158064285757,0.5730158064285757,0.5730158064285757,0.5730158064285757,0.4371616962225359,0.4371616962225359,0.4371616962225359,0.4371616962225359,-0.13585411,chr1,43384726,43384727,-,ENSG00000159479.17,MED8,0.5050887513255558,proximal pA,43384526,43384926
MEX3A_ENSG00000254726.3,PAS4592_APA_0.2,0.033415916,0,0.012427293570319188,0.043785672,0.39648672653438266,0.39648672653438266,0.39648672653438266,0.39648672653438266,0.14727057893838813,0.14727057893838813,0.14727057893838813,0.14727057893838813,-0.249216148,chr1,156076490,156076491,-,ENSG00000254726.3,MEX3A,0.2718786527363854,proximal pA,156076290,156076690
MPPE1_ENSG00000154889.17,PAS48816_AATAAA_0.2,2.010211549070064e-4,0,3.261697098080863e-5,3.031685378845957e-4,0.5169403879836192,0.5169403879836192,0.5169403879836192,0.5169403879836192,0.169223051,0.169223051,0.169223051,0.169223051,-0.347717337,chr18,11884052,11884053,-,ENSG00000154889.17,MPPE1,0.3430817196693371,proximal pA,11883852,11884252
MSANTD2_ENSG00000120458.13,PAS34157_AATAAA_0.35,0.005755399,0,0.001530051,0.007962073,0.5340505104471527,0.5340505104471527,0.5340505104471527,0.5340505104471527,0.12350783799325782,0.12350783799325782,0.12350783799325782,0.12350783799325782,-0.410542672,chr11,124766717,124766718,-,ENSG00000120458.13,MSANTD2,0.32877917422020525,proximal pA,124766517,124766917
MSL2_ENSG00000174579.5,PAS12591_APA_0.05,0.6010285209867494,NA,0.48242555951203087,0.6471259294801637,0.8987249694042037,0.8987249694042037,0.8987249694042037,0.8987249694042037,0.8786104723665398,0.8786104723665398,0.8786104723665398,0.8786104723665398,-0.020114497,chr3,136149447,136149448,-,ENSG00000174579.5,MSL2,0.8886677208853717,proximal pA,136149247,136149647
N4BP1_ENSG00000102921.8,PAS44498_None_0.25,0.4921386825586167,NA,0.3630216825601611,0.5382804392211884,0.7399538957928444,0.7399538957928444,0.7399538957928444,0.7399538957928444,0.6863354785424467,0.6863354785424467,0.6863354785424467,0.6863354785424467,-0.053618417,chr16,48542490,48542491,-,ENSG00000102921.8,N4BP1,0.7131446871676456,proximal pA,48542290,48542690
NAMPT_ENSG00000105835.13,PAS23567_ATTAAA_0.35,0.11364471433139384,NA,0.010266644218222102,0.037450108,0.7113821927611192,0.7113821927611192,0.7113821927611192,0.7113821927611192,0.5778243216045551,0.5778243216045551,0.5778243216045551,0.5778243216045551,-0.133557871,chr7,106250044,106250045,-,ENSG00000105835.13,NAMPT,0.6446032571828372,proximal pA,106249844,106250244
NLE1_ENSG00000073536.18,PAS47237_APA_0.1,0.5463287272566651,NA,0.4210373391391367,0.5927001888667587,0.8771267876549024,0.8771267876549024,0.8771267876549024,0.8771267876549024,0.8403525304197359,0.8403525304197359,0.8403525304197359,0.8403525304197359,-0.036774257,chr17,35132062,35132063,-,ENSG00000073536.18,NLE1,0.8587396590373191,proximal pA,35131862,35132262
OAZ2_ENSG00000180304.14,PAS42345_APA_0.35,0.0439596236274945,0,0.017295293972827582,0.05694854,0.26536237326103573,0.26536237326103573,0.26536237326103573,0.26536237326103573,0.2024971872909885,0.2024971872909885,0.2024971872909885,0.2024971872909885,-0.062865186,chr15,64688465,64688466,-,ENSG00000180304.14,OAZ2,0.23392978027601213,proximal pA,64688265,64688665
PDIA4_ENSG00000155660.11,PAS23860_None_0.1,0.4779326735798749,NA,0.3484251737236667,0.5240524313956367,0.7264130566181866,0.7264130566181866,0.7264130566181866,0.7264130566181866,0.7039684811359198,0.7039684811359198,0.7039684811359198,0.7039684811359198,-0.022444575,chr7,149003442,149003443,-,ENSG00000155660.11,PDIA4,0.7151907688770531,proximal pA,149003242,149003642
PGAP6_ENSG00000129925.11,PAS43971_AATAAA_0.15,0.067824757,NA,0.029077690672978024,0.085196872,0.4230464003412708,0.4230464003412708,0.4230464003412708,0.4230464003412708,0.18835633698143092,0.18835633698143092,0.18835633698143092,0.18835633698143092,-0.234690063,chr16,371861,371862,-,ENSG00000129925.11,PGAP6,0.3057013686613509,proximal pA,371661,372061
PHF23_ENSG00000040633.13,PAS46854_APA_0.15,2.531366634719104e-4,0,4.226733211617081e-5,3.789669810762952e-4,0.6478303438307446,0.6478303438307446,0.6478303438307446,0.6478303438307446,0.5249740661696072,0.5249740661696072,0.5249740661696072,0.5249740661696072,-0.122856278,chr17,7235286,7235287,-,ENSG00000040633.13,PHF23,0.5864022050001758,proximal pA,7235086,7235486
PIK3C2A_ENSG00000011405.14,PAS33115_ATTAAA_0.2,0.3661066278258774,NA,0.2463991478762469,0.41235112725754736,0.10724786649710873,0.10724786649710873,0.10724786649710873,0.10724786649710873,0.05061884,0.05061884,0.05061884,0.05061884,-0.056629027,chr11,17087791,17087792,-,ENSG00000011405.14,PIK3C2A,0.078933353,proximal pA,17087591,17087991
PLD1_ENSG00000075651.17,PAS12871_APA_0.35,0.001309018,0,2.80062690747694e-4,0.001887367,0.47830872926460366,0.47830872926460366,0.47830872926460366,0.47830872926460366,0.2008359441645472,0.2008359441645472,0.2008359441645472,0.2008359441645472,-0.277472785,chr3,171602801,171602802,-,ENSG00000075651.17,PLD1,0.33957233671457543,proximal pA,171602601,171603001
PLXND1_ENSG00000004399.13,PAS12529_ATTAAA_0.3,0.435333193,NA,0.30808195167240127,0.482660526,0.08526814,0.08526814,0.08526814,0.08526814,0.065944493,0.065944493,0.065944493,0.065944493,-0.019323647,chr3,129555515,129555516,-,ENSG00000004399.13,PLXND1,0.075606316,proximal pA,129555315,129555715
POLR2J_ENSG00000005075.16,PAS23519_AATAAA_0.2,0.002045036,0,4.614439741866315e-4,0.002879951,0.9140829096149642,0.9140829096149642,0.9140829096149642,0.9140829096149642,0.7626186496421778,0.7626186496421778,0.7626186496421778,0.7626186496421778,-0.15146426,chr7,102473457,102473458,-,ENSG00000005075.16,POLR2J,0.83835078,proximal pA,102473257,102473657
PRXL2C_ENSG00000158122.12,PAS28021_AATAAA_0.25,0.7944037404505616,NA,0.7104821145362972,0.8243522681744768,0.2319095237983635,0.2319095237983635,0.2319095237983635,0.2319095237983635,0.20891116838019352,0.20891116838019352,0.20891116838019352,0.20891116838019352,-0.022998355,chr9,96641251,96641252,-,ENSG00000158122.12,PRXL2C,0.2204103460892785,proximal pA,96641051,96641451
PSMA5_ENSG00000143106.13,PAS4110_AATAAA_0.25,7.52761085139592e-29,0,6.1765012114017815e-31,1.4060438605141914e-28,0.9750074800577528,0.9750074800577528,0.9750074800577528,0.9750074800577528,0.683738858,0.683738858,0.683738858,0.683738858,-0.291268622,chr1,109401850,109401851,-,ENSG00000143106.13,PSMA5,0.8293731690414324,proximal pA,109401650,109402050
PTPN3_ENSG00000070159.14,PAS28131_AATAAA_0.3,0.20191072780359515,NA,0.11472671097768251,0.23945523778418865,0.8050697661156516,0.8050697661156516,0.8050697661156516,0.8050697661156516,0.7273700564331518,0.7273700564331518,0.7273700564331518,0.7273700564331518,-0.07769971,chr9,109378237,109378238,-,ENSG00000070159.14,PTPN3,0.7662199112744017,proximal pA,109378037,109378437
RBM8A_ENSG00000265241.8,PAS4317_AATAAA_0.05,2.8782700662406465e-12,6.660737859822731e-7,2.695720163575436e-7,4.095725963459466e-6,0.2837418252253254,0.2837418252253254,0.2837418252253254,0.2837418252253254,0.11966660042526256,0.11966660042526256,0.11966660042526256,0.11966660042526256,-0.164075225,chr1,145923648,145923649,-,ENSG00000265241.8,RBM8A,0.201704212825294,proximal pA,145923448,145923848
SEC63_ENSG00000025796.14,PAS20693_AATAAA_0.15,9.278799771331259e-62,2.1576285902153025e-36,4.366155085635684e-37,1.4302885111017771e-34,0.6979182208712388,0.6979182208712388,0.6979182208712388,0.6979182208712388,0.3938799096303525,0.3938799096303525,0.3938799096303525,0.3938799096303525,-0.304038311,chr6,107870765,107870766,-,ENSG00000025796.14,SEC63,0.5458990652507957,proximal pA,107870565,107870965
SF3B1_ENSG00000115524.17,PAS9273_AATAAA_0.1,1.3206608173644302e-15,1.8718024055358486e-17,7.575520299737909e-18,4.776845687595298e-16,0.6695780169912655,0.6695780169912655,0.6695780169912655,0.6695780169912655,0.4158745015030543,0.4158745015030543,0.4158745015030543,0.4158745015030543,-0.253703515,chr2,197391975,197391976,-,ENSG00000115524.17,SF3B1,0.5427262592471599,proximal pA,197391775,197392175
SLC25A12_ENSG00000115840.14,PAS9100_AATAAA_0.25,0.4862848890551304,NA,0.20798556201651416,0.3668070679088562,0.6995601065968173,0.6995601065968173,0.6995601065968173,0.6995601065968173,0.600230383,0.600230383,0.600230383,0.600230383,-0.099329724,chr2,171784831,171784832,-,ENSG00000115840.14,SLC25A12,0.6498952447431602,proximal pA,171784631,171785031
SPOUT1_ENSG00000198917.13,PAS28391_AATAAA_0.3,0.021834019229422668,0,0.007422523,0.028954955,0.7957178065256987,0.7957178065256987,0.7957178065256987,0.7957178065256987,0.6278524711929137,0.6278524711929137,0.6278524711929137,0.6278524711929137,-0.167865335,chr9,128822071,128822072,-,ENSG00000198917.13,SPOUT1,0.7117851388593062,proximal pA,128821871,128822271
ST3GAL2_ENSG00000157350.13,PAS44732_ATTAAA_0.1,0.038798772,0.930770741,0.2182707406971198,0.379789392,0.43299524252419663,0.43299524252419663,0.43299524252419663,0.43299524252419663,0.3515437585854659,0.3515437585854659,0.3515437585854659,0.3515437585854659,-0.081451484,chr16,70379510,70379511,-,ENSG00000157350.13,ST3GAL2,0.3922695005548312,proximal pA,70379310,70379710
STC2_ENSG00000113739.11,PAS18162_AATAAA_0.4,0.014102785279236665,0.008126767,0.003289048,0.014929100302488636,0.7572129971965138,0.7572129971965138,0.7572129971965138,0.7572129971965138,0.6289829017759849,0.6289829017759849,0.6289829017759849,0.6289829017759849,-0.128230095,chr5,173317067,173317068,-,ENSG00000113739.11,STC2,0.6930979494862494,proximal pA,173316867,173317267
STING1_ENSG00000184584.14,PAS17881_APA_0.15,0.028155155804072875,0,0.010095428173439874,0.036905742,0.39259582936375226,0.39259582936375226,0.39259582936375226,0.39259582936375226,0.2367998347121142,0.2367998347121142,0.2367998347121142,0.2367998347121142,-0.155795995,chr5,139475964,139475965,-,ENSG00000184584.14,STING1,0.3146978320379332,proximal pA,139475764,139476164
TBL2_ENSG00000106638.18,PAS23218_AATAAA_0.4,0.034742303,0.2863395791812476,0.1158867671229952,0.24091330682206988,0.810421694,0.810421694,0.810421694,0.810421694,0.8585050322634196,0.8585050322634196,0.8585050322634196,0.8585050322634196,0.048083338601245584,chr7,73569668,73569669,-,ENSG00000106638.18,TBL2,0.8344633629627968,proximal pA,73569468,73569868
TIAL1_ENSG00000151923.18,PAS31201_AATAAA_0.35,2.746634832259896e-20,1.2711499441202082e-19,1.2861429947431647e-20,1.0933029469870535e-18,0.5161006033055558,0.5161006033055558,0.5161006033055558,0.5161006033055558,0.2163831615519624,0.2163831615519624,0.2163831615519624,0.2163831615519624,-0.299717442,chr10,119575413,119575414,-,ENSG00000151923.18,TIAL1,0.3662418824287591,proximal pA,119575213,119575613
TM9SF3_ENSG00000077147.16,PAS30907_AATAAA_0.35,7.104609388982589e-6,1,0.3787836628603481,0.5537051998125092,0.5232487190589392,0.5232487190589392,0.5232487190589392,0.5232487190589392,0.4999887112898237,0.4999887112898237,0.4999887112898237,0.4999887112898237,-0.023260008,chr10,96520987,96520988,-,ENSG00000077147.16,TM9SF3,0.5116187151743814,proximal pA,96520787,96521187
TMEM237_ENSG00000155755.20,PAS9313_AATAAA_0.3,2.6151165415389407e-6,0,2.580248320985088e-7,3.9381039999034905e-6,0.6151703806048032,0.6151703806048032,0.6151703806048032,0.6151703806048032,0.2342697091103133,0.2342697091103133,0.2342697091103133,0.2342697091103133,-0.380900671,chr2,201623802,201623803,-,ENSG00000155755.20,TMEM237,0.4247200448575583,proximal pA,201623602,201624002
TMEM87A_ENSG00000103978.17,PAS41981_APA_0.3,0.8390250854396208,NA,0.7666272043174892,0.8629919457984633,0.5959937253645335,0.5959937253645335,0.5959937253645335,0.5959937253645335,0.6064002359867596,0.6064002359867596,0.6064002359867596,0.6064002359867596,0.010406510622226084,chr15,42211132,42211133,-,ENSG00000103978.17,TMEM87A,0.6011969806756465,proximal pA,42210932,42211332
TP53BP1_ENSG00000067369.14,PAS42012_AATAAA_0.2,9.992825625768016e-8,0,7.1743363467589185e-9,1.5642615498915425e-7,0.9445617573228176,0.9445617573228176,0.9445617573228176,0.9445617573228176,0.7764383139336023,0.7764383139336023,0.7764383139336023,0.7764383139336023,-0.168123443,chr15,43407215,43407216,-,ENSG00000067369.14,TP53BP1,0.860500036,proximal pA,43407015,43407415
TPR_ENSG00000047410.14,PAS4928_AATAAA_0.35,3.0540952166904818e-12,0,1.1339307368614446e-13,4.759319914629452e-12,0.946418304,0.946418304,0.946418304,0.946418304,0.7101914412392469,0.7101914412392469,0.7101914412392469,0.7101914412392469,-0.236226863,chr1,186313829,186313830,-,ENSG00000047410.14,TPR,0.8283048725234405,proximal pA,186313629,186314029
TRMT5_ENSG00000126814.7,PAS40262_AATAAA_0.15,0.00148258,0,3.214536677363628e-4,0.002118471,0.5834015289757106,0.5834015289757106,0.5834015289757106,0.5834015289757106,0.2586191307043809,0.2586191307043809,0.2586191307043809,0.2586191307043809,-0.32478239800000003,chr14,60975012,60975013,-,ENSG00000126814.7,TRMT5,0.42101032984004577,proximal pA,60974812,60975212
UBE2G1_ENSG00000132388.13,PAS46792_ATTAAA_0.2,0.4306511354471933,NA,0.6418723795674184,0.7739398562410577,0.08137871,0.08137871,0.08137871,0.08137871,0.073528139,0.073528139,0.073528139,0.073528139,-0.007850571,chr17,4272030,4272031,-,ENSG00000132388.13,UBE2G1,0.077453425,proximal pA,4271830,4272230
UBE2Q1_ENSG00000160714.10,PAS4523_APA_0.2,3.8170756648861447e-35,0,1.8008767239462838e-37,6.046893819830634e-35,0.7753266015155694,0.7753266015155694,0.7753266015155694,0.7753266015155694,0.3995813494383405,0.3995813494383405,0.3995813494383405,0.3995813494383405,-0.375745252,chr1,154549984,154549985,-,ENSG00000160714.10,UBE2Q1,0.587453975,proximal pA,154549784,154550184
UBL4A_ENSG00000102178.13,PAS57022_AATAAA_0.3,1.2754055069539532e-5,0,1.483394712703367e-6,1.9513686960155652e-5,0.7188419860422794,0.7188419860422794,0.7188419860422794,0.7188419860422794,0.5674207933322097,0.5674207933322097,0.5674207933322097,0.5674207933322097,-0.151421193,chrX,154483983,154483984,-,ENSG00000102178.13,UBL4A,0.6431313896872446,proximal pA,154483783,154484183
UBTF_ENSG00000108312.16,PAS47507_None_0.05,7.137594644096826e-26,8.378829989603503e-28,3.3910628860487603e-28,6.154779138178502e-26,0.5926362648648082,0.5926362648648082,0.5926362648648082,0.5926362648648082,0.21214860712301783,0.21214860712301783,0.21214860712301783,0.21214860712301783,-0.380487658,chr17,44206593,44206594,-,ENSG00000108312.16,UBTF,0.40239243599391306,proximal pA,44206393,44206793
WDR26_ENSG00000162923.18,PAS5264_AATAAA_0.3,3.125312460812568e-6,1.9841180856852229e-4,4.015041008263533e-5,3.6289378049789714e-4,0.5805936186618104,0.5805936186618104,0.5805936186618104,0.5805936186618104,0.4013376854969869,0.4013376854969869,0.4013376854969869,0.4013376854969869,-0.179255933,chr1,224389136,224389137,-,ENSG00000162923.18,WDR26,0.4909656520793986,proximal pA,224388936,224389336
YRDC_ENSG00000196449.4,PAS3423_ATTAAA_0.15,0.003952549,7.816292800069032e-4,3.1633939886228105e-4,0.002091952,0.3591885488924119,0.3591885488924119,0.3591885488924119,0.3591885488924119,0.2532049092074139,0.2532049092074139,0.2532049092074139,0.2532049092074139,-0.10598364,chr1,37803588,37803589,-,ENSG00000196449.4,YRDC,0.3061967290499129,proximal pA,37803388,37803788
YTHDF1_ENSG00000149658.18,PAS53686_AATAAA_0.4,5.91488930977228e-5,0,8.28691158681942e-6,8.961474196664383e-5,0.11974602498148612,0.11974602498148612,0.11974602498148612,0.11974602498148612,0.05042667,0.05042667,0.05042667,0.05042667,-0.069319355,chr20,63196481,63196482,-,ENSG00000149658.18,YTHDF1,0.085086347,proximal pA,63196281,63196681
ZNF510_ENSG00000081386.13,PAS28024_AATAAA_0.2,0.452186098,NA,0.3241826487596946,0.4996095416513434,0.2446317212032475,0.2446317212032475,0.2446317212032475,0.2446317212032475,0.14585013191808893,0.14585013191808893,0.14585013191808893,0.14585013191808893,-0.098781589,chr9,96758017,96758018,-,ENSG00000081386.13,ZNF510,0.19524092656066824,proximal pA,96757817,96758217
