gene_name,feature_id,twostep_gene_padj,twostep_feature_padj,lr,df,pvalue,adj_pvalue,pA_usage_control,pA_usage_treatment,change_in_usage,chr,start,end,strand,mean_usage,sig_PAS_count,UTR_type,internal_to_UTR_shift,is_significant,pA_type,condition
ACP1,PAS5154_AATAAA_0.15,1.1954320313710825e-8,0,41.769838566628096,1,1.0267514379874328e-10,2.4870201497917818e-8,0.4634830123942528,0.7095465688481268,0.246063556453874,chr2,278279,278280,+,0.5865147906211898,2,TUTR,NA,TRUE,distal pA,SDMAi
ANKHD1,PAS15517_ATTAAA_0.3,1.6779340995584864e-13,2.865196342777031e-6,27.820768397305077,1,1.3308975124205314e-7,1.478398255835291e-5,0.08455785033836231,0.19554086515099411,0.11098301481263184,chr5,140535913,140535914,+,0.14004935774467822,2,ALE,NA,TRUE,distal pA,SDMAi
AOPEP,PAS25199_AATAAA_0.25,0.039113915440203005,0,8.612351687075034,1,0.0033389091707936333,0.05899754401078478,0.5175679953429352,0.7723962009707271,0.254828205627792,chr9,95087157,95087158,+,0.6449820981568312,2,iAPA,0.509656411255584,TRUE,distal pA,SDMAi
AP2B1,PAS42660_AATAAA_0.35,2.1236845416537494e-7,3.622865019901754e-9,40.8040516596011,1,1.6828382651603242e-10,3.8616709663679025e-8,0.7234300839155927,0.8572266523712133,0.1337965684556206,chr17,35726408,35726409,+,0.790328368143403,2,TUTR,NA,TRUE,distal pA,SDMAi
ATM,PAS30484_AATAAA_0.4,6.22006457509857e-7,0.03636069167534421,8.591183875221759,1,0.003377943310768174,0.05938642272156952,0.8129023906124561,0.630136913899596,-0.18276547671286003,chr11,108369098,108369099,+,0.7215196522560261,2,TUTR,NA,TRUE,distal pA,SDMAi
ATP2C1,PAS10145_AATAAA_0.4,0.003366259319583164,3.903911137045839e-4,19.149133536285262,1,1.208923694206424e-5,7.611418493487377e-4,0.10880822251336836,0.2513120707188273,0.14250384820545892,chr3,131016372,131016373,+,0.18006014661609782,2,ALE,NA,TRUE,distal pA,SDMAi
BCCIP,PAS27994_ATTAAA_0.4,3.915698736645739e-21,3.014318671420278e-16,72.84818151381478,1,1.4001655528946075e-17,1.2852045917095764e-14,0.1539423090574057,0.020976432275411905,-0.1329658767819938,chr10,125853520,125853521,+,0.0874593706664088,2,ALE,NA,TRUE,distal pA,SDMAi
C11orf58,PAS29542_AATAAA_0.15,4.272401058146949e-12,6.784590946214767e-4,19.069261161413124,1,1.2605900794018674e-5,7.85167535170306e-4,0.505199628877286,0.3735748912953974,-0.13162473758188858,chr11,16755890,16755891,+,0.43938726008634166,2,iAPA,-0.25059729828865174,TRUE,distal pA,SDMAi
C9orf85,PAS25058_AATAAA_0.25,0.0191468697126176,0.0031395509784245346,13.123162278284212,1,2.916673126319024e-4,0.009857902969574376,0.4697808194050498,0.7499733492796178,0.28019252987456794,chr9,71973452,71973453,+,0.6098770843423338,2,iAPA,0.47629011438311464,TRUE,distal pA,SDMAi
CDK16,PAS51923_ATTAAA_0.35,0.015714722699601134,0,10.843112759293945,1,9.91638943359778e-4,0.025173483511200183,0.6018166215530641,0.7367283125931805,0.13491169104011635,chrX,47229992,47229993,+,0.6692724670731223,2,MIXED,NA,TRUE,distal pA,SDMAi
CDYL,PAS17295_AATAAA_0.25,1.279447262039849e-4,0.014489658907069653,12.317625650927994,1,4.4870109382102926e-4,0.013609299263023912,0.4808945769740878,0.26703787617937325,-0.21385670079471453,chr6,4955542,4955543,+,0.3739662265767305,2,ALE,NA,TRUE,distal pA,SDMAi
CENPN,PAS40928_AATAAA_0.05,0.012209091706973272,0.013141871585798588,10.45845641900155,1,0.0012208925399602544,0.02904824815403388,0.10965763708969012,0.23469263140310487,0.1250349943134148,chr16,81031482,81031483,+,0.1721751342463975,2,ALE,NA,TRUE,distal pA,SDMAi
CERS6,PAS6492_AATAAA_0.2,1.6779340995584864e-13,4.530163144195856e-8,36.66486057833663,1,1.4028550782493736e-9,2.82733607774221e-7,0.467447138091939,0.1971604872346433,-0.2702866508572957,chr2,168775127,168775128,+,0.3323038126632911,2,iAPA,-0.6656122886156937,TRUE,distal pA,SDMAi
CHCHD7,PAS22921_AATAAA_0.3,2.6581988838834608e-5,0,25.32424409925784,1,4.84579638779807e-7,4.66909883995571e-5,0.24756366199938076,0.49873733149525296,0.2511736694958722,chr8,56218614,56218615,+,0.3731504967473169,2,TUTR,NA,TRUE,distal pA,SDMAi
CHPF2,PAS21141_AATAAA_0.15,0.001524097102377319,0,16.44973145634185,1,4.995725821990511e-5,0.0024201516204309585,0.2880841042618105,0.07603433890749589,-0.21204976535431463,chr7,151240970,151240971,+,0.1820592215846532,2,ALE,NA,TRUE,distal pA,SDMAi
CMC1,PAS9340_AATAAA_0.3,0.02262995630084135,0,9.940594425850122,1,0.001616733329384594,0.03536584470758599,0.9146245856021666,0.8128482022280936,-0.10177638337407302,chr3,28319769,28319770,+,0.8637363939151301,2,iAPA,-0.20355276674814604,TRUE,distal pA,SDMAi
COPS8,PAS7160_AATAAA_0.4,0.012872971461216456,0,11.32444940680898,1,7.649320465120612e-4,0.020747146020487738,0.6646429088841375,0.8030960792152525,0.13845317033111504,chr2,237098690,237098691,+,0.733869494049695,2,TUTR,NA,TRUE,distal pA,SDMAi
CREM,PAS27132_APA_0.1,0.021432425350353803,0.005310105124216806,14.199228013961374,1,1.6443796177825927e-4,0.006316735800468814,0.3380207484462299,0.16778492362457487,-0.17023582482165506,chr10,35211873,35211874,+,0.2529028360354024,2,ALE,NA,TRUE,distal pA,SDMAi
DCAF7,PAS43228_AATAAA_0.3,0.02768562345904691,0,9.45888055916339,1,0.002101292718276479,0.04271159091694848,0.7960822910926462,0.9016948391080118,0.10561254801536568,chr17,63594264,63594265,+,0.8488885651003291,2,MIXED,NA,TRUE,distal pA,SDMAi
DDX10,PAS30487_AATAAA_0.35,0.04912323827878571,0,8.051589385416605,1,0.004546375076459615,0.07254234339748919,0.8170007432511119,0.9620950132809934,0.1450942700298815,chr11,108940923,108940924,+,0.8895478782660526,2,iAPA,0.2901885400597629,TRUE,distal pA,SDMAi
DNAH1,PAS9674_ATTAAA_0.15,0.037122983495232326,0,8.745373707093222,1,0.0031038848601622824,0.05603701031183252,0.6226141314291351,0.8214067049821869,0.1987925735530518,chr3,52400490,52400491,+,0.722010418205661,2,iAPA,0.3975851471061036,TRUE,distal pA,SDMAi
DNHD1,PAS29429_AATAAA_0.4,0.006727707231004416,0,12.93138497400014,1,3.2311862949959856e-4,0.010754177287162213,0.5009633944158616,0.8188201196336213,0.31785672521775976,chr11,6572018,6572019,+,0.6598917570247415,2,ALE,NA,TRUE,distal pA,SDMAi
FAM210B,PAS49249_AATAAA_0.3,0.003951896890996856,0,14.147510059795197,1,1.6902065581125906e-4,0.00643607038722349,0.4673831842009573,0.6883189937206918,0.2209358095197345,chr20,56368659,56368660,+,0.5778510889608246,2,TUTR,NA,TRUE,distal pA,SDMAi
FAM32A,PAS46405_AATAAA_0.15,3.444188168594604e-5,3.343094225900069e-6,26.18279934068687,1,3.1057667655162775e-7,3.1950373766581464e-5,0.6165440889741325,0.8049658081146106,0.1884217191404781,chr19,16192043,16192044,+,0.7107549485443716,2,iAPA,0.378176672955701,TRUE,distal pA,SDMAi
FBLIM1,PAS260_AATAAA_0.1,0.03692180420730316,0,8.759110706122556,1,0.003080592252881588,0.05578974962643291,0.6423434399607211,0.7828206777311072,0.14047723777038612,chr1,15786588,15786589,+,0.7125820588459142,2,TUTR,NA,TRUE,distal pA,SDMAi
FBLN7,PAS6165_AATAAA_0.1,0.0109489445199396,0,11.726900574832795,1,6.160310351651396e-4,0.017440878657922133,0.7302547824841219,0.33501785462335115,-0.3952369278607708,chr2,112188211,112188212,+,0.5326363185537365,2,iAPA,-0.7904738557215416,TRUE,distal pA,SDMAi
FBXO22,PAS38843_AATAAA_0.2,1.7351762415061892e-4,3.526560805931648e-5,23.75858863203348,1,1.09206966236855e-6,9.868235705547931e-5,0.08984763904362247,0.270086629624816,0.18023899058119355,chr15,75942509,75942510,+,0.17996713433421924,2,TUTR,NA,TRUE,distal pA,SDMAi
FLNB,PAS9735_AATAAA_0.15,4.1783454790814253e-4,2.600839552245001e-5,22.23194203012008,1,2.416205017861263e-6,1.9329640142890105e-4,0.4416887346827556,0.598793729730823,0.1571049950480674,chr3,58172247,58172248,+,0.5202412322067893,2,TUTR,NA,TRUE,distal pA,SDMAi
FLVCR1,PAS2220_AATAAA_0.15,4.956657475003877e-4,0,18.89459556792758,1,1.3814347739276244e-5,8.453411388525533e-4,0.5336873882353992,0.8416772105374296,0.3079898223020304,chr1,212899360,212899361,+,0.6876822993864145,2,TUTR,NA,TRUE,distal pA,SDMAi
GLRX3,PAS28016_AATAAA_0.05,3.203420120355901e-14,3.3520054068160326e-17,77.18460786989453,1,1.5570226692484639e-18,1.6971547094808257e-15,0.17388536217741735,0.0532012460729332,-0.12068411610448418,chr10,130180375,130180376,+,0.11354330412517527,2,ALE,NA,TRUE,distal pA,SDMAi
GPALPP1,PAS35491_AATAAA_0.3,0.0023310677531251348,3.0255667705132754e-4,17.5416794267079,1,2.810780698285777e-5,0.0014899700722827952,0.2921876920152934,0.673802613367732,0.3816149213524386,chr13,45033606,45033607,+,0.48299515269151266,2,ALE,NA,TRUE,distal pA,SDMAi
H2BC5,PAS17456_AATAAA_0.2,4.467738828396e-5,0,24.16940630069371,1,8.822266473121467e-7,8.055514517867784e-5,0.6773138315516906,0.9427393662746746,0.265425534722984,chr6,26171345,26171346,+,0.8100265989131825,2,ALE,NA,TRUE,distal pA,SDMAi
IL13RA1,PAS52299_AATAAA_0.2,0.009336596671685723,0,12.112726675793963,1,5.007885331351151e-4,0.014935301258418458,0.7953154892488538,0.569243892082807,-0.22607159716604677,chrX,118794531,118794532,+,0.6822796906658304,2,TUTR,NA,TRUE,distal pA,SDMAi
INVS,PAS25268_APA_0.2,1.3497317335717546e-6,2.467062852048856e-7,32.57642715257066,1,1.1459625868412738e-8,1.768636063231134e-6,0.351226216873068,0.10490903067917697,-0.24631718619389095,chr9,100300822,100300823,+,0.22806762377612247,2,iAPA,-0.5218080169684792,TRUE,distal pA,SDMAi
ITM2B,PAS35521_APA_0.2,0.02180490417479366,0,10.0343569355191,1,0.0015364717753316478,0.03409168926435615,0.3470325151897991,0.4615619128463189,0.11452939765651982,chr13,48261867,48261868,+,0.404297214018059,2,TUTR,NA,TRUE,distal pA,SDMAi
JADE2,PAS15399_AATAAA_0.05,3.628123188965997e-4,9.81087341197276e-5,19.688589706350285,1,9.114395983077237e-6,6.137261233392547e-4,0.6640089766269649,0.8745680594292734,0.2105590828023085,chr5,134583226,134583227,+,0.7692885180281192,2,ALE,NA,TRUE,distal pA,SDMAi
KHNYN,PAS36443_AATAAA_0.25,0.011774467311045455,0,11.551477281170946,1,6.76954474675441e-4,0.018710120504500303,0.6040940429820536,0.8175928975048891,0.21349885452283543,chr14,24441338,24441339,+,0.7108434702434714,2,TUTR,NA,TRUE,distal pA,SDMAi
KIF1B,PAS168_AATAAA_0.25,0.026140420868035853,0,9.601282263840403,1,0.0019444154283972503,0.04027387775682666,0.6950047497216643,0.4766355558491056,-0.2183691938725587,chr1,10381598,10381599,+,0.5858201527853849,2,ALE,NA,TRUE,distal pA,SDMAi
KIFBP,PAS27322_AATAAA_0.45,2.346915217521454e-4,1.841953990140862e-5,22.89474204902308,1,1.711193014504219e-6,1.434769527545845e-4,0.6107175864113361,0.7383240154982871,0.12760642908695097,chr10,69024928,69024929,+,0.6745208009548116,2,iAPA,-0.23083564673545107,TRUE,distal pA,SDMAi
KLHL7,PAS20145_ATTAAA_0.35,0.002444108922397137,0,15.30958243924033,1,9.125244530597548e-5,0.003853372024542887,0.4687003699074772,0.7590761802553851,0.29037581034790794,chr7,23175416,23175417,+,0.6138882750814312,2,ALE,NA,TRUE,distal pA,SDMAi
LINC02985,PAS33478_ATTAAA_0.45,9.53250625297902e-7,0,32.59303047016192,1,1.1362145928178324e-8,1.768636063231134e-6,0.6416871546958217,0.3347601615381093,-0.30692699315771244,chr12,122068557,122068558,+,0.4882236581169655,2,iAPA,-0.6138539863154249,TRUE,distal pA,SDMAi
LRMDA,PAS27435_AATAAA_0.2,0.002418349180718461,0,15.360849787253072,1,8.88094665389808e-5,0.003770990490529912,0.5470746737724628,0.7784707433956349,0.23139606962317216,chr10,76557374,76557375,+,0.6627727085840489,2,iAPA,0.46279213924634444,TRUE,distal pA,SDMAi
LRRC14,PAS23589_AATAAA_0.45,5.839446689806424e-6,0,28.66647054505779,1,8.597958316279396e-8,1.0063650539323e-5,0.3328143002071915,0.583121718783247,0.25030741857605554,chr8,144525169,144525170,+,0.45796800949521926,2,TUTR,NA,TRUE,distal pA,SDMAi
LRRC8A,PAS25584_AATAAA_0.2,0.03141094513687756,0,9.157034124539225,1,0.0024776380914276783,0.0480645253776404,0.7070179488251321,0.4707063843666786,-0.23631156445845355,chr9,128918035,128918036,+,0.5888621665959054,2,TUTR,NA,TRUE,distal pA,SDMAi
METTL9,PAS40359_AATAAA_0.15,0.029368230126618815,0,9.308864440219168,1,0.0022804778170187794,0.045297873723015386,0.16380940409463784,0.2775570233872042,0.11374761929256638,chr16,21657469,21657470,+,0.22068321374092104,2,TUTR,NA,TRUE,distal pA,SDMAi
MIRLET7A1HG,PAS25178_AATAAA_0.2,0.007292435717261931,0,12.701922855906616,1,3.6527977312494886e-4,0.011763009393412583,0.08624594429806465,0.32614950740192283,0.2399035631038582,chr9,94200898,94200899,+,0.20619772584999374,2,ALE,NA,TRUE,distal pA,SDMAi
MTG1,PAS28060_APA_0.35,0.00352489037426584,0,14.417530589107628,1,1.4643278154247033e-4,0.005748975125259071,0.8518614555665707,0.6663674795026967,-0.185493976063874,chr10,133402883,133402884,+,0.7591144675346337,2,ALE,NA,TRUE,distal pA,SDMAi
MTHFD1L,PAS18434_AATAAA_0.3,9.30942011304728e-7,0.01823402851977244,11.889037444444966,1,5.646529427682963e-4,0.016385270086321277,0.4403649070784776,0.5991255093028109,0.15876060222433336,chr6,151101884,151101885,+,0.5197452081906443,2,ALE,NA,TRUE,distal pA,SDMAi
NABP1,PAS6735_AATAAA_0.25,1.088241392323633e-6,5.6235132179506414e-8,35.45348277289622,1,2.6121489969446446e-9,4.846370053905809e-7,0.03158431405881526,0.28707811785153897,0.2554938037927237,chr2,191696658,191696659,+,0.15933121595517713,2,TUTR,NA,TRUE,distal pA,SDMAi
NDUFAF5,PAS48824_AATAAA_0.2,0.02262995630084135,0,9.93270710831814,1,0.0016236756301688648,0.03536584470758599,0.09908462996894728,0.29447003966678864,0.19538540969784132,chr20,13820769,13820770,+,0.19677733481786797,2,TUTR,NA,TRUE,distal pA,SDMAi
NECTIN2,PAS46954_None_0.1,4.7191642599261277e-7,0,34.17163649200484,1,5.045907447072634e-9,8.461598642014108e-7,0.552794544975233,0.35084574885662434,-0.2019487961186086,chr19,44889221,44889222,+,0.45182014691592864,2,ALE,NA,TRUE,distal pA,SDMAi
NIPSNAP3A,PAS25304_AATAAA_0.05,0.007240926240833881,0,12.733360513576828,1,3.591905567319874e-4,0.011656445856185173,0.7927984347916907,0.944349123760596,0.15155068896890533,chr9,104760117,104760118,+,0.8685737792761433,2,TUTR,NA,TRUE,distal pA,SDMAi
NPAS2,PAS6065_AATAAA_0.1,1.0102126835420324e-5,0.01932714896512032,11.027388332145392,1,8.977553857593136e-4,0.02347354411940394,0.34161519314310523,0.5085206619489251,0.16690546880581986,chr2,100996824,100996825,+,0.4250679275460152,2,TUTR,NA,TRUE,distal pA,SDMAi
NPM1,PAS15794_AATAAA_0.25,4.7111950600355865e-35,3.3736952482829256e-30,136.47967176395468,1,1.5670977051620952e-31,9.11006132600898e-28,0.6542462481961019,0.49206627485590015,-0.16217997334020173,chr5,171410898,171410899,+,0.5731562615260011,2,ALE,NA,TRUE,distal pA,SDMAi
NUB1,PAS21144_AATAAA_0.4,0.009117176780024851,0.01212620012569836,10.607110986486076,1,0.0011265356821420036,0.027593795360332223,0.5776393953265996,0.814814764981775,0.23717536965517536,chr7,151378443,151378444,+,0.6962270801541872,2,TUTR,NA,TRUE,distal pA,SDMAi
OGG1,PAS9141_AATAAA_0.45,0.0015174528333528835,0,16.478399845292415,1,4.920749766350279e-5,0.0023971473722108625,0.21483975620704643,0.5287628600504132,0.31392310384336675,chr3,9766645,9766646,+,0.3718013081287298,2,ALE,NA,TRUE,distal pA,SDMAi
PACS1,PAS30087_AATAAA_0.05,0.001919180342477639,0,15.895314605894782,1,6.694423981648557e-5,0.0030168153550374894,0.7551439953540081,0.5568361749898224,-0.1983078203641857,chr11,66244743,66244744,+,0.6559900851719153,2,iAPA,-0.3966156407283714,TRUE,distal pA,SDMAi
PLXNA1,PAS10092_AATAAA_0.25,0.04790334383588175,0,8.12483343392978,1,0.004366299525794655,0.07031233954742269,0.7070054246138797,0.563057195135911,-0.1439482294779687,chr3,127037384,127037385,+,0.6350313098748954,2,TUTR,NA,TRUE,distal pA,SDMAi
POLR2B,PAS12880_AATAAA_0.15,0.02406195779833693,0,9.803385862427604,1,0.0017419086013519985,0.037366403453356525,0.8199682564208824,0.9303736170651156,0.110405360644233,chr4,57031157,57031158,+,0.875170936742999,2,iAPA,0.22081072128846618,TRUE,distal pA,SDMAi
POLR2K,PAS23228_AATAAA_0.05,2.1946349573238302e-10,0,49.99836052587034,1,1.5387449306382573e-12,4.969576220434006e-10,0.552295848524945,0.7665961038979884,0.21430025537304345,chr8,100154002,100154003,+,0.6594459762114666,2,TUTR,NA,TRUE,distal pA,SDMAi
PPP1R7,PAS7222_ATTAAA_0.1,0.00259218567195186,0.031066082915486945,8.878130647557555,1,0.002886069052621925,0.05303798132531756,0.6210272324322471,0.4934774873666914,-0.12754974506555572,chr2,241183023,241183024,+,0.5572523598994692,2,ALE,NA,TRUE,distal pA,SDMAi
PRSS21,PAS40135_AATAAA_0.3,0.0193162757549844,0,10.33270086414268,1,0.0013069382018271651,0.030109646287801536,0.6694314310110544,0.4426228569447906,-0.2268085740662638,chr16,2821714,2821715,+,0.5560271439779225,2,iAPA,-0.4536171481325277,TRUE,distal pA,SDMAi
PSMD14,PAS6472_AATAAA_0.15,0.007210742003712892,0,12.747793922499111,1,3.5642931552129964e-4,0.011640687757849186,0.7465582482634487,0.8511905474648898,0.104632299201441,chr2,161411715,161411716,+,0.79887439786416925,2,TUTR,NA,TRUE,distal pA,SDMAi
QPRT,PAS40442_AATAAA_0.2,2.664193399303554e-5,1.0604474899403224e-5,23.956899730568693,1,9.85165941574708e-7,8.948590635970264e-5,0.4585838639643385,0.6214025284388918,0.1628186644745533,chr16,29698696,29698697,+,0.5399931962016151,2,TUTR,NA,TRUE,distal pA,SDMAi
RCOR1,PAS37168_AATAAA_0.45,0.03020657692793497,0.006374990527616451,11.800202572544435,1,5.922427659310638e-4,0.017016003027739295,0.6575173611838943,0.8598473457494801,0.20232998456558585,chr14,102730545,102730546,+,0.7586823534666871,2,iAPA,0.3675942998637721,TRUE,distal pA,SDMAi
RGS3,PAS25407_AATAAA_0.05,0.0013297151613292377,0.001689876667290319,15.594185814365574,1,7.84955857724688e-5,0.0034482695613900654,0.7940432545977713,0.927592289485497,0.13354903488772574,chr9,113597736,113597737,+,0.8608177720416341,2,iAPA,0.23609263301677014,TRUE,distal pA,SDMAi
RIN2,PAS48866_APA_0,5.434595669700114e-7,0.005059632521262697,12.230901808577071,1,4.700447390480682e-4,0.014182664790654515,0.8708773117052816,0.7444063028223681,-0.12647100888291352,chr20,20002455,20002456,+,0.8076418072638248,2,ALE,NA,TRUE,distal pA,SDMAi
RPL15,PAS9310_AATAAA_0.4,5.422035678104612e-16,0,78.36777850765793,1,8.553605802443733e-19,1.2431240432884894e-15,0.1713930084807137,0.2779874098141143,0.1065944013334006,chr3,23920838,23920839,+,0.224690209147414,2,MIXED,NA,TRUE,distal pA,SDMAi
RSAD1,PAS43052_AATAAA_0.05,0.02152879913523049,0,10.071633082168546,1,0.0015056951542431144,0.03357969755754465,0.7600657475616973,0.5758588958516455,-0.1842068517100518,chr17,50485973,50485974,+,0.6679623217066715,2,iAPA,-0.3684137034201036,TRUE,distal pA,SDMAi
RTN3,PAS29948_AATAAA_0.35,1.5299590585618208e-5,3.915626027032988e-6,27.2166801615158,1,1.8188271641783377e-7,1.958046033535198e-5,0.551577916014599,0.6922743980491335,0.14069648203453444,chr11,63759884,63759885,+,0.6219261570318663,2,TUTR,NA,TRUE,distal pA,SDMAi
SEC24A,PAS15401_AATAAA_0.35,0.02686873968051868,0,9.53053001167973,1,0.0020208175247216687,0.04148459986598812,0.6619082309780122,0.8265898740626426,0.1646816430846304,chr5,134727902,134727903,+,0.7442490525203274,2,TUTR,NA,TRUE,distal pA,SDMAi
SPEG,PAS7003_AATAAA_0.2,0.01037223141374988,0,11.856779894533702,1,5.74517988912351e-4,0.01661624166937214,0.15751594873542585,0.3548752963857684,0.19735934765034255,chr2,219493627,219493628,+,0.25619562256059714,2,ALE,NA,TRUE,distal pA,SDMAi
SRGAP1,PAS32833_AATAAA_0.05,0.03180272462279937,0.006783771345677968,11.684530421540783,1,6.302188980209155e-4,0.01769890109739898,0.7282607642731147,0.8970174212943623,0.16875665702124765,chr12,64147832,64147833,+,0.8126390927837386,2,ALE,NA,TRUE,distal pA,SDMAi
SRSF5,PAS36870_ATTAAA_0.1,9.62317717992098e-5,1.2869762430853682e-4,19.170265880249644,1,1.1956133371345228e-5,7.55489007232829e-4,0.6555742846836896,0.5192880312220691,-0.1362862534616205,chr14,69771669,69771670,+,0.5874311579528794,2,TUTR,NA,TRUE,distal pA,SDMAi
SRSF6,PAS49088_AATAAA_0.2,0.004238020635273812,0,13.985463654700196,1,1.8422946845712628e-4,0.006850665095719153,0.5396345265697737,0.38411455853747145,-0.15551996803230228,chr20,43463601,43463602,+,0.4618745425536226,2,ALE,NA,TRUE,distal pA,SDMAi
TAF15,PAS42667_AATAAA_0.25,2.387953778590034e-7,1.852824405078374e-9,42.90797133853812,1,5.7376391159306944e-11,1.4502090750990046e-8,0.6962928197261471,0.5084727094401784,-0.18782011028596868,chr17,35847232,35847233,+,0.6023827645831628,2,iAPA,-0.36790474272333545,TRUE,distal pA,SDMAi
TENT2,PAS15035_AATAAA_0.15,0.01921610425925828,0,10.351886962921752,1,0.0012934240202550709,0.03005201236638937,0.6691423081216956,0.4512553188001702,-0.2178869893215254,chr5,79686639,79686640,+,0.5601988134609329,2,TUTR,NA,TRUE,distal pA,SDMAi
TIGD5,PAS23542_AATAAA_0.15,0.044655101847080186,0,8.301770265520759,1,0.003960645317199399,0.0659729267735984,0.08135578073849126,0.2545758764236657,0.1732200956851745,chr8,143603222,143603223,+,0.16796582858107847,2,TUTR,NA,TRUE,distal pA,SDMAi
TIMM10B,PAS29422_AATAAA_0.05,0.010232238487442376,0.006345122130149699,11.80894591636752,1,5.894679630112779e-4,0.01696422652626516,0.2613522827997756,0.5089990248713328,0.24764674207155712,chr11,6484679,6484680,+,0.3851756538355542,2,ALE,NA,TRUE,distal pA,SDMAi
TLCD5,PAS30628_APA_0.25,0.01909776681976688,0,10.377098149565484,1,0.001275880696445133,0.02989495841675792,0.2557614693435637,0.5214733729702865,0.2657119036267228,chr11,120333678,120333679,+,0.3886174211569251,2,MIXED,NA,TRUE,distal pA,SDMAi
TMBIM6,PAS32544_AATAAA_0.15,3.112601791421846e-11,0,54.15267421298631,1,1.8550124611453602e-13,6.883280281356399e-11,0.7127137980336623,0.8240583954975627,0.11134459746390037,chr12,49764933,49764934,+,0.7683860967656124,2,TUTR,NA,TRUE,distal pA,SDMAi
TMEM50A,PAS405_ATTAAA_0.25,3.3302058347739016e-4,0,19.79090653626372,1,8.639271928948947e-6,5.839879939568591e-4,0.14146859270938994,0.2675013694823096,0.12603277677291969,chr1,25362358,25362359,+,0.20448498109584978,2,TUTR,NA,TRUE,distal pA,SDMAi
TRMU,PAS51181_AATAAA_0.25,0.003366259319583164,2.800681951991464e-4,17.688564839411356,1,2.601860533839572e-5,0.0014005076453753745,0.5538221290036387,0.7685115602960231,0.2146894312923844,chr22,46357336,46357337,+,0.6611668446498309,2,ALE,NA,TRUE,distal pA,SDMAi
TYRO3,PAS38381_AATAAA_0.3,0.007640130009759038,0,12.570381199549502,1,3.91908630795545e-4,0.01231511084878852,0.6167281582180968,0.4044306904208475,-0.21229746779724928,chr15,41579327,41579328,+,0.5105794243194721,2,iAPA,-0.4245949355944985,TRUE,distal pA,SDMAi
UFM1,PAS35438_APA_0.25,1.682745250332573e-7,7.717121795514114e-8,33.488331666397016,1,7.169280546226961e-9,1.1591474882937018e-6,0.487335912869967,0.7960403601964474,0.3087044473264804,chr13,38362999,38363000,+,0.6416881365332072,2,TUTR,NA,TRUE,distal pA,SDMAi
URI1,PAS46602_APA_0.25,2.167950645365245e-13,7.697322483492872e-10,43.833435932460816,1,3.5754433972403355e-11,9.5931896689033e-9,0.5953134742879246,0.3939700612040411,-0.20134341308388348,chr19,30015708,30015709,+,0.49464176774598284,2,iAPA,-0.4552446873490312,TRUE,distal pA,SDMAi
ZBTB1,PAS36793_AATAAA_0.35,1.2680894087149211e-9,4.488556643321493e-10,44.88928534684237,1,2.0849561971607287e-11,6.101161360632144e-9,0.04651196095772203,0.3707875876934863,0.32427562673576427,chr14,64533683,64533684,+,0.20864977432560416,2,ALE,NA,TRUE,distal pA,SDMAi
ZMIZ2,PAS20362_APA_0.35,9.371998445842616e-4,2.1412483697296893e-4,19.52172549518218,1,9.946201892697069e-6,6.570521250327154e-4,0.1454590592839754,0.26417170132887663,0.11871264204490124,chr7,44769877,44769878,+,0.20481538030642601,2,TUTR,NA,TRUE,distal pA,SDMAi
ZNF276,PAS41068_ATTAAA_0.4,0.00345556144221776,0.01902745392795951,9.776391597642828,1,0.00176766881364041,0.0377795883699617,0.4725409157487481,0.7025284086421979,0.22998749289344975,chr16,89740921,89740922,+,0.587534662195473,2,TUTR,NA,TRUE,distal pA,SDMAi
ZNF589,PAS9570_APA_0.2,0.026140420868035853,0,9.602087022204389,1,0.0019435634618922535,0.04027387775682666,0.1735942517705361,0.4516048764872121,0.278010624716676,chr3,48273225,48273226,+,0.31259956412887413,2,iAPA,-0.5560212494333521,TRUE,distal pA,SDMAi
ZNF84,PAS33673_AATAAA_0.3,0.009117176780024851,0.0019305036865917328,14.03598279163134,1,1.7934565361851334e-4,0.006726426234638436,0.6847564550334934,0.9209224486078132,0.23616599357431975,chr12,133059599,133059600,+,0.8028394518206533,2,iAPA,0.36164100008651745,TRUE,distal pA,SDMAi
ABRAXAS1,PAS14025_ATTAAA_0.4,0.01765731984796376,0.004846827907461515,12.3110898446198,1,4.5027498526811614e-4,0.013633325942840186,0.20954951221371088,0.07128404901086079,-0.1382654632028501,chr4,83461085,83461086,-,0.14041678061228582,2,iAPA,-0.2979725949787739,TRUE,distal pA,SDMAi
AGTPBP1,PAS26142_AATAAA_0.15,0.04665763530143149,0,8.190141574548761,1,0.004211863659988995,0.06884245757282856,0.5760013009112956,0.8123311803980157,0.23632987948672,chr9,85546539,85546540,-,0.6941662406546556,2,TUTR,NA,TRUE,distal pA,SDMAi
ALDH7A1,PAS16666_None_0.2,4.339977372211012e-4,9.38618636719082e-4,15.39543760381639,1,8.719857624208825e-5,0.003727311690348086,0.18987342489203937,0.3831773806868481,0.19330395579480872,chr5,126543964,126543965,-,0.2865254027894437,2,TUTR,NA,TRUE,distal pA,SDMAi
ANKRD11,PAS42061_APA_0.35,6.860226551063685e-13,0.002988856928894001,16.249182940578976,1,5.553353803028292e-5,0.0026534380910907783,0.4057767370935794,0.30360822555166134,-0.10216851154191808,chr16,89283318,89283319,-,0.3546924813226204,2,ALE,NA,TRUE,distal pA,SDMAi
ANKRD46,PAS24281_AATAAA_0.2,0.005817916174425394,0,13.287471112123512,1,2.671856332514379e-4,0.009208927754753116,0.769120369814854,0.9663212031023656,0.19720083328751148,chr8,100520773,100520774,-,0.8677207864586098,2,iAPA,0.39440166657502285,TRUE,distal pA,SDMAi
ATL3,PAS31319_AATAAA_0.1,0.02406195779833693,0,9.80381415003194,1,0.001741502973201362,0.037366403453356525,0.5669555827067084,0.7081866052475331,0.14123102254082465,chr11,63624087,63624088,-,0.6375710939771208,2,TUTR,NA,TRUE,distal pA,SDMAi
AURKA,PAS49964_AATAAA_0.15,0.01909776681976688,0,10.372931033400164,1,0.0012787637029186586,0.02989495841675792,0.6872541740675938,0.8175143280154981,0.13026015394790424,chr20,56369389,56369390,-,0.7523842510415459,2,ALE,NA,TRUE,distal pA,SDMAi
B3GNTL1,PAS45096_AATAAA_0.35,0.010994219238199252,0,11.7133513795643,1,6.205326195793445e-4,0.017483180751969415,0.10713606230182232,0.2551643393036227,0.14802827700180038,chr17,82942156,82942157,-,0.1811502008027225,2,MIXED,NA,TRUE,distal pA,SDMAi
BET1,PAS21966_AATAAA_0.15,0.014771231336148057,0,11.009905835666984,1,9.06262499377406e-4,0.02358987759573427,0.4351061159102757,0.7920190653943036,0.3569129494840279,chr7,93993244,93993245,-,0.6135625906522897,2,MIXED,NA,TRUE,distal pA,SDMAi
BSCL2,PAS31295_AATAAA_0.2,0.018791924165790737,0,10.422178873015582,1,0.0012451090858315334,0.029423716066262796,0.8720194426582234,0.9791427311198764,0.10712328846165288,chr11,62690274,62690275,-,0.9255810868890499,2,iAPA,0.21424657692330576,TRUE,distal pA,SDMAi
C16orf74,PAS42002_AATAAA_0.3,0.0017418853204081949,0,16.1359658957831,1,5.895378039872319e-5,0.002763854650950894,0.4801057495565324,0.28611804293295434,-0.193987706623578,chr16,85707519,85707520,-,0.3831118962447434,2,iAPA,-0.3879754132471559,TRUE,distal pA,SDMAi
C4orf3,PAS14205_AATAAA_0.2,0.001702767704810096,0,16.209494598002948,1,5.670917860016095e-5,0.002694844890427267,0.13512404927167343,0.2613505550021988,0.12622650573052535,chr4,119297054,119297055,-,0.1982373021369361,2,TUTR,NA,TRUE,distal pA,SDMAi
CDK17,PAS34736_APA_0.3,0.03990018572683561,0.008458732974408509,11.274419002070772,1,7.858244481045591e-4,0.021280711762334644,0.7086865350126933,0.8415428393817175,0.13285630436902418,chr12,96278556,96278557,-,0.7751146871972054,2,iAPA,0.25338321322416035,TRUE,distal pA,SDMAi
CHD6,PAS49798_APA_0.35,0.012209091706973272,0.04317586846178784,9.54445844658312,1,0.002005539902256578,0.04129470589770332,0.2531338902989778,0.10798934465816758,-0.14514454564081025,chr20,41402603,41402604,-,0.1805616174785727,2,iAPA,-0.3404842772577441,TRUE,distal pA,SDMAi
CHID1,PAS30778_APA_0.1,0.002743122455999353,0.005897071370328361,11.945335612503186,1,5.478436154730992e-4,0.01600400779539506,0.6028370122187395,0.7404888607262082,0.1376518485074687,chr11,869762,869763,-,0.6716629364724739,2,iAPA,0.2944743165807773,TRUE,distal pA,SDMAi
CHKA,PAS31475_AATAAA_0.25,0.013415355760179165,0,11.218432363485135,1,8.098887867690469e-4,0.02163010787328052,0.6387531585619867,0.8095065459178371,0.17075338735585044,chr11,68052860,68052861,-,0.7241298522399119,2,TUTR,NA,TRUE,distal pA,SDMAi
COA5,PAS8095_AATAAA_0.35,0.01816048304237306,0,10.50003706810162,1,0.001193721497088501,0.02851849713592431,0.18324483538174308,0.3776211822956947,0.1943763469139516,chr2,98599402,98599403,-,0.2804330088387189,2,TUTR,NA,TRUE,distal pA,SDMAi
COMMD2,PAS11971_AATAAA_0.35,2.853168962851481e-4,0.004805756014809312,12.32697478897694,1,4.464593668446863e-4,0.013564897835838552,0.23437297160203047,0.07699641382181727,-0.15737655778021326,chr3,149738476,149738477,-,0.15568469271192387,2,ALE,NA,TRUE,distal pA,SDMAi
CTSC,PAS31684_AATAAA_0.25,0.008416076092713455,0.0011897660087998316,14.947739465729228,1,1.1053040923118505e-4,0.004534655500117572,0.6118062865809546,0.4298283827172777,-0.1819779038636769,chr11,88293592,88293593,-,0.5208173346491162,2,ALE,NA,TRUE,distal pA,SDMAi
DCAF8,PAS4317_APA_0.1,0.005698012208231526,5.824123875981133e-4,16.298503245408938,1,5.410667229219983e-5,0.00259950513712387,0.5544658834417459,0.3681009058186122,-0.18636497762313364,chr1,160215720,160215721,-,0.46128339463017903,2,TUTR,NA,TRUE,distal pA,SDMAi
DNAJC11,PAS2662_AATAAA_0.1,0.03334387832070451,0,8.999699209538903,1,0.002700240452965028,0.05102221590341493,0.7166693398619928,0.8753354971451626,0.1586661572831698,chr1,6634170,6634171,-,0.7960024185035777,2,MIXED,NA,TRUE,distal pA,SDMAi
EEA1,PAS34683_ATTAAA_0.45,7.703858570542334e-10,0.0014337923531906975,17.219494114866393,1,3.330017297068667e-5,0.0017235551784476964,0.1813123379254955,0.06969025182166276,-0.11162208610383274,chr12,92857336,92857337,-,0.12550129487357914,2,TUTR,NA,TRUE,distal pA,SDMAi
ELFN1-AS1,PAS21241_APA_0.3,0.013591377446199078,0,11.185709307737966,1,8.242973876222404e-4,0.021880892602940447,0.4928531361074344,0.19122642493538025,-0.3016267111720541,chr7,1738632,1738633,-,0.3420397805214073,2,TUTR,NA,TRUE,distal pA,SDMAi
ERP44,PAS26300_AATAAA_0.15,1.5548975664850574e-16,1.4248037955406163e-18,82.05479517697859,1,1.3236564621148585e-19,2.5649520776981257e-16,0.09753303290285248,0.4070604245291453,0.30952739162629284,chr9,99982137,99982138,-,0.2522967287159989,2,TUTR,NA,TRUE,distal pA,SDMAi
EXD3,PAS26760_AATAAA_0.2,0.017145772634693735,0,10.646188839532044,1,0.0011029795892958107,0.02727474945536083,0.6108261090892879,0.9379825386232052,0.3271564295339172,chr9,137391802,137391803,-,0.7744043238562466,2,iAPA,0.6543128590678345,TRUE,distal pA,SDMAi
EXOC7,PAS44909_AATAAA_0.3,2.8342805544660863e-4,0.013598223705486296,11.680327767921426,1,6.316440459165414e-4,0.017709664016260507,0.5664046063826789,0.7148334802027495,0.14842887382007064,chr17,76081016,76081017,-,0.6406190432927141,2,TUTR,NA,TRUE,distal pA,SDMAi
FAM136A,PAS7860_AATAAA_0.15,0.02170002528331477,0,10.047826611368691,1,0.0015252778507641057,0.03392965014965051,0.6685216582833141,0.8039943094513623,0.1354726511680482,chr2,70295976,70295977,-,0.7362579838673382,2,TUTR,NA,TRUE,distal pA,SDMAi
FAM13B,PAS16805_AATAAA_0.35,0.03930122558646811,0.01117704245572518,10.757888113737865,1,0.00103835801955028,0.026082087164457507,0.2550438017835458,0.45172113390932095,0.19667733212577515,chr5,137937961,137937962,-,0.35338246784643335,2,iAPA,0.376409237298155,TRUE,distal pA,SDMAi
FBXL5,PAS13655_AATAAA_0.2,5.470648728476472e-4,3.0324088473286128e-5,23.26893449947238,1,1.408568526804702e-6,1.2184161033376252e-4,0.4383561217506372,0.24519185739774904,-0.1931642643528881,chr4,15605007,15605008,-,0.34177398957419314,2,iAPA,-0.38305644205274714,TRUE,distal pA,SDMAi
FEM1C,PAS16611_AATAAA_0.35,3.9534936835174166e-4,3.829351668741949e-5,21.489612717122892,1,3.5575046177620217e-6,2.721178970779371e-4,0.4846283008632004,0.16210150799114523,-0.3225267928720551,chr5,115520910,115520911,-,0.3233649044271728,2,TUTR,NA,TRUE,distal pA,SDMAi
FEZ1,PAS31960_AATAAA_0.2,0.009617455404875328,0.002218582139784637,13.77455991318402,1,2.0610841964695145e-4,0.00753570406424074,0.6912696025693624,0.8865050183261959,0.19523541575683345,chr11,125445753,125445754,-,0.7888873104477792,2,ALE,NA,TRUE,distal pA,SDMAi
FLOT1,PAS18870_ATTAAA_0.25,2.7726102197170917e-5,0,25.206225685211397,1,5.151563247852965e-7,4.856392596894904e-5,0.8968207253026321,0.7829188535328625,-0.11390187176976962,chr6,30727830,30727831,-,0.8398697894177474,2,iAPA,-0.22780374353953925,TRUE,distal pA,SDMAi
GFM2,PAS16342_AATAAA_0.1,0.01478319688922055,0,10.985704219913032,1,9.181738661670378e-4,0.02373834950197688,0.3189729439379099,0.6369508724204921,0.31797792848258216,chr5,74721206,74721207,-,0.47796190817920103,2,iAPA,0.6359558569651643,TRUE,distal pA,SDMAi
GGA3,PAS44860_AATAAA_0.25,0.017145154153857554,0.01942261582237411,11.018254480121414,1,9.02189867296957e-4,0.023554178571345705,0.7095404489237259,0.558891140257045,-0.15064930866668091,chr17,75236599,75236600,-,0.6342157945903855,2,iAPA,-0.3069360336761766,TRUE,distal pA,SDMAi
GOLGA3,PAS35290_AATAAA_0.3,0.003714361865735117,0,14.29526889180488,1,1.5625711617465874e-4,0.006055831346857885,0.7755245227092155,0.6120729390405298,-0.16345158366868562,chr12,132768914,132768915,-,0.6937987308748726,2,TUTR,NA,TRUE,distal pA,SDMAi
GON4L,PAS4244_None_0.15,0.020569051464150896,0.006481145836849017,11.769459167525554,1,6.021046964995581e-4,0.017214271978610318,0.4550550262469412,0.15911155344981315,-0.29594347279712807,chr1,155795050,155795051,-,0.3070832898483772,2,iAPA,NA,TRUE,distal pA,SDMAi
GPN2,PAS2981_AATAAA_0.15,0.009443346105092728,0,12.079382442134827,1,5.098248203976442e-4,0.015095661914667654,0.48527393338895913,0.6713031122373626,0.18602917884840348,chr1,26876132,26876133,-,0.5782885228131609,2,TUTR,NA,TRUE,distal pA,SDMAi
H1-2,PAS18759_AATAAA_0.1,4.174597267390561e-4,0,19.283285829309197,1,1.1268851519336482e-5,7.251984151189234e-4,0.6337104291321033,0.8944860241378217,0.26077559500571845,chr6,26055706,26055707,-,0.7640982266349625,2,TUTR,NA,TRUE,distal pA,SDMAi
HIBADH,PAS21494_AATAAA_0.15,5.074605495074536e-11,5.23801389868409e-9,40.8759442525552,1,1.622055136606817e-10,3.7718188776563864e-8,0.7146041337086947,0.4380994576657215,-0.2765046760429732,chr7,27525443,27525444,-,0.5763517956872081,2,iAPA,-0.4914176141332841,TRUE,distal pA,SDMAi
HMGN3,PAS19294_AATAAA_0.3,2.087236186377436e-4,0,20.84661527799608,1,4.975707648507122e-6,3.708390657690779e-4,0.6439004472068254,0.8480247303578334,0.20412428315100808,chr6,79201246,79201247,-,0.74596258878232935,2,ALE,NA,TRUE,distal pA,SDMAi
HNRNPUL2-BSCL2,PAS31295_AATAAA_0.2,0.018791924165790737,0,10.422178873015582,1,0.0012451090858315334,0.029423716066262796,0.8720194426582234,0.9791427311198764,0.10712328846165288,chr11,62690274,62690275,-,0.9255810868890499,2,iAPA,0.21424657692330576,TRUE,distal pA,SDMAi
HPS1,PAS28968_AATAAA_0.25,1.6779340995584864e-13,4.3457215406331854e-11,50.26135282206542,1,1.3457390689661637e-12,4.5134018005326706e-10,0.5092438927674269,0.19781890666338184,-0.311424986104045,chr10,98417016,98417017,-,0.35353139971540437,2,ALE,NA,TRUE,distal pA,SDMAi
IP6K2,PAS11192_APA_0.2,1.283961156338082e-6,8.299397049702866e-6,25.76553716794388,1,3.855109935444802e-7,3.886307356887708e-5,0.556276029788923,0.777804432578252,0.22152840278932903,chr3,48688003,48688004,-,0.6670402311835875,2,ALE,NA,TRUE,distal pA,SDMAi
JPT1,PAS44852_APA_0.25,1.1887378517770428e-10,0,51.30237626174312,1,7.917973421126669e-13,2.7076364012637075e-10,0.2397668930282777,0.4235069590497318,0.1837400660214541,chr17,75135250,75135251,-,0.33163692603900474,2,TUTR,NA,TRUE,distal pA,SDMAi
KCNG1,PAS49937_APA_0.15,0.006473658701338908,0.0013532503943086342,14.704914734391764,1,1.2571826625478984e-4,0.005051904524155611,0.6651737378667741,0.9150790025003342,0.2499052646335601,chr20,51003656,51003657,-,0.7901263701835541,2,MIXED,NA,TRUE,distal pA,SDMAi
KIF16B,PAS49534_ATTAAA_0.2,6.634643183045604e-5,0,23.286802915020782,1,1.395542825531065e-6,1.2169133438630888e-4,0.7845567918213961,0.1886809974529217,-0.5958757943684745,chr20,16272104,16272105,-,0.4866188946371589,2,ALE,NA,TRUE,distal pA,SDMAi
LRP8,PAS3412_ATTAAA_0.2,0.014135020938324395,0.037923140291766286,8.514593420367419,1,0.0035230962935383224,0.060834454811196384,0.10926083085806694,0.2111128058980312,0.10185197503996424,chr1,53242363,53242364,-,0.16018681837804907,2,MIXED,NA,TRUE,distal pA,SDMAi
MAP4,PAS11165_AATAAA_0.1,2.69446624279067e-13,4.612146574665769e-16,72.00883127843099,1,2.1423643160147734e-17,1.8681416835648823e-14,0.36608819687427285,0.6013596860001198,0.23527148912584692,chr3,47850695,47850696,-,0.4837239414371963,2,TUTR,NA,TRUE,distal pA,SDMAi
MCFD2,PAS7653_AATAAA_0.35,2.970705030183671e-4,0,20.03531613143423,1,7.602505423432358e-6,5.208629932382693e-4,0.6347081057780274,0.776680621660772,0.14197251588274462,chr2,46901877,46901878,-,0.7056943637193998,2,TUTR,NA,TRUE,distal pA,SDMAi
MFSD12,PAS47528_AATAAA_0.3,4.180675838865862e-6,0,29.51633116646917,1,5.5447521217541054e-8,7.216453507715791e-6,0.6338800925750788,0.831983227062251,0.1981031344871722,chr19,3538260,3538261,-,0.7329316598186649,2,ALE,NA,TRUE,distal pA,SDMAi
MINDY3,PAS28266_AATAAA_0.2,0.009421614591317745,0,12.08974117406865,1,5.07000119112103e-4,0.015063172193041015,0.6948536080076453,0.8723527694078458,0.1774991614002005,chr10,15778175,15778176,-,0.7836031887077455,2,TUTR,NA,TRUE,distal pA,SDMAi
MRPS16,PAS28722_AATAAA_0.25,9.416817417974237e-8,5.956414163669577e-9,38.47936547749714,1,5.533566181849037e-10,1.148873740612467e-7,0.4701754498814437,0.6759842791283114,0.2058088292468677,chr10,73248849,73248850,-,0.5730798645048776,2,MIXED,NA,TRUE,distal pA,SDMAi
MRPS25,PAS10900_AATAAA_0.3,2.646633463510364e-11,6.052841283270332e-14,63.1927368487286,1,1.8743826351932668e-15,1.0896411052590197e-12,0.11350273803207192,0.5515374286144972,0.4380346905824252,chr3,15042250,15042251,-,0.33252008332328453,2,ALE,NA,TRUE,distal pA,SDMAi
NEK9,PAS37891_AATAAA_0.25,0.006703108989294848,0.007681022097213687,11.453552906837103,1,7.135743578480726e-4,0.01953647849430202,0.6196608331632489,0.4702980454203784,-0.14936278774287054,chr14,75082122,75082123,-,0.5449794392918137,2,iAPA,-0.32073427786039926,TRUE,distal pA,SDMAi
NRBP2,PAS24686_ATTAAA_0.3,0.008085392123645826,0,12.424417245721315,1,4.237567475845928e-4,0.01292544658878985,0.4916624775932414,0.728418719332817,0.2367562417395756,chr8,143833746,143833747,-,0.6100405984630292,2,MIXED,NA,TRUE,distal pA,SDMAi
NRDC,PAS3376_AATAAA_0.4,2.4157947630129613e-4,0,20.524922854800025,1,5.8859854874461285e-6,4.241801111614069e-4,0.5576899550983987,0.4338711364240452,-0.12381881867435346,chr1,51789211,51789212,-,0.49578054576122194,2,iAPA,-0.24763763734870686,TRUE,distal pA,SDMAi
NUDCD1,PAS24394_AATAAA_0.15,7.382600502164315e-4,0.010969180398967708,13.795632331209164,1,2.038094868169285e-4,0.007498813185838045,0.6379155696184887,0.5286000257884673,-0.1093155438300214,chr8,109242675,109242676,-,0.5832577977034781,2,iAPA,-0.23611606519804829,TRUE,distal pA,SDMAi
ODF2L,PAS3644_AATAAA_0.3,0.012429274721675713,0.0130897203868839,12.507372755440883,1,4.053492144346168e-4,0.012556465896518144,0.3853677628665685,0.20867459456401885,-0.1766931683025497,chr1,86348737,86348738,-,0.29702117871529365,2,iAPA,-0.3810714007941347,TRUE,distal pA,SDMAi
OSBPL5,PAS30814_AATAAA_0.05,0.013307257388000966,0,11.246493741882432,1,7.977356751439667e-4,0.02143684156319335,0.12631374782062033,0.36969314464823394,0.2433793968276136,chr11,3087120,3087121,-,0.24800344623442713,2,ALE,NA,TRUE,distal pA,SDMAi
PBK,PAS23740_AATAAA_0.3,1.7351762415061892e-4,0,21.268969965778524,1,3.9914061756179805e-6,3.0265271175120684e-4,0.513172569248288,0.7610928641956461,0.24792029494735807,chr8,27809624,27809625,-,0.6371327167219671,2,TUTR,NA,TRUE,distal pA,SDMAi
PDLIM7,PAS17162_AATAAA_0,0.03195643138392404,0,9.105319146184229,1,0.0025486724416626536,0.04873777125284724,0.7764006373113177,0.8802025501419805,0.10380191283066276,chr5,177483393,177483394,-,0.8283015937266491,2,ALE,NA,TRUE,distal pA,SDMAi
PHF19,PAS26447_None_0.25,0.003366259319583164,0,14.540379792500971,1,1.371873474609839e-4,0.005449993940135672,0.45897320432488015,0.32814694131508865,-0.1308262630097915,chr9,120855695,120855696,-,0.3935600728199844,2,ALE,NA,TRUE,distal pA,SDMAi
PHLDA1,PAS34584_AATAAA_0.2,0.005698012208231526,8.486663893467009e-5,23.051933517999714,1,1.5768385148247202e-6,1.3285054926832427e-4,0.25535735027288187,0.3761487630475993,0.12079141277471744,chr12,76025448,76025449,-,0.31575305666024056,2,TUTR,NA,TRUE,distal pA,SDMAi
PHLPP2,PAS41832_AATAAA_0.3,0.048074304961732046,0,8.107946518575773,1,0.004407162400523376,0.07083955057486091,0.2814814814814817,0.08888927207642078,-0.19259220940506092,chr16,71637835,71637836,-,0.18518537677895125,2,ALE,NA,TRUE,distal pA,SDMAi
POLR1A,PAS8002_ATTAAA_0.3,0.0013346245133450832,0.0055136756549028,14.670177417320248,1,1.2805644597276442e-4,0.005134033144287383,0.09492065312397188,0.2297369162226547,0.13481626309868283,chr2,86020889,86020890,-,0.1623287846733133,2,TUTR,NA,TRUE,distal pA,SDMAi
PRPSAP1,PAS44919_AATAAA_0.15,0.019568830607990632,0.0164293516717774,11.328777371274557,1,7.631513046487312e-4,0.020747146020487738,0.5872219252227502,0.7568068396130537,0.16958491439030354,chr17,76310932,76310933,-,0.6720143824179019,2,ALE,NA,TRUE,distal pA,SDMAi
PRTFDC1,PAS28351_ATTAAA_0.25,5.917543098018256e-6,0.03165932464935657,10.115104576489102,1,0.0014705908908114796,0.03309303888484155,0.3320295925303593,0.1782751071378115,-0.1537544853925478,chr10,24849601,24849602,-,0.2551523498340854,2,ALE,NA,TRUE,distal pA,SDMAi
QSOX2,PAS26704_AATAAA_0.35,0.01798634609716345,0,10.527723682898111,1,0.001175969692242238,0.028425171591776644,0.7693224807995925,0.6026119978397718,-0.16671048295982072,chr9,136206338,136206339,-,0.6859672393196822,2,TUTR,NA,TRUE,distal pA,SDMAi
RAPGEF3,PAS34146_APA_0.2,0.007640130009759038,0,12.571114290062155,1,3.917549272369617e-4,0.01231511084878852,0.5625966574017378,0.8961752303654658,0.33357857296372795,chr12,47737256,47737257,-,0.7293859438836018,2,ALE,NA,TRUE,distal pA,SDMAi
RHOA,PAS11225_AATAAA_0.2,1.6322800814945896e-11,1.7509500454726118e-13,60.30277947982904,1,8.133247362843858e-15,4.171877470823438e-12,0.6697423007699611,0.7816215909958147,0.11187929022585363,chr3,49359147,49359148,-,0.7256819458828879,2,TUTR,NA,TRUE,distal pA,SDMAi
RTL10,PAS51277_AATAAA_0.2,0.02262995630084135,0,9.933871505503587,1,0.0016226488480154215,0.03536584470758599,0.3957107555361982,0.7914132820021735,0.3957025264659753,chr22,19846147,19846148,-,0.5935620187691859,2,MIXED,NA,TRUE,distal pA,SDMAi
SFMBT1,PAS11332_ATTAAA_0.15,3.5943176106242405e-9,0,44.28755256677232,1,2.8351322082049223e-11,7.974952534054798e-9,0.3503849692512661,0.07555825997120535,-0.27482670928006075,chr3,52904611,52904612,-,0.21297161461123573,2,iAPA,-0.5496534185601216,TRUE,distal pA,SDMAi
SFT2D1,PAS19854_ATTAAA_0.3,0.01935198037550735,0,10.324517023533758,1,0.0013127460833166247,0.03012406801716044,0.868569416750795,0.6897911521055126,-0.17877826464528246,chr6,166320030,166320031,-,0.7791802844281538,2,iAPA,-0.3575565292905648,TRUE,distal pA,SDMAi
SH3PXD2A,PAS29075_AATAAA_0.35,0.021187206211033795,0,10.118325486544675,1,0.0014680231439586071,0.033078365718331275,0.3960583586744836,0.6148702633658216,0.218811904691338,chr10,103594033,103594034,-,0.5054643110201527,2,TUTR,NA,TRUE,distal pA,SDMAi
SRSF2,PAS44941_ATTAAA_0.2,2.246613485492647e-5,0,25.705290310223063,1,3.97735253347515e-7,3.963715896217521e-5,0.7765819440257706,0.8775607280549268,0.10097878402915617,chr17,76734118,76734119,-,0.8270713360403488,2,MIXED,NA,TRUE,distal pA,SDMAi
SSH1,PAS34841_AATAAA_0.3,0.03031224604294558,0,9.230360200339646,1,0.0023803481555196527,0.04659980983693857,0.769795520926647,0.9454935697596506,0.17569804883300355,chr12,108782699,108782700,-,0.8576445453431488,2,ALE,NA,TRUE,distal pA,SDMAi
SSR3,PAS12018_ATTAAA_0.3,2.6066005381099983e-22,1.283251683824961e-15,71.79769473800116,1,2.384306371348744e-17,1.8901046871055502e-14,0.3354570493650781,0.4767877209670746,0.14133067160199653,chr3,156540147,156540148,-,0.40612238516607635,2,TUTR,NA,TRUE,distal pA,SDMAi
ST7L,PAS3876_APA_0.25,1.5463760692499477e-5,5.89190902173135e-7,29.541349490341812,1,5.4736402831158905e-8,7.216453507715791e-6,0.27342156513283083,0.8020070106740625,0.5285854455412318,chr1,112525877,112525878,-,0.5377142879034467,2,iAPA,0.8858071518070012,TRUE,distal pA,SDMAi
STAT2,PAS34378_AATAAA_0.25,4.984126597851435e-4,0,18.866758143909465,1,1.401741847897074e-5,8.517901681994763e-4,0.905263066321218,0.7469303546216661,-0.15833271169955188,chr12,56341599,56341600,-,0.8260967104714421,2,iAPA,-0.31666542339910375,TRUE,distal pA,SDMAi
TFDP2,PAS11923_AATAAA_0.3,3.805831016314488e-5,0.003610366326620684,14.162231504303236,1,1.6770325618834024e-4,0.006414697393082586,0.11340275696790428,0.23385937798513012,0.12045662101722586,chr3,141944429,141944430,-,0.1736310674765172,2,TUTR,NA,TRUE,distal pA,SDMAi
TIAM1,PAS50446_AATAAA_0.05,0.001792582527370538,0,16.062941064312326,1,6.127144484439174e-5,0.0028495306615631787,0.5696193722650472,0.29632171485587827,-0.2732976574091689,chr21,31118417,31118418,-,0.4329705435604627,2,iAPA,-0.5465953148183378,TRUE,distal pA,SDMAi
TMEM242,PAS19805_AATAAA_0.25,0.04594515448345956,0,8.233856647309153,1,0.004111606589545902,0.06764505655155979,0.13280122953938883,0.2822596914542856,0.14945846191489676,chr6,157291771,157291772,-,0.2075304604968372,2,TUTR,NA,TRUE,distal pA,SDMAi
TMEM9B,PAS30901_AATAAA_0.25,0.001913586140473176,0,15.910374353439463,1,6.641368200064659e-5,0.003008453543094225,0.8055262986814017,0.9441502758968098,0.1386239772154081,chr11,8947293,8947294,-,0.8748382872891057,2,TUTR,NA,TRUE,distal pA,SDMAi
TNRC18,PAS21274_APA_0.25,9.880762428614588e-5,0,22.427513401243687,1,2.182254278712424e-6,1.7701634707323105e-4,0.7463968681981842,0.9072428597568498,0.16084599155866564,chr7,5306793,5306794,-,0.82681986397751706,2,iAPA,0.32169198311733127,TRUE,distal pA,SDMAi
TP53I3,PAS7392_AATAAA_0.2,1.753703041802104e-5,0,26.24791258206028,1,3.002792189864364e-7,3.117184273287769e-5,0.7329330981649239,0.9413324344378636,0.2083993362729396,chr2,24077434,24077435,-,0.8371327663013938,2,ALE,NA,TRUE,distal pA,SDMAi
ZDHHC6,PAS29125_AATAAA_0.35,0.019557036506938064,0.01397283899263187,10.345239523864391,1,0.001298090213162996,0.03005201236638937,0.7170303704214177,0.8488815320518791,0.1318511616304614,chr10,112430301,112430302,-,0.7829559512366484,2,iAPA,0.23198243429068388,TRUE,distal pA,SDMAi
ZFTRAF1,PAS24724_ATTAAA_0.1,5.28963975308129e-4,5.297563687669324e-5,20.86760163903637,1,4.9214877378873645e-6,3.699601127101536e-4,0.5387990540609592,0.7226044287961783,0.18380537473521907,chr8,144449931,144449932,-,0.6307017414285687,2,ALE,NA,TRUE,distal pA,SDMAi
ZNF219,PAS37297_AATAAA_0.1,0.03179669211883308,0,9.122544415499988,1,0.002524785544229865,0.04854714431242432,0.8536753343570247,0.9604646108126684,0.10678927645564362,chr14,21090081,21090082,-,0.9070699725848466,2,iAPA,0.21357855291128724,TRUE,distal pA,SDMAi
ZNF280D,PAS39504_AATAAA_0.3,0.004152233529087431,0.008835007874791967,12.484282190911472,1,4.103903745521246e-4,0.012623593103093775,0.3195266045721328,0.6136353884203735,0.2941087838482407,chr15,56630177,56630178,-,0.4665809964962531,2,iAPA,0.5750394542878359,TRUE,distal pA,SDMAi
ACP1,PAS5153_AATAAA_0.25,1.1954320313710825e-8,0,41.769838566628096,1,1.0267514379874328e-10,2.4870201497917818e-8,0.5365169876057472,0.2904534311518732,-0.246063556453874,chr2,277506,277507,+,0.41348520937881017,2,TUTR,NA,TRUE,proximal pA,SDMAi
ANKHD1,PAS15513_AATAAA_0.1,1.6779340995584864e-13,8.144085938461386e-13,57.2783495722706,1,3.782967175621853e-14,1.649373688571128e-11,0.4300703053648638,0.21234224722883036,-0.21772805813603344,chr5,140472475,140472476,+,0.32120627629684706,2,ALE,NA,TRUE,proximal pA,SDMAi
AOPEP,PAS25196_APA_0.35,0.039113915440203005,0,8.61235168707492,1,0.003338909170793841,0.05899754401078478,0.4824320046570649,0.22760379902927289,-0.254828205627792,chr9,95020762,95020763,+,0.3550179018431689,2,iAPA,0.509656411255584,TRUE,proximal pA,SDMAi
AP2B1,PAS42658_ATTAAA_0.3,2.1236845416537494e-7,1.0557922496675585e-7,34.227067615411215,1,4.9042058924084655e-9,8.385230467019964e-7,0.25187726528589083,0.1331449559918056,-0.11873230929408524,chr17,35724085,35724086,+,0.1925111106388482,2,TUTR,NA,TRUE,proximal pA,SDMAi
ATM,PAS30482_ATTAAA_0.2,6.22006457509857e-7,5.065397759855882e-8,34.30743595189415,1,4.705803352714491e-9,8.206921047134072e-7,0.03871008704341599,0.32876699310072927,0.29005690605731327,chr11,108366487,108366488,+,0.18373854007207263,2,TUTR,NA,TRUE,proximal pA,SDMAi
ATP2C1,PAS10143_APA_0.3,0.003366259319583164,0.035816607725735604,10.635900791754011,1,0.0011091324624387887,0.02735964659820718,0.4366768380691027,0.29976224493455206,-0.13691459313455062,chr3,131001991,131001992,+,0.36821954150182734,2,ALE,NA,TRUE,proximal pA,SDMAi
BCCIP,PAS27990_AATAAA_0.35,3.915698736645739e-21,2.188111418161757e-19,87.12958340678415,1,1.0163883011619027e-20,2.215726496532948e-17,0.5811957785286116,0.829541346858948,0.2483455683303364,chr10,125836548,125836549,+,0.7053685626937798,2,ALE,NA,TRUE,proximal pA,SDMAi
C11orf58,PAS29539_None_0.05,4.272401058146949e-12,2.030584073917526e-12,57.28360906663147,1,3.7728643617047807e-14,1.649373688571128e-11,0.026681067723614255,0.1456536284303774,0.11897256070676317,chr11,16740426,16740427,+,0.08616734807699583,2,iAPA,-0.25059729828865174,TRUE,proximal pA,SDMAi
C9orf85,PAS25056_None_0.25,0.0191468697126176,0.03963276854391226,8.434380772637724,1,0.0036819224063581934,0.06231413289128788,0.3280859917685417,0.13198840725999503,-0.19609758450854667,chr9,71954191,71954192,+,0.23003719951426838,2,iAPA,0.47629011438311464,TRUE,proximal pA,SDMAi
CDK16,PAS51922_APA_0.05,0.015714722699601134,0,10.843112759297584,1,9.91638943357828e-4,0.025173483511200183,0.3981833784469358,0.2632716874068195,-0.1349116910401163,chrX,47228989,47228990,+,0.3307275329268776,2,MIXED,NA,TRUE,proximal pA,SDMAi
CDYL,PAS17292_None_0.15,1.279447262039849e-4,2.5290479580516944e-6,28.8472504939582,1,7.831699782456312e-8,9.479810102265436e-6,0.12027776585281358,0.4083473580963992,0.28806959224358564,chr6,4892380,4892381,+,0.2643125619746064,2,ALE,NA,TRUE,proximal pA,SDMAi
CENPN,PAS40926_AATAAA_0.25,0.012209091706973272,0.0015157586818821426,14.49120520847373,1,1.408154428391824e-4,0.005556156839627469,0.8517254039463055,0.6873293018271046,-0.16439610211920086,chr16,81022872,81022873,+,0.769527352886705,2,ALE,NA,TRUE,proximal pA,SDMAi
CERS6,PAS6486_APA_0.3,1.6779340995584864e-13,1.4664321208903353e-15,70.52656619400659,1,4.541098592298439e-17,3.2998649770701985e-14,0.28297567123901535,0.6783013089974134,0.395325637758398,chr2,168698278,168698279,+,0.48063849011821436,2,iAPA,-0.6656122886156937,TRUE,proximal pA,SDMAi
CHCHD7,PAS22919_ATTAAA_0.4,2.6581988838834608e-5,0,25.32424409925784,1,4.84579638779807e-7,4.66909883995571e-5,0.7524363380006193,0.5012626685047471,-0.25117366949587216,chr8,56217464,56217465,+,0.6268495032526832,2,TUTR,NA,TRUE,proximal pA,SDMAi
CHPF2,PAS21140_ATTAAA_0.25,0.001524097102377319,0,16.44973145634185,1,4.995725821990511e-5,0.0024201516204309585,0.7119158957381894,0.923965661092504,0.21204976535431477,chr7,151238818,151238819,+,0.8179407784153467,2,ALE,NA,TRUE,proximal pA,SDMAi
CMC1,PAS9339_None_0.25,0.02262995630084135,0,9.94059442585194,1,0.0016167333293829991,0.03536584470758599,0.08537541439783337,0.1871517977719064,0.101776383374073,chr3,28247389,28247390,+,0.1362636060848699,2,iAPA,-0.20355276674814604,TRUE,proximal pA,SDMAi
COPS8,PAS7159_APA_0.3,0.012872971461216456,0,11.324449406808526,1,7.649320465122485e-4,0.020747146020487738,0.3353570911158626,0.1969039207847476,-0.138453170331115,chr2,237097933,237097934,+,0.2661305059503051,2,TUTR,NA,TRUE,proximal pA,SDMAi
CREM,PAS27130_AATAAA_0.2,0.021432425350353803,0.02676712369488574,11.17538440929411,1,8.288971988483461e-4,0.0219362172199016,0.3147356353689016,0.4822923292562367,0.16755669388733507,chr10,35179845,35179846,+,0.3985139823125692,2,ALE,NA,TRUE,proximal pA,SDMAi
DCAF7,PAS43227_ATTAAA_0.1,0.02768562345904691,0,9.45888055916339,1,0.002101292718276479,0.04271159091694848,0.20391770890735372,0.09830516089198822,-0.10561254801536551,chr17,63589450,63589451,+,0.15111143489967097,2,MIXED,NA,TRUE,proximal pA,SDMAi
DDX10,PAS30486_None_0.25,0.04912323827878571,0,8.051589385416833,1,0.004546375076459046,0.07254234339748919,0.18299925674888803,0.0379049867190066,-0.14509427002988143,chr11,108665333,108665334,+,0.11045212173394732,2,iAPA,0.2901885400597629,TRUE,proximal pA,SDMAi
DNAH1,PAS9673_AATAAA_0.4,0.037122983495232326,0,8.745373707093222,1,0.0031038848601622824,0.05603701031183252,0.37738586857086487,0.17859329501781304,-0.19879257355305183,chr3,52375054,52375055,+,0.27798958179433897,2,iAPA,0.3975851471061036,TRUE,proximal pA,SDMAi
DNHD1,PAS29428_APA_0.15,0.006727707231004416,0,12.93138497400014,1,3.2311862949959856e-4,0.010754177287162213,0.4990366055841385,0.1811798803663787,-0.3178567252177598,chr11,6549034,6549035,+,0.3401082429752586,2,ALE,NA,TRUE,proximal pA,SDMAi
FAM210B,PAS49248_APA_0.3,0.003951896890996856,0,14.147510059795197,1,1.6902065581125906e-4,0.00643607038722349,0.5326168157990426,0.31168100627930806,-0.22093580951973457,chr20,56366436,56366437,+,0.42214891103917535,2,TUTR,NA,TRUE,proximal pA,SDMAi
FAM32A,PAS46403_None_0.1,3.444188168594604e-5,1.1055694514984697e-6,28.3222530308135,1,1.0270846788679909e-7,1.1784445262801155e-5,0.3560164491066076,0.16626149529138473,-0.1897549538152229,chr19,16185514,16185515,+,0.2611389721989962,2,iAPA,0.378176672955701,TRUE,proximal pA,SDMAi
FBLIM1,PAS259_None_0.1,0.03692180420730316,0,8.75911070612392,1,0.0030805922528792822,0.05578974962643291,0.3576565600392789,0.2171793222688929,-0.14047723777038604,chr1,15785357,15785358,+,0.2874179411540859,2,TUTR,NA,TRUE,proximal pA,SDMAi
FBLN7,PAS6164_AATAAA_0.4,0.0109489445199396,0,11.726900574832795,1,6.160310351651396e-4,0.017440878657922133,0.26974521751587804,0.6649821453766488,0.3952369278607708,chr2,112181373,112181374,+,0.4673636814462634,2,iAPA,-0.7904738557215416,TRUE,proximal pA,SDMAi
FBXO22,PAS38838_ATTAAA_0.1,1.7351762415061892e-4,0.003122749560622747,15.200024846877568,1,9.67021482401435e-5,0.004054051599298323,0.6750512256009792,0.4810620680925057,-0.1939891575084735,chr15,75933127,75933128,+,0.5780566468467424,2,TUTR,NA,TRUE,proximal pA,SDMAi
FLNB,PAS9733_None_0.15,4.1783454790814253e-4,2.2632254079038905e-5,22.49897440953555,1,2.102558222943141e-6,1.729651670194735e-4,0.5392929120947364,0.383066761003007,-0.15622615109172938,chr3,58170781,58170782,+,0.46117983654887174,2,TUTR,NA,TRUE,proximal pA,SDMAi
FLVCR1,PAS2218_AATAAA_0.4,4.956657475003877e-4,0,18.89459556792781,1,1.381434773927461e-5,8.453411388525533e-4,0.4663126117646008,0.15832278946257036,-0.3079898223020304,chr1,212895412,212895413,+,0.3123177006135856,2,TUTR,NA,TRUE,proximal pA,SDMAi
GLRX3,PAS28015_AATAAA_0.45,3.203420120355901e-14,7.049720832671555e-14,62.0939077138828,1,3.274629308778199e-15,1.842243069196509e-12,0.7910811144602811,0.9132205592074768,0.12213944474719574,chr10,130179608,130179609,+,0.8521508368338789,2,ALE,NA,TRUE,proximal pA,SDMAi
GPALPP1,PAS35488_AATAAA_0.3,0.0023310677531251348,0.001190713745483855,14.946237112865449,1,1.1061845488281213e-4,0.004534655500117572,0.5560627796597785,0.21000328935898585,-0.34605949030079264,chr13,45028266,45028267,+,0.38303303450938214,2,ALE,NA,TRUE,proximal pA,SDMAi
H2BC5,PAS17455_AATAAA_0.3,4.467738828396e-5,0,24.16940630069325,1,8.822266473123547e-7,8.055514517867784e-5,0.32268616844830944,0.0572606337253254,-0.265425534722984,chr6,26158636,26158637,+,0.18997340108681743,2,ALE,NA,TRUE,proximal pA,SDMAi
IL13RA1,PAS52298_ATTAAA_0,0.009336596671685723,0,12.112726675793963,1,5.007885331351151e-4,0.014935301258418458,0.20468451075114627,0.4307561079171929,0.22607159716604663,chrX,118792360,118792361,+,0.31772030933416956,2,TUTR,NA,TRUE,proximal pA,SDMAi
INVS,PAS25267_None_0.15,1.3497317335717546e-6,6.995761890248004e-8,35.02824968393429,1,3.249565119922385e-9,5.724486433479434e-7,0.5735327797536932,0.8490236105282815,0.27549083077458825,chr9,100270772,100270773,+,0.7112781951409873,2,iAPA,-0.5218080169684792,TRUE,proximal pA,SDMAi
ITM2B,PAS35520_ATTAAA_0.3,0.02180490417479366,0,10.0343569355191,1,0.0015364717753316478,0.03409168926435615,0.6529674848102008,0.538438087153681,-0.11452939765651982,chr13,48261383,48261384,+,0.5957027859819409,2,TUTR,NA,TRUE,proximal pA,SDMAi
JADE2,PAS15397_APA_0.1,3.628123188965997e-4,0.002304898814384797,13.702867263105873,1,2.1412732193233e-4,0.007715662178718668,0.295238064117325,0.1254319405707267,-0.1698061235465983,chr5,134579473,134579474,+,0.21033500234402586,2,ALE,NA,TRUE,proximal pA,SDMAi
KHNYN,PAS36442_APA_0.15,0.011774467311045455,0,11.551477281171174,1,6.769544746753566e-4,0.018710120504500303,0.3959059570179464,0.18240710249511088,-0.21349885452283549,chr14,24438406,24438407,+,0.2891565297565286,2,TUTR,NA,TRUE,proximal pA,SDMAi
KIF1B,PAS166_AATAAA_0.35,0.026140420868035853,0,9.601282263841313,1,0.0019444154283962856,0.04027387775682666,0.3049952502783358,0.5233644441508944,0.21836919387255865,chr1,10308574,10308575,+,0.4141798472146151,2,ALE,NA,TRUE,proximal pA,SDMAi
KIFBP,PAS27321_AATAAA_0.2,2.346915217521454e-4,6.780829503410483e-4,16.01042779225827,1,6.299455980381343e-5,0.0028835305065052657,0.342346537201343,0.2391173195528429,-0.1032292176485001,chr10,69016977,69016978,+,0.29073192837709294,2,iAPA,-0.23083564673545107,TRUE,proximal pA,SDMAi
KLHL7,PAS20140_AATAAA_0.25,0.002444108922397137,0,15.30958243924033,1,9.125244530597548e-5,0.003853372024542887,0.5312996300925228,0.2409238197446149,-0.2903758103479078,chr7,23126048,23126049,+,0.3861117249185688,2,ALE,NA,TRUE,proximal pA,SDMAi
LINC02985,PAS33477_APA_0.2,9.53250625297902e-7,0,32.59303047016192,1,1.1362145928178324e-8,1.768636063231134e-6,0.35831284530417823,0.6652398384618907,0.3069269931577125,chr12,122067162,122067163,+,0.5117763418830344,2,iAPA,-0.6138539863154249,TRUE,proximal pA,SDMAi
LRMDA,PAS27434_APA_0.25,0.002418349180718461,0,15.3608497872533,1,8.880946653897017e-5,0.003770990490529912,0.4529253262275373,0.22152925660436504,-0.23139606962317225,chr10,75658311,75658312,+,0.33722729141595115,2,iAPA,0.46279213924634444,TRUE,proximal pA,SDMAi
LRRC14,PAS23587_None_0.2,5.839446689806424e-6,0,28.66647054505779,1,8.597958316279396e-8,1.0063650539323e-5,0.6671856997928085,0.4168782812167529,-0.2503074185760556,chr8,144522015,144522016,+,0.5420319905047807,2,TUTR,NA,TRUE,proximal pA,SDMAi
LRRC8A,PAS25583_None_0.1,0.03141094513687756,0,9.157034124539225,1,0.0024776380914276783,0.0480645253776404,0.2929820511748679,0.5292936156333213,0.23631156445845344,chr9,128917161,128917162,+,0.4111378334040946,2,TUTR,NA,TRUE,proximal pA,SDMAi
METTL9,PAS40358_AATAAA_0.2,0.029368230126618815,0,9.308864440219168,1,0.0022804778170187794,0.045297873723015386,0.8361905959053622,0.7224429766127957,-0.11374761929256648,chr16,21655934,21655935,+,0.7793167862590789,2,TUTR,NA,TRUE,proximal pA,SDMAi
MIRLET7A1HG,PAS25177_AATAAA_0.35,0.007292435717261931,0,12.701922855906616,1,3.6527977312494886e-4,0.011763009393412583,0.9137540557019354,0.6738504925980772,-0.2399035631038582,chr9,94179556,94179557,+,0.7938022741500063,2,ALE,NA,TRUE,proximal pA,SDMAi
MTG1,PAS28059_None_0.25,0.00352489037426584,0,14.4175305891049,1,1.4643278154268256e-4,0.005748975125259071,0.14813854443342936,0.3336325204973033,0.185493976063874,chr10,133399873,133399874,+,0.24088553246536631,2,ALE,NA,TRUE,proximal pA,SDMAi
MTHFD1L,PAS18426_ATTAAA_0.15,9.30942011304728e-7,4.5546104773655664e-8,36.65436882672475,1,1.410425680983786e-9,2.82733607774221e-7,0.4163932519008832,0.1631810273530676,-0.2532122245478156,chr6,150898997,150898998,+,0.28978713962697544,2,ALE,NA,TRUE,proximal pA,SDMAi
NABP1,PAS6734_AATAAA_0.3,1.088241392323633e-6,0.04266836037435984,9.56616306999399,1,0.001981965906959748,0.04085754777467848,0.6063283633466053,0.40955073527425706,-0.19677762807234828,chr2,191686935,191686936,+,0.5079395493104312,2,TUTR,NA,TRUE,proximal pA,SDMAi
NDUFAF5,PAS48823_AATAAA_0.25,0.02262995630084135,0,9.93270710831814,1,0.0016236756301688648,0.03536584470758599,0.9009153700310528,0.7055299603332114,-0.19538540969784132,chr20,13817225,13817226,+,0.8032226651821321,2,TUTR,NA,TRUE,proximal pA,SDMAi
NECTIN2,PAS46953_AATAAA_0.2,4.7191642599261277e-7,0,34.17163649200484,1,5.045907447072634e-9,8.461598642014108e-7,0.4472054550247671,0.6491542511433757,0.2019487961186086,chr19,44878936,44878937,+,0.5481798530840714,2,ALE,NA,TRUE,proximal pA,SDMAi
NIPSNAP3A,PAS25303_ATTAAA_0.25,0.007240926240833881,0,12.733360513576828,1,3.591905567319874e-4,0.011656445856185173,0.20720156520830924,0.05565087623940396,-0.15155068896890528,chr9,104759579,104759580,+,0.1314262207238566,2,TUTR,NA,TRUE,proximal pA,SDMAi
NPAS2,PAS6064_AATAAA_0.15,1.0102126835420324e-5,1.6413143372687586e-6,28.89931570994895,1,7.623984213430694e-8,9.479810102265436e-6,0.6018942355981296,0.33140006015898377,-0.27049417543914583,chr2,100996051,100996052,+,0.46664714787855666,2,TUTR,NA,TRUE,proximal pA,SDMAi
NPM1,PAS15792_AATAAA_0.4,4.7111950600355865e-35,2.24867598263054e-38,173.89315651314246,1,1.044520833299024e-39,1.8216443332734976e-35,0.30453857155772845,0.4850316854734436,0.18049311391571515,chr5,171406724,171406725,+,0.394785128515586,2,ALE,NA,TRUE,proximal pA,SDMAi
NUB1,PAS21143_APA_0.15,0.009117176780024851,0.005844842763286147,11.961910982150584,1,5.429915275270216e-4,0.015888879597434995,0.18012451857255185,0.018518556524131997,-0.16160596204841987,chr7,151377283,151377284,+,0.09932153754834193,2,TUTR,NA,TRUE,proximal pA,SDMAi
OGG1,PAS9139_AATAAA_0.35,0.0015174528333528835,0,16.478399845292415,1,4.920749766350279e-5,0.0023971473722108625,0.7851602437929536,0.4712371399495868,-0.3139231038433668,chr3,9757402,9757403,+,0.6281986918712702,2,ALE,NA,TRUE,proximal pA,SDMAi
PACS1,PAS30086_APA_0.1,0.001919180342477639,0,15.895314605894782,1,6.694423981648557e-5,0.0030168153550374894,0.24485600464599183,0.4431638250101776,0.19830782036418568,chr11,66221832,66221833,+,0.34400991482808474,2,iAPA,-0.3966156407283714,TRUE,proximal pA,SDMAi
PLXNA1,PAS10091_None_0.2,0.04790334383588175,0,8.12483343392978,1,0.004366299525794655,0.07031233954742269,0.2929945753861203,0.436942804864089,0.14394822947796876,chr3,127035578,127035579,+,0.36496869012510463,2,TUTR,NA,TRUE,proximal pA,SDMAi
POLR2B,PAS12879_ATTAAA_0.45,0.02406195779833693,0,9.803385862427604,1,0.0017419086013519985,0.037366403453356525,0.18003174357911758,0.06962638293488439,-0.1104053606442332,chr4,57005374,57005375,+,0.124829063257001,2,iAPA,0.22081072128846618,TRUE,proximal pA,SDMAi
POLR2K,PAS23227_AATAAA_0,2.1946349573238302e-10,0,49.99836052586943,1,1.5387449306389694e-12,4.969576220434006e-10,0.4477041514750551,0.2334038961020116,-0.21430025537304345,chr8,100153612,100153613,+,0.34055402378853333,2,TUTR,NA,TRUE,proximal pA,SDMAi
PPP1R7,PAS7220_AATAAA_0.15,0.00259218567195186,2.9275865678364934e-4,17.604279563825003,1,2.7197561454046304e-5,0.0014461142431663643,0.27156057651063625,0.4438826432940374,0.17232206678340117,chr2,241167171,241167172,+,0.3577216099023368,2,ALE,NA,TRUE,proximal pA,SDMAi
PRSS21,PAS40133_APA_0.2,0.0193162757549844,0,10.33270086414268,1,0.0013069382018271651,0.030109646287801536,0.3305685689889455,0.5573771430552094,0.22680857406626387,chr16,2818890,2818891,+,0.4439728560220774,2,iAPA,-0.4536171481325277,TRUE,proximal pA,SDMAi
PSMD14,PAS6471_AATAAA_0.25,0.007210742003712892,0,12.747793922500932,1,3.5642931552095275e-4,0.011640687757849186,0.2534417517365512,0.1488094525351102,-0.104632299201441,chr2,161411418,161411419,+,0.2011256021358307,2,TUTR,NA,TRUE,proximal pA,SDMAi
QPRT,PAS40441_AATAAA_0.15,2.664193399303554e-5,0.002511629312126802,13.541604880609157,1,2.33332784474532e-4,0.008220856083304723,0.48118388105528015,0.35980087347961937,-0.12138300757566078,chr16,29697636,29697637,+,0.42049237726744976,2,TUTR,NA,TRUE,proximal pA,SDMAi
RCOR1,PAS37163_APA_0.35,0.03020657692793497,0.03433592023594095,8.695571952296062,1,0.003189840092033077,0.05735135175779058,0.2920992487790724,0.12683493348088615,-0.16526431529818625,chr14,102711003,102711004,+,0.20946709112997927,2,iAPA,0.3675942998637721,TRUE,proximal pA,SDMAi
RGS3,PAS25404_AATAAA_0.15,0.0013297151613292377,3.176529583896799e-4,18.76893130301505,1,1.4755133036505725e-5,8.873431729539995e-4,0.11937397264540928,0.016830374516364866,-0.1025435981290444,chr9,113549766,113549767,+,0.06810217358088708,2,iAPA,0.23609263301677014,TRUE,proximal pA,SDMAi
RIN2,PAS48863_None_0.1,5.434595669700114e-7,5.711858780867801e-8,34.07369724718956,1,5.3063718735494035e-9,8.813630997590629e-7,0.04982870278598849,0.2272310432042965,0.17740234041830796,chr20,19890282,19890283,+,0.1385298729951425,2,ALE,NA,TRUE,proximal pA,SDMAi
RPL15,PAS9309_AATAAA_0.15,5.422035678104612e-16,0,78.36777850765793,1,8.553605802443733e-19,1.2431240432884894e-15,0.8286069915192863,0.7220125901858857,-0.1065944013334006,chr3,23919550,23919551,+,0.775309790852586,2,MIXED,NA,TRUE,proximal pA,SDMAi
RSAD1,PAS43051_ATTAAA_0.35,0.02152879913523049,0,10.071633082168546,1,0.0015056951542431144,0.03357969755754465,0.23993425243830263,0.4241411041483544,0.18420685171005177,chr17,50483052,50483053,+,0.33203767829332853,2,iAPA,-0.3684137034201036,TRUE,proximal pA,SDMAi
RTN3,PAS29947_AATAAA_0.45,1.5299590585618208e-5,4.365031797474373e-7,31.467966060320578,1,2.027578310833845e-8,2.996692011944259e-6,0.4172492235309531,0.26830241587990344,-0.14894680765104967,chr11,63759045,63759046,+,0.34277581970542825,2,TUTR,NA,TRUE,proximal pA,SDMAi
SEC24A,PAS15400_AATAAA_0.2,0.02686873968051868,0,9.53053001167973,1,0.0020208175247216687,0.04148459986598812,0.3380917690219878,0.17341012593735725,-0.16468164308463054,chr5,134725423,134725424,+,0.25575094747967253,2,TUTR,NA,TRUE,proximal pA,SDMAi
SPEG,PAS7002_AATAAA_0.05,0.01037223141374988,0,11.856779894533702,1,5.74517988912351e-4,0.01661624166937214,0.8424840512645742,0.6451247036142316,-0.19735934765034255,chr2,219466860,219466861,+,0.7438043774394029,2,ALE,NA,TRUE,proximal pA,SDMAi
SRGAP1,PAS32830_ATTAAA_0.3,0.03180272462279937,0.04100428842952714,8.372535448430654,1,0.003809337925968341,0.06387966675854603,0.17226606791963242,0.0561808984728295,-0.11608516944680292,chr12,64043630,64043631,+,0.11422348319623096,2,ALE,NA,TRUE,proximal pA,SDMAi
SRSF5,PAS36869_None_0.25,9.62317717992098e-5,6.071462143783428e-6,25.03139202937018,1,5.640446864513965e-7,5.2603953645520615e-5,0.3089007175306494,0.4625602209166728,0.15365950338602336,chr14,69771208,69771209,+,0.3857304692236611,2,TUTR,NA,TRUE,proximal pA,SDMAi
SRSF6,PAS49087_AATAAA_0.3,0.004238020635273812,0,13.985463654700196,1,1.8422946845712628e-4,0.006850665095719153,0.4603654734302263,0.6158854414625285,0.15551996803230228,chr20,43461548,43461549,+,0.5381254574463774,2,ALE,NA,TRUE,proximal pA,SDMAi
TAF15,PAS42665_None_0.2,2.387953778590034e-7,3.366123845242298e-9,41.74028870922484,1,1.0423871679686929e-10,2.4903057821060283e-8,0.2630217976580608,0.4431064300954276,0.18008463243736678,chr17,35828794,35828795,+,0.3530641138767442,2,iAPA,-0.36790474272333545,TRUE,proximal pA,SDMAi
TENT2,PAS15034_AATAAA_0.35,0.01921610425925828,0,10.351886962921752,1,0.0012934240202550709,0.03005201236638937,0.3308576918783044,0.5487446811998298,0.2178869893215254,chr5,79686278,79686279,+,0.4398011865390671,2,TUTR,NA,TRUE,proximal pA,SDMAi
TIGD5,PAS23541_ATTAAA_0.15,0.044655101847080186,0,8.301770265520759,1,0.003960645317199399,0.0659729267735984,0.9186442192615086,0.7454241235763343,-0.17322009568517438,chr8,143600313,143600314,+,0.8320341714189214,2,TUTR,NA,TRUE,proximal pA,SDMAi
TIMM10B,PAS29421_APA_0.15,0.010232238487442376,0.0024504939481020337,13.587857997134051,1,2.27653250218068e-4,0.008069659926429077,0.5855256923274369,0.3090824193862249,-0.276443272941212,chr11,6483056,6483057,+,0.44730405585683086,2,ALE,NA,TRUE,proximal pA,SDMAi
TLCD5,PAS30627_AATAAA_0.25,0.01909776681976688,0,10.377098149565484,1,0.001275880696445133,0.02989495841675792,0.7442385306564363,0.4785266270297135,-0.2657119036267228,chr11,120330632,120330633,+,0.6113825788430749,2,MIXED,NA,TRUE,proximal pA,SDMAi
TMBIM6,PAS32543_APA_0.25,3.112601791421846e-11,0,54.15267421298631,1,1.8550124611453602e-13,6.883280281356399e-11,0.2872862019663377,0.17594160450243743,-0.11134459746390028,chr12,49763000,49763001,+,0.23161390323438757,2,TUTR,NA,TRUE,proximal pA,SDMAi
TMEM50A,PAS403_AATAAA_0.35,3.3302058347739016e-4,0,19.79090653626372,1,8.639271928948947e-6,5.839879939568591e-4,0.85853140729061,0.7324986305176905,-0.12603277677291946,chr1,25360990,25360991,+,0.7955150189041502,2,TUTR,NA,TRUE,proximal pA,SDMAi
TRMU,PAS51179_AATAAA_0.25,0.003366259319583164,5.192062091471516e-4,16.516255915708825,1,4.823475737913941e-5,0.002375530037979977,0.41872656646345313,0.2152612846310972,-0.203465281832356,chr22,46333695,46333696,+,0.3169939255472752,2,ALE,NA,TRUE,proximal pA,SDMAi
TYRO3,PAS38380_AATAAA_0.4,0.007640130009759038,0,12.570381199548592,1,3.919086307957356e-4,0.01231511084878852,0.3832718417819032,0.5955693095791524,0.21229746779724923,chr15,41557683,41557684,+,0.4894205756805278,2,iAPA,-0.4245949355944985,TRUE,proximal pA,SDMAi
UFM1,PAS35436_AATAAA_0.35,1.682745250332573e-7,3.1190205946978397e-9,39.74244021817594,1,2.89760020191035e-10,6.478736861707247e-8,0.44809377675737205,0.1302144781053398,-0.31787929865203224,chr13,38360830,38360831,+,0.28915412743135593,2,TUTR,NA,TRUE,proximal pA,SDMAi
URI1,PAS46597_APA_0.25,2.167950645365245e-13,4.847466201940827e-16,71.91063484407914,1,2.2516714172030126e-17,1.8699595007628836e-14,0.289354421105911,0.5432556953710587,0.2539012742651477,chr19,29985183,29985184,+,0.41630505823848485,2,iAPA,-0.4552446873490312,TRUE,proximal pA,SDMAi
ZBTB1,PAS36789_ATTAAA_0.35,1.2680894087149211e-9,6.173534519956912e-4,17.50360347982496,1,2.8676365430124126e-5,0.0015081343290430512,0.4593020039758529,0.20224697889003893,-0.257055025085814,chr14,64523950,64523951,+,0.3307744914329459,2,ALE,NA,TRUE,proximal pA,SDMAi
ZMIZ2,PAS20361_ATTAAA_0.05,9.371998445842616e-4,3.36836159691344e-4,18.65711841304801,1,1.5646201983909933e-5,9.312961180866526e-4,0.8099367478233302,0.6831188695971173,-0.12681787822621293,chr7,44768693,44768694,+,0.7465278087102238,2,TUTR,NA,TRUE,proximal pA,SDMAi
ZNF276,PAS41066_AATAAA_0.1,0.00345556144221776,4.208312385647074e-4,16.914797203902253,1,3.909562777200613e-5,0.0019706004287392683,0.3108916198143845,0.07213828653441788,-0.23875333327996665,chr16,89738569,89738570,+,0.1915149531744012,2,TUTR,NA,TRUE,proximal pA,SDMAi
ZNF589,PAS9569_APA_0.25,0.026140420868035853,0,9.602087022204389,1,0.0019435634618922535,0.04027387775682666,0.8264057482294639,0.5483951235127879,-0.27801062471667604,chr3,48270986,48270987,+,0.6874004358711259,2,iAPA,-0.5560212494333521,TRUE,proximal pA,SDMAi
ZNF84,PAS33671_AATAAA_0.25,0.009117176780024851,0.027325413080729267,9.112593327388822,1,0.002538557218718057,0.048651030653233965,0.1416014314323492,0.01612642492015148,-0.12547500651219773,chr12,133048107,133048108,+,0.07886392817625035,2,iAPA,0.36164100008651745,TRUE,proximal pA,SDMAi
ABRAXAS1,PAS14028_ATTAAA_0.35,0.01765731984796376,0.008753803573188158,11.210776608203789,1,8.132367911988999e-4,0.02165650570492191,0.6983011434522529,0.8580082752281767,0.15970713177592377,chr4,83490421,83490422,-,0.7781547093402148,2,iAPA,-0.2979725949787739,TRUE,proximal pA,SDMAi
AGTPBP1,PAS26143_AATAAA_0.25,0.04665763530143149,0,8.190141574548761,1,0.004211863659988995,0.06884245757282856,0.4239986990887044,0.18766881960198423,-0.23632987948672013,chr9,85546942,85546943,-,0.3058337593453443,2,TUTR,NA,TRUE,proximal pA,SDMAi
ALDH7A1,PAS16667_AATAAA_0.4,4.339977372211012e-4,2.062157300933084e-5,22.677719712257385,1,1.9157640131367824e-6,1.5909963994812135e-4,0.7563281518482136,0.5046730460573026,-0.251655105790911,chr5,126544756,126544757,-,0.6305005989527581,2,TUTR,NA,TRUE,proximal pA,SDMAi
ANKRD11,PAS42065_AATAAA_0.3,6.860226551063685e-13,7.276232435841484e-17,77.46356072165236,1,1.3519380161247978e-18,1.6660526447142484e-15,0.1345418818169597,0.3249489473561833,0.1904070655392236,chr16,89298875,89298876,-,0.2297454145865715,2,ALE,NA,TRUE,proximal pA,SDMAi
ANKRD46,PAS24285_ATTAAA_0.3,0.005817916174425394,0,13.287471112123512,1,2.671856332514379e-4,0.009208927754753116,0.2308796301851459,0.03367879689763453,-0.19720083328751137,chr8,100548857,100548858,-,0.13227921354139022,2,iAPA,0.39440166657502285,TRUE,proximal pA,SDMAi
ATL3,PAS31320_ATTAAA_0.15,0.02406195779833693,0,9.80381415003194,1,0.001741502973201362,0.037366403453356525,0.4330444172932915,0.2918133947524669,-0.1412310225408246,chr11,63629123,63629124,-,0.36242890602287925,2,TUTR,NA,TRUE,proximal pA,SDMAi
AURKA,PAS49965_AATAAA_0.1,0.01909776681976688,0,10.372931033400164,1,0.0012787637029186586,0.02989495841675792,0.3127458259324063,0.18248567198450183,-0.13026015394790447,chr20,56369665,56369666,-,0.24761574895845406,2,ALE,NA,TRUE,proximal pA,SDMAi
B3GNTL1,PAS45097_AATAAA_0.45,0.010994219238199252,0,11.713351379563392,1,6.205326195796484e-4,0.017483180751969415,0.8928639376981776,0.7448356606963773,-0.14802827700180032,chr17,82943795,82943796,-,0.8188497991972774,2,MIXED,NA,TRUE,proximal pA,SDMAi
BET1,PAS21967_ATTAAA_0.3,0.014771231336148057,0,11.009905835666984,1,9.06262499377406e-4,0.02358987759573427,0.5648938840897243,0.20798093460569644,-0.35691294948402785,chr7,93994226,93994227,-,0.38643740934771037,2,MIXED,NA,TRUE,proximal pA,SDMAi
BSCL2,PAS31296_APA_0.15,0.018791924165790737,0,10.422178873015582,1,0.0012451090858315334,0.029423716066262796,0.1279805573417766,0.020857268880123736,-0.10712328846165288,chr11,62696472,62696473,-,0.07441891311095017,2,iAPA,0.21424657692330576,TRUE,proximal pA,SDMAi
C16orf74,PAS42003_AATAAA_0.3,0.0017418853204081949,0,16.135965895783556,1,5.895378039870908e-5,0.002763854650950894,0.5198942504434676,0.7138819570670455,0.1939877066235779,chr16,85748924,85748925,-,0.6168881037552565,2,iAPA,-0.3879754132471559,TRUE,proximal pA,SDMAi
C4orf3,PAS14206_APA_0.25,0.001702767704810096,0,16.209494598002948,1,5.670917860016095e-5,0.002694844890427267,0.8648759507283265,0.7386494449978013,-0.12622650573052518,chr4,119298490,119298491,-,0.8017626978630639,2,TUTR,NA,TRUE,proximal pA,SDMAi
CDK17,PAS34738_APA_0.25,0.03990018572683561,0.014945150619266738,10.22111498882714,1,0.001388418900650547,0.03162562873363507,0.2557880586921496,0.13526114983701343,-0.12052690885513616,chr12,96327498,96327499,-,0.19552460426458151,2,iAPA,0.25338321322416035,TRUE,proximal pA,SDMAi
CHD6,PAS49801_None_0.25,0.012209091706973272,0.011230528100852146,12.036589019315215,1,5.216634437731496e-4,0.015420017727802932,0.581040081135574,0.7763798127525079,0.19533973161693385,chr20,41571389,41571390,-,0.678709946944041,2,iAPA,-0.3404842772577441,TRUE,proximal pA,SDMAi
CHID1,PAS30779_APA_0.15,0.002743122455999353,2.0993841656178136e-4,18.237174235714065,1,1.950348129320668e-5,0.0011188839268208043,0.3275123429759585,0.17068987490264995,-0.15682246807330855,chr11,880873,880874,-,0.2491011089393042,2,iAPA,0.2944743165807773,TRUE,proximal pA,SDMAi
CHKA,PAS31476_ATTAAA_0.15,0.013415355760179165,0,11.218432363485135,1,8.098887867690469e-4,0.02163010787328052,0.3612468414380133,0.1904934540821629,-0.17075338735585038,chr11,68053815,68053816,-,0.2758701477600881,2,TUTR,NA,TRUE,proximal pA,SDMAi
COA5,PAS8096_AATAAA_0.45,0.01816048304237306,0,10.500037068101506,1,0.001193721497088575,0.02851849713592431,0.8167551646182569,0.6223788177043053,-0.19437634691395167,chr2,98600478,98600479,-,0.7195669911612811,2,TUTR,NA,TRUE,proximal pA,SDMAi
COMMD2,PAS11974_None_0.1,2.853168962851481e-4,2.2666465715051785e-4,18.09118851466428,1,2.105736516911033e-5,0.0011846466082234975,0.20899382962652469,0.4551517929411282,0.2461579633146035,chr3,149751831,149751832,-,0.33207281128382643,2,ALE,NA,TRUE,proximal pA,SDMAi
CTSC,PAS31686_AATAAA_0.15,0.008416076092713455,0.00639907410659262,11.793182682589304,1,5.944801536361242e-4,0.01702419356225617,0.3664295965009704,0.5275468873516753,0.16111729085070498,chr11,88326089,88326090,-,0.44698824192632286,2,ALE,NA,TRUE,proximal pA,SDMAi
DCAF8,PAS4318_AATAAA_0.35,0.005698012208231526,8.845595955162487e-4,15.507548512527135,1,8.217643919782853e-5,0.0035828927490253243,0.41296592715593006,0.5950950660959765,0.18212913894004645,chr1,160216660,160216661,-,0.5040304966259532,2,TUTR,NA,TRUE,proximal pA,SDMAi
DNAJC11,PAS2663_APA_0.35,0.03334387832070451,0,8.999699209538903,1,0.002700240452965028,0.05102221590341493,0.28333066013800723,0.12466450285483743,-0.1586661572831698,chr1,6635115,6635116,-,0.20399758149642233,2,MIXED,NA,TRUE,proximal pA,SDMAi
EEA1,PAS34684_None_0.25,7.703858570542334e-10,1.0233683757800622e-12,58.19253071599542,1,2.3767977176311694e-14,1.1203068160942594e-11,0.523796849652094,0.8143919718088067,0.2905951221567127,chr12,92895132,92895133,-,0.6690944107304504,2,TUTR,NA,TRUE,proximal pA,SDMAi
ELFN1-AS1,PAS21242_None_0.1,0.013591377446199078,0,11.185709307737966,1,8.242973876222404e-4,0.021880892602940447,0.5071468638925656,0.8087735750646198,0.3016267111720542,chr7,1738869,1738870,-,0.6579602194785927,2,TUTR,NA,TRUE,proximal pA,SDMAi
ERP44,PAS26301_AATAAA_0.15,1.5548975664850574e-16,1.5424577534990238e-17,77.34860611301883,1,1.4329581233207409e-18,1.6660526447142484e-15,0.8543275445620062,0.5307131293501176,-0.3236144152118886,chr9,99982481,99982482,-,0.692520336956062,2,TUTR,NA,TRUE,proximal pA,SDMAi
EXD3,PAS26761_ATTAAA_0.05,0.017145772634693735,0,10.646188839532044,1,0.0011029795892958107,0.02727474945536083,0.3891738909107121,0.06201746137679476,-0.3271564295339173,chr9,137422619,137422620,-,0.22559567614375342,2,iAPA,0.6543128590678345,TRUE,proximal pA,SDMAi
EXOC7,PAS44912_APA_0.05,2.8342805544660863e-4,5.343933958143805e-5,22.180139614791187,1,2.4822830830992258e-6,1.9767587657192008e-4,0.2655617712670173,0.1000467867303092,-0.1655149845367081,chr17,76083576,76083577,-,0.18280427899866325,2,TUTR,NA,TRUE,proximal pA,SDMAi
FAM136A,PAS7861_AATAAA_0.25,0.02170002528331477,0,10.047826611368691,1,0.0015252778507641057,0.03392965014965051,0.3314783417166859,0.1960056905486377,-0.1354726511680482,chr2,70297271,70297272,-,0.2637420161326618,2,TUTR,NA,TRUE,proximal pA,SDMAi
FAM13B,PAS16807_None_0.15,0.03930122558646811,0.03551525519848051,8.634034010673531,1,0.00329940144701046,0.05871587881210452,0.5862799650742715,0.4065480599018916,-0.17973190517237986,chr5,137981076,137981077,-,0.49641401248808154,2,iAPA,0.376409237298155,TRUE,proximal pA,SDMAi
FBXL5,PAS13656_ATTAAA_0.2,5.470648728476472e-4,1.2231269092293274e-4,20.592615777626637,1,5.681483452160766e-6,4.163238294356461e-4,0.4543378663622965,0.6442300440621556,0.18989217769985903,chr4,15667565,15667566,-,0.5492839552122261,2,iAPA,-0.38305644205274714,TRUE,proximal pA,SDMAi
FEM1C,PAS16612_AATAAA_0.35,3.9534936835174166e-4,1.4537623231961543e-4,18.93771798715636,1,1.3505592134863484e-5,8.32288080678513e-4,0.4000068648895933,0.7199989890871775,0.3199921241975842,chr5,115522745,115522746,-,0.5600029269883854,2,TUTR,NA,TRUE,proximal pA,SDMAi
FEZ1,PAS31963_AATAAA_0.4,0.009617455404875328,0.020791433646151308,9.61347852515064,1,0.001931544230054372,0.04019824746079744,0.14204663976572895,0.0309724245489752,-0.11107421521675376,chr11,125489122,125489123,-,0.08650953215735208,2,ALE,NA,TRUE,proximal pA,SDMAi
FLOT1,PAS18871_None_0.2,2.7726102197170917e-5,0,25.206225685211397,1,5.151563247852965e-7,4.856392596894904e-5,0.10317927469736787,0.2170811464671375,0.11390187176976962,chr6,30740834,30740835,-,0.16013021058225269,2,iAPA,-0.22780374353953925,TRUE,proximal pA,SDMAi
GFM2,PAS16343_AATAAA_0.35,0.01478319688922055,0,10.985704219913032,1,9.181738661670378e-4,0.02373834950197688,0.68102705606209,0.3630491275795079,-0.31797792848258216,chr5,74731944,74731945,-,0.522038091820799,2,iAPA,0.6359558569651643,TRUE,proximal pA,SDMAi
GGA3,PAS44863_ATTAAA_0.3,0.017145154153857554,0.007741261187019775,12.731306209357172,1,3.595853136827765e-4,0.011656445856185173,0.22274072342229512,0.3790274484317908,0.1562867250094957,chr17,75258825,75258826,-,0.30088408592704297,2,iAPA,-0.3069360336761766,TRUE,proximal pA,SDMAi
GOLGA3,PAS35291_APA_0.35,0.003714361865735117,0,14.29526889180488,1,1.5625711617465874e-4,0.006055831346857885,0.22447547729078451,0.3879270609594701,0.16345158366868556,chr12,132771056,132771057,-,0.3062012691251273,2,TUTR,NA,TRUE,proximal pA,SDMAi
GON4L,PAS4245_APA_0.15,0.020569051464150896,0.012685700075644813,10.52372995675563,1,0.001178513766887248,0.028425171591776644,0.37951099766640994,0.6817768931003737,0.30226589543396376,chr1,155856395,155856396,-,0.5306439453833918,2,iAPA,NA,TRUE,proximal pA,SDMAi
GPN2,PAS2982_APA_0.25,0.009443346105092728,0,12.07938244213392,1,5.098248203978927e-4,0.015095661914667654,0.5147260666110409,0.3286968877626374,-0.18602917884840356,chr1,26879381,26879382,-,0.42171147718683916,2,TUTR,NA,TRUE,proximal pA,SDMAi
H1-2,PAS18760_APA_0.35,4.174597267390561e-4,0,19.283285829309197,1,1.1268851519336482e-5,7.251984151189234e-4,0.3662895708678968,0.10551397586217826,-0.2607755950057185,chr6,26055960,26055961,-,0.23590177336503754,2,TUTR,NA,TRUE,proximal pA,SDMAi
HIBADH,PAS21498_None_0.25,5.074605495074536e-11,1.0282107672829289e-7,35.0679038847984,1,3.1840590514750355e-9,5.700050735536297e-7,0.12386600812406456,0.33877894621437554,0.21491293809031095,chr7,27541068,27541069,-,0.23132247716922005,2,iAPA,-0.4914176141332841,TRUE,proximal pA,SDMAi
HMGN3,PAS19295_AATAAA_0.25,2.087236186377436e-4,0,20.84661527799608,1,4.975707648507122e-6,3.708390657690779e-4,0.35609955279317457,0.15197526964216657,-0.204124283151008,chr6,79201477,79201478,-,0.25403741121767054,2,ALE,NA,TRUE,proximal pA,SDMAi
HNRNPUL2-BSCL2,PAS31296_APA_0.15,0.018791924165790737,0,10.422178873015582,1,0.0012451090858315334,0.029423716066262796,0.1279805573417766,0.020857268880123736,-0.10712328846165288,chr11,62696472,62696473,-,0.07441891311095017,2,iAPA,0.21424657692330576,TRUE,proximal pA,SDMAi
HPS1,PAS28971_AATAAA_0.3,1.6779340995584864e-13,1.2589272660886635e-6,30.199291508010447,1,3.89851855697921e-8,5.3535561916312935e-6,0.2088934918231121,0.43973018790374985,0.23083669608063773,chr10,98442358,98442359,-,0.324311839863431,2,ALE,NA,TRUE,proximal pA,SDMAi
IP6K2,PAS11194_AATAAA_0.3,1.283961156338082e-6,5.2261861343044446e-8,35.596214236358264,1,2.427588651342117e-9,4.5523812988609163e-7,0.2564434526600849,0.05897523429692442,-0.19746821836316047,chr3,48693770,48693771,-,0.15770934347850465,2,ALE,NA,TRUE,proximal pA,SDMAi
JPT1,PAS44853_ATTAAA_0.1,1.1887378517770428e-10,0,51.30237626174312,1,7.917973421126669e-13,2.7076364012637075e-10,0.7602331069717222,0.5764930409502682,-0.183740066021454,chr17,75135988,75135989,-,0.6683630739609951,2,TUTR,NA,TRUE,proximal pA,SDMAi
KCNG1,PAS49938_AATAAA_0.2,0.006473658701338908,0.011483768404796306,10.707791225361802,1,0.0010668531559232326,0.02654196724579341,0.1734213259320159,0.02252652794711084,-0.15089479798490507,chr20,51006314,51006315,-,0.09797392693956336,2,MIXED,NA,TRUE,proximal pA,SDMAi
KIF16B,PAS49535_AATAAA_0.1,6.634643183045604e-5,0,23.286802915020782,1,1.395542825531065e-6,1.2169133438630888e-4,0.21544320817860385,0.8113190025470783,0.5958757943684745,chr20,16366928,16366929,-,0.5133811053628411,2,ALE,NA,TRUE,proximal pA,SDMAi
LRP8,PAS3413_AATAAA_0.25,0.014135020938324395,0.01481968089591362,10.236665235357576,1,0.001376762642389872,0.03151015811453985,0.4553168544154422,0.3039736126606296,-0.15134324175481262,chr1,53245545,53245546,-,0.3796452335380359,2,MIXED,NA,TRUE,proximal pA,SDMAi
MAP4,PAS11166_AATAAA_0.3,2.69446624279067e-13,1.1552060086765289e-12,56.59088964360672,1,5.365987595079406e-14,2.282507894102069e-11,0.521299648987787,0.31382487638501694,-0.20747477260277009,chr3,47851559,47851560,-,0.41756226268640195,2,TUTR,NA,TRUE,proximal pA,SDMAi
MCFD2,PAS7654_ATTAAA_0.15,2.970705030183671e-4,0,20.03531613143423,1,7.602505423432358e-6,5.208629932382693e-4,0.3652918942219727,0.223319378339228,-0.14197251588274468,chr2,46905236,46905237,-,0.29430563628060036,2,TUTR,NA,TRUE,proximal pA,SDMAi
MFSD12,PAS47530_AATAAA_0.05,4.180675838865862e-6,0,29.51633116646917,1,5.5447521217541054e-8,7.216453507715791e-6,0.3661199074249211,0.16801677293774897,-0.19810313448717212,chr19,3544199,3544200,-,0.2670683401813351,2,ALE,NA,TRUE,proximal pA,SDMAi
MINDY3,PAS28267_ATTAAA_0.35,0.009421614591317745,0,12.08974117406865,1,5.07000119112103e-4,0.015063172193041015,0.3051463919923547,0.1276472305921542,-0.1774991614002005,chr10,15778852,15778853,-,0.21639681129225447,2,TUTR,NA,TRUE,proximal pA,SDMAi
MRPS16,PAS28724_AATAAA_0.05,9.416817417974237e-8,1.6281415130750839e-7,32.0371031253726,1,1.512559162015415e-8,2.2938288509172903e-6,0.5076726718791886,0.3206958964538028,-0.18697677542538585,chr10,73250741,73250742,-,0.4141842841664957,2,MIXED,NA,TRUE,proximal pA,SDMAi
MRPS25,PAS10905_AATAAA_0.1,2.646633463510364e-11,2.3180190846371865e-7,33.4859115286356,1,7.178206922919713e-9,1.1591474882937018e-6,0.6660585588767479,0.3030439678183193,-0.3630145910584286,chr3,15052208,15052209,-,0.4845512633475336,2,ALE,NA,TRUE,proximal pA,SDMAi
NEK9,PAS37894_None_0.2,0.006703108989294848,9.112401585856676e-4,15.45138040196889,1,8.46550892288175e-5,0.003659423480059017,0.33646783978220585,0.5078393298997346,0.17137149011752872,chr14,75124938,75124939,-,0.4221535848409702,2,iAPA,-0.32073427786039926,TRUE,proximal pA,SDMAi
NRBP2,PAS24687_AATAAA_0.35,0.008085392123645826,0,12.424417245721315,1,4.237567475845928e-4,0.01292544658878985,0.5083375224067586,0.271581280667183,-0.23675624173957557,chr8,143833959,143833960,-,0.3899594015369708,2,MIXED,NA,TRUE,proximal pA,SDMAi
NRDC,PAS3377_ATTAAA_0.35,2.4157947630129613e-4,0,20.524922854801844,1,5.885985487440534e-6,4.241801111614069e-4,0.4423100449016013,0.5661288635759547,0.1238188186743534,chr1,51815174,51815175,-,0.504219454238778,2,iAPA,-0.24763763734870686,TRUE,proximal pA,SDMAi
NUDCD1,PAS24398_None_0.15,7.382600502164315e-4,6.107093842075737e-5,23.68487235892917,1,1.134709811148165e-6,1.0200690261043295e-4,0.19275938319539165,0.31955990456341854,0.12680052136802689,chr8,109266391,109266392,-,0.2561596438794051,2,iAPA,-0.23611606519804829,TRUE,proximal pA,SDMAi
ODF2L,PAS3648_None_0.25,0.012429274721675713,0.002648226825061083,15.511436132987455,1,8.200760837174257e-5,0.0035828927490253243,0.25320833192542574,0.4575865644170108,0.20437823249158504,chr1,86386420,86386421,-,0.35539744817121827,2,iAPA,-0.3810714007941347,TRUE,proximal pA,SDMAi
OSBPL5,PAS30815_AATAAA_0.15,0.013307257388000966,0,11.246493741882205,1,7.977356751440645e-4,0.02143684156319335,0.8736862521793797,0.6303068553517661,-0.2433793968276136,chr11,3087388,3087389,-,0.7519965537655728,2,ALE,NA,TRUE,proximal pA,SDMAi
PBK,PAS23741_AATAAA_0.15,1.7351762415061892e-4,0,21.268969965778524,1,3.9914061756179805e-6,3.0265271175120684e-4,0.486827430751712,0.23890713580435383,-0.24792029494735807,chr8,27809895,27809896,-,0.3628672832780329,2,TUTR,NA,TRUE,proximal pA,SDMAi
PDLIM7,PAS17163_AATAAA_0,0.03195643138392404,0,9.105319146184229,1,0.0025486724416626536,0.04873777125284724,0.2235993626886823,0.11979744985801954,-0.10380191283066276,chr5,177490245,177490246,-,0.17169840627335092,2,ALE,NA,TRUE,proximal pA,SDMAi
PHF19,PAS26448_AATAAA_0.35,0.003366259319583164,0,14.540379792500971,1,1.371873474609839e-4,0.005449993940135672,0.5410267956751199,0.6718530586849113,0.1308262630097914,chr9,120869579,120869580,-,0.6064399271800156,2,ALE,NA,TRUE,proximal pA,SDMAi
PHLDA1,PAS34590_ATTAAA_0.15,0.005698012208231526,0.003920681239818607,15.735425789591318,1,7.284701339540268e-5,0.003249237630731004,0.5144656154940899,0.40735855126781056,-0.1071070642262793,chr12,76029568,76029569,-,0.46091208338095024,2,TUTR,NA,TRUE,proximal pA,SDMAi
PHLPP2,PAS41833_AATAAA_0.15,0.048074304961732046,0,8.107946516014636,1,0.004407162406750234,0.07083955057486091,0.7185185185185183,0.9111107279235794,0.19259220940506103,chr16,71644950,71644951,-,0.8148146232210489,2,ALE,NA,TRUE,proximal pA,SDMAi
POLR1A,PAS8008_APA_0.1,0.0013346245133450832,0.002105786184048396,16.48999819497294,1,4.8907391654060025e-5,0.0023959126697944014,0.5534980767323284,0.35549541573185905,-0.19800266100046937,chr2,86026329,86026330,-,0.45449674623209374,2,TUTR,NA,TRUE,proximal pA,SDMAi
PRPSAP1,PAS44921_AATAAA_0.3,0.019568830607990632,0.02540416679204303,10.521344825690903,1,0.001180035793144856,0.028425171591776644,0.19134212063480605,0.07262909517430893,-0.11871302546049713,chr17,76312792,76312793,-,0.1319856079045575,2,ALE,NA,TRUE,proximal pA,SDMAi
PRTFDC1,PAS28353_APA_0.2,5.917543098018256e-6,4.57099334496245e-5,22.480164280152167,1,2.12324844244531e-6,1.738471964143014e-4,0.08461642799854219,0.26739401434642274,0.18277758634788052,chr10,24908302,24908303,-,0.17600522117248246,2,ALE,NA,TRUE,proximal pA,SDMAi
QSOX2,PAS26705_APA_0.2,0.01798634609716345,0,10.527723682898111,1,0.001175969692242238,0.028425171591776644,0.2306775192004075,0.3973880021602281,0.16671048295982066,chr9,136207487,136207488,-,0.3140327606803178,2,TUTR,NA,TRUE,proximal pA,SDMAi
RAPGEF3,PAS34148_ATTAAA_0.3,0.007640130009759038,0,12.571114290062155,1,3.917549272369617e-4,0.01231511084878852,0.4374033425982622,0.10382476963453424,-0.33357857296372795,chr12,47745371,47745372,-,0.2706140561163982,2,ALE,NA,TRUE,proximal pA,SDMAi
RHOA,PAS11226_AATAAA_0.2,1.6322800814945896e-11,1.194431853012002e-12,56.52522886653605,1,5.5481935328340146e-14,2.3038213145863143e-11,0.3157474685950703,0.20867738392879331,-0.10707008466627696,chr3,49359496,49359497,-,0.2622124262619318,2,TUTR,NA,TRUE,proximal pA,SDMAi
RTL10,PAS51280_ATTAAA_0.1,0.02262995630084135,0,9.933871505503475,1,0.001622648848015519,0.03536584470758599,0.6042892444638017,0.2085867179978265,-0.39570252646597526,chr22,19850234,19850235,-,0.4064379812308141,2,MIXED,NA,TRUE,proximal pA,SDMAi
SFMBT1,PAS11333_None_0.1,3.5943176106242405e-9,0,44.2875525667705,1,2.8351322082075534e-11,7.974952534054798e-9,0.6496150307487338,0.9244417400287946,0.2748267092800608,chr3,53040967,53040968,-,0.7870283853887643,2,iAPA,-0.5496534185601216,TRUE,proximal pA,SDMAi
SFT2D1,PAS19855_AATAAA_0.2,0.01935198037550735,0,10.324517023533758,1,0.0013127460833166247,0.03012406801716044,0.1314305832492051,0.31020884789448744,0.17877826464528235,chr6,166331782,166331783,-,0.22081971557184626,2,iAPA,-0.3575565292905648,TRUE,proximal pA,SDMAi
SH3PXD2A,PAS29076_AATAAA_0.05,0.021187206211033795,0,10.118325486543768,1,0.0014680231439593322,0.033078365718331275,0.6039416413255164,0.3851297366341784,-0.21881190469133804,chr10,103600292,103600293,-,0.4945356889798474,2,TUTR,NA,TRUE,proximal pA,SDMAi
SRSF2,PAS44942_ATTAAA_0.15,2.246613485492647e-5,0,25.705290310223063,1,3.97735253347515e-7,3.963715896217521e-5,0.22341805597422937,0.1224392719450732,-0.10097878402915617,chr17,76734838,76734839,-,0.17292866395965129,2,MIXED,NA,TRUE,proximal pA,SDMAi
SSH1,PAS34843_ATTAAA_0.25,0.03031224604294558,0,9.230360200339646,1,0.0023803481555196527,0.04659980983693857,0.23020447907335292,0.0545064302403494,-0.17569804883300355,chr12,108791925,108791926,-,0.14235545465685118,2,ALE,NA,TRUE,proximal pA,SDMAi
SSR3,PAS12023_ATTAAA_0.4,2.6066005381099983e-22,5.463242658011797e-26,119.06197226153743,1,1.0150810197182304e-27,3.540602596777188e-24,0.46487220449880784,0.2849614597486617,-0.17991074475014612,chr3,156543006,156543007,-,0.3749168321237348,2,TUTR,NA,TRUE,proximal pA,SDMAi
ST7L,PAS3880_AATAAA_0.3,1.5463760692499477e-5,4.931601466980591e-4,16.61385736640966,1,4.581505306747964e-5,0.0022763946595351706,0.4426079452669496,0.08538623900118016,-0.3572217062657695,chr1,112606680,112606681,-,0.26399709213406486,2,iAPA,0.8858071518070012,TRUE,proximal pA,SDMAi
STAT2,PAS34379_APA_0.25,4.984126597851435e-4,0,18.866758143909465,1,1.401741847897074e-5,8.517901681994763e-4,0.094736933678782,0.2530696453783339,0.15833271169955188,chr12,56353301,56353302,-,0.17390328952855794,2,iAPA,-0.31666542339910375,TRUE,proximal pA,SDMAi
TFDP2,PAS11925_AATAAA_0.25,3.805831016314488e-5,4.296362614062887e-6,27.03729000702606,1,1.9956811441308767e-7,2.122236533758688e-5,0.4910328601353524,0.269000054458696,-0.22203280567665645,chr3,141952496,141952497,-,0.3800164572970242,2,TUTR,NA,TRUE,proximal pA,SDMAi
TIAM1,PAS50447_ATTAAA_0.4,0.001792582527370538,0,16.062941064314145,1,6.127144484433281e-5,0.0028495306615631787,0.4303806277349527,0.7036782851441217,0.2732976574091689,chr21,31507172,31507173,-,0.5670294564395372,2,iAPA,-0.5465953148183378,TRUE,proximal pA,SDMAi
TMEM242,PAS19806_AATAAA_0.4,0.04594515448345956,0,8.233856647309153,1,0.004111606589545902,0.06764505655155979,0.8671987704606113,0.7177403085457144,-0.14945846191489698,chr6,157292561,157292562,-,0.7924695395031629,2,TUTR,NA,TRUE,proximal pA,SDMAi
TMEM9B,PAS30902_AATAAA_0.3,0.001913586140473176,0,15.910374353439463,1,6.641368200064659e-5,0.003008453543094225,0.1944737013185983,0.055849724103190224,-0.1386239772154081,chr11,8948057,8948058,-,0.12516171271089427,2,TUTR,NA,TRUE,proximal pA,SDMAi
TNRC18,PAS21276_ATTAAA_0.15,9.880762428614588e-5,0,22.427513401243687,1,2.182254278712424e-6,1.7701634707323105e-4,0.2536031318018158,0.09275714024315018,-0.16084599155866564,chr7,5351290,5351291,-,0.173180136022483,2,iAPA,0.32169198311733127,TRUE,proximal pA,SDMAi
TP53I3,PAS7393_AATAAA_0.2,1.753703041802104e-5,0,26.24791258206028,1,3.002792189864364e-7,3.117184273287769e-5,0.267066901835076,0.05866756556213648,-0.2083993362729395,chr2,24080751,24080752,-,0.16286723369860623,2,ALE,NA,TRUE,proximal pA,SDMAi
ZDHHC6,PAS29127_APA_0.15,0.019557036506938064,0.008550298496762133,11.25443265242643,1,7.943309734064733e-4,0.02143684156319335,0.15091740632073736,0.05078613366051488,-0.10013127266022248,chr10,112445126,112445127,-,0.10085176999062612,2,iAPA,0.23198243429068388,TRUE,proximal pA,SDMAi
ZFTRAF1,PAS24725_AATAAA_0.15,5.28963975308129e-4,3.712269875116641e-4,17.15294965492012,1,3.448734502737633e-5,0.0017742162161576494,0.3142368051174078,0.16733904116711396,-0.14689776395029386,chr8,144451126,144451127,-,0.24078792314226088,2,ALE,NA,TRUE,proximal pA,SDMAi
ZNF219,PAS37298_None_0.15,0.03179669211883308,0,9.122544415499988,1,0.002524785544229865,0.04854714431242432,0.1463246656429753,0.03953538918733168,-0.10678927645564362,chr14,21091766,21091767,-,0.0929300274151535,2,iAPA,0.21357855291128724,TRUE,proximal pA,SDMAi
ZNF280D,PAS39507_AATAAA_0.25,0.004152233529087431,0.0011204231152645355,16.37215569894761,1,5.204419378529396e-5,0.0025073224851257644,0.3491123650306431,0.06818169459104784,-0.28093067043959524,chr15,56700977,56700978,-,0.20864702981084546,2,iAPA,0.5750394542878359,TRUE,proximal pA,SDMAi
