gene_name,ensembl_ID,feature_id,twostep_gene_padj,twostep_feature_padj,lr,df,pvalue,adj_pvalue,pA_usage_control,pA_usage_treatment,change_in_usage,chr,start,end,strand,mean_usage,sig_PAS_count,UTR_type,pA_type,condition,prox_to_dist_shift,log2FoldChange,padj,APA_and_gene_class
AARD,ENSG00000205002,PAS23323_APA_0.15,0.02540918343055604,0,6.087772048275951,1,0.013612062552083588,0.032011426830984666,0.392052584344224,0.15298929239295345,-0.23906329195127057,chr8,116943256,116943257,+,0.2725209383685887,2,TUTR,proximal pA,DMAi_96hrs,0.478126583902541,-1.1835737154912098,9.444349781192146e-6,3' UTR lengthening + gene downregulated
ABI2,ENSG00000138443,PAS6851_AATAAA_0.4,2.167557376937397e-21,0,95.99219647457356,1,1.1533719808739755e-22,4.026955644395426e-21,0.521946690106545,0.12007154989746088,-0.40187514020908416,chr2,203427596,203427597,+,0.321009120002003,2,TUTR,proximal pA,DMAi_96hrs,0.8037502804181684,-0.6415799986918085,2.607601870861484e-8,3' UTR lengthening + gene downregulated
ADD2,ENSG00000075340,PAS7865_None_0.1,0.02171187695443911,0,6.406101021728091,1,0.011372887928515724,0.0274696324247541,0.4464693194950869,0.14676497339423145,-0.2997043461008554,chr2,70661202,70661203,-,0.2966171464446592,2,TUTR,proximal pA,DMAi_96hrs,0.5994086922017108,-0.6526254883860291,0.02304603685438898,3' UTR lengthening + gene downregulated
AGA,ENSG00000038002,PAS14465_AATAAA_0.3,0.1056264066371744,1,3.317392544862571,1,0.06855047097412581,0.12682316280755965,0.6064386211883998,0.3688178375666655,-0.23762078362173428,chr4,177431563,177431564,-,0.4876282293775326,0,TUTR,proximal pA,DMAi_96hrs,0.47524156724346867,-2.245244376741733,4.658555596349922e-9,3' UTR lengthening + gene downregulated
AKAP12,ENSG00000131016,PAS18438_AATAAA_0.2,2.7093885660025034e-18,1.1870279839347993e-18,78.7778998510912,1,6.950023152691846e-19,1.8183413128154728e-17,0.5542888358298125,0.34715822001766394,-0.20713061581214853,chr6,151356772,151356773,+,0.4507235279237382,2,TUTR,proximal pA,DMAi_96hrs,0.4243697746840514,-0.9193840691122362,1.7715776406756785e-45,3' UTR lengthening + gene downregulated
ALG10B,ENSG00000175548,PAS32467_AATAAA_0.2,0.014695863539236966,0.25228731891924416,3.1951534282416105,1,0.07385683957538479,0.1346431522218942,0.17037048109539688,0.05882511551989939,-0.11154536557549748,chr12,38321455,38321456,+,0.11459779830764812,1,TUTR,proximal pA,DMAi_96hrs,0.35707702016142395,-2.023736392742736,1.2835887140411346e-14,3' UTR lengthening + gene downregulated
ANKRD9,ENSG00000156381,PAS38120_None_0.2,1.6215066214277984e-5,0,21.123878211585748,1,4.305298965984343e-6,2.465649220295613e-5,0.9313573093388716,0.6824290235910807,-0.2489282857477908,chr14,102506845,102506846,-,0.8068931664649761,2,TUTR,proximal pA,DMAi_96hrs,0.4978565714955813,-1.2014695582737016,5.1540115069900935e-8,3' UTR lengthening + gene downregulated
APEX2,ENSG00000169188,PAS52008_AATAAA_0.2,1.728007604460604e-4,0,16.267018477583633,1,5.5013229110262734e-5,2.518492624675937e-4,0.8293931793477057,0.5,-0.32939317934770573,chrX,55007769,55007770,+,0.6646965896738528,2,TUTR,proximal pA,DMAi_96hrs,0.6587863586954116,-1.1791764277284704,1.8757850445802678e-7,3' UTR lengthening + gene downregulated
ATAD2,ENSG00000156802,PAS24496_AATAAA_0.15,3.1590699646584497e-19,5.331183662003571e-6,21.740450998526285,1,3.121396494744515e-6,1.833243259357901e-5,0.42060990529836095,0.30763458064693994,-0.11297532465142102,chr8,123320501,123320502,-,0.3641222429726505,3,TUTR,proximal pA,DMAi_96hrs,0.3346809309138047,-1.1955928876599695,2.049451178373546e-94,3' UTR lengthening + gene downregulated
ATG4C,ENSG00000125703,PAS939_AATAAA_0.1,0.007751629940065716,0,8.493581155569245,1,0.0035640160023859145,0.010249934468288792,0.587682611695657,0.4038649624974383,-0.1838176491982188,chr1,62864368,62864369,+,0.4957737870965477,2,TUTR,proximal pA,DMAi_96hrs,0.3676352983964377,-0.8467422576854894,3.113007389968733e-6,3' UTR lengthening + gene downregulated
ATPAF1,ENSG00000123472,PAS3343_AATAAA_0.25,3.592934139883277e-10,0,43.17090422045203,1,5.016109351131081e-11,6.007604268882862e-10,0.929471693486667,0.7388127178200201,-0.1906589756666469,chr1,46635046,46635047,-,0.8341422056533436,2,TUTR,proximal pA,DMAi_96hrs,0.3813179513332938,-1.1039996077316556,4.5893964274556267e-14,3' UTR lengthening + gene downregulated
BBIP1,ENSG00000214413,PAS29121_ATTAAA_0.25,0.039147444818002745,0,5.232216976029235,1,0.022172254099662447,0.04868882291990312,0.4681208145831629,0.28630244678189565,-0.1818183678012672,chr10,110899892,110899893,-,0.3772116306825293,2,TUTR,proximal pA,DMAi_96hrs,0.3636367356025345,-1.906770784500268,2.237396364909288e-24,3' UTR lengthening + gene downregulated
BIRC5,ENSG00000089685,PAS43453_AATAAA_0.25,4.4402274099224855e-11,3.0375684069440643e-6,24.93542578647612,1,5.928299091474527e-7,3.984228432996486e-6,0.7624838290586279,0.6207876276571467,-0.1416962014014812,chr17,78224695,78224696,+,0.6916357283578873,2,TUTR,proximal pA,DMAi_96hrs,0.2964210626764056,-2.5083669507436723,1.229643050935876e-41,3' UTR lengthening + gene downregulated
BORA,ENSG00000136122,PAS35599_AATAAA_0.25,1.1372303928570556e-5,0,21.855657631364693,1,2.939486206645312e-6,1.7347447212090004e-5,0.5878037923754295,0.2804395345811066,-0.30736425779432286,chr13,72755447,72755448,+,0.434121663478268,2,TUTR,proximal pA,DMAi_96hrs,0.6147285155886459,-1.0593712878702548,2.321849072993601e-6,3' UTR lengthening + gene downregulated
C14orf119,ENSG00000179933,PAS36397_AATAAA_0.15,1.9962879514868755e-9,5.076811025006426e-11,44.1949562483378,1,2.97246186637281e-11,3.6872786130415917e-10,0.9854850050429856,0.8250808477857955,-0.16040415725719015,chr14,23098487,23098488,+,0.9052829264143906,1,TUTR,proximal pA,DMAi_96hrs,0.25644604885082767,-0.6388440226670067,3.390436195524909e-5,3' UTR lengthening + gene downregulated
C17orf75,ENSG00000108666,PAS44101_AATAAA_0.25,8.142074325099491e-4,0,13.081509125650882,1,2.982250907570298e-4,0.0011500264211623135,0.8830247144479418,0.7089519116262398,-0.174072802821702,chr17,32331596,32331597,-,0.7959883130370908,2,TUTR,proximal pA,DMAi_96hrs,0.3481456056434039,-1.3018451449070538,2.5701101190999717e-11,3' UTR lengthening + gene downregulated
C19orf25,ENSG00000119559,PAS47458_APA_0.1,0.14060455850962336,1,2.7913188411305327,1,0.09477619681643414,0.16514601510228494,0.6715138400925923,0.5477141919068604,-0.12379964818573186,chr19,1474171,1474172,-,0.6096140159997263,0,TUTR,proximal pA,DMAi_96hrs,0.24759929637146372,-0.9477712955336962,3.5777663144071487e-6,3' UTR lengthening + gene downregulated
C2orf68,ENSG00000168887,PAS7994_AATAAA_0.15,5.800352030233346e-11,6.402255086078907e-12,49.611359851837165,1,1.874253247602105e-12,2.6201598437648782e-11,0.6163808225101354,0.14975372498948283,-0.46662709752065257,chr2,85608288,85608289,-,0.3830672737498091,2,TUTR,proximal pA,DMAi_96hrs,0.8107224474674466,-1.9088201061344447,4.545978344241225e-26,3' UTR lengthening + gene downregulated
C4orf46,ENSG00000205208,PAS14396_AATAAA_0.2,0.037395515344357776,0,5.320263698448912,1,0.021078821329566743,0.04656457943174983,0.3071060480267427,0.1423023680107539,-0.16480368001598877,chr4,158668216,158668217,-,0.2247042080187483,2,TUTR,proximal pA,DMAi_96hrs,0.32960736003197755,-1.0414498124580926,2.692499166240851e-5,3' UTR lengthening + gene downregulated
C9orf40,ENSG00000135045,PAS26095_AATAAA_0.2,0.020146605630688843,0.0047203077985349725,8.957234102203131,1,0.00276372999892578,0.00822541156539361,0.7668799251081554,0.5115602360608941,-0.2553196890472613,chr9,74947629,74947630,-,0.6392200805845247,1,TUTR,proximal pA,DMAi_96hrs,0.39822531297311,-2.0343534584058207,5.218138308595173e-15,3' UTR lengthening + gene downregulated
CALM3,ENSG00000160014,PAS47003_APA_0.2,3.785203748331002e-58,0,267.051251904355,1,4.984124704692697e-60,7.610854272728923e-58,0.24753512536071817,0.09940848611646232,-0.14812663924425584,chr19,46609302,46609303,+,0.17347180573859025,2,TUTR,proximal pA,DMAi_96hrs,0.2962532784885116,-0.9399298443232112,9.147986319577992e-52,3' UTR lengthening + gene downregulated
CARHSP1,ENSG00000153048,PAS41271_ATTAAA_0.15,8.254175036311854e-17,0,74.53069244656763,1,5.970281727202477e-18,1.4453360382576612e-16,0.7820444530810038,0.5631728408078096,-0.21887161227319413,chr16,8854913,8854914,-,0.6726086469444067,2,TUTR,proximal pA,DMAi_96hrs,0.43774322454638825,-0.8204001402872986,1.738524310524673e-17,3' UTR lengthening + gene downregulated
CBFB,ENSG00000067955,PAS40709_AATAAA_0.4,1.0289113455790734e-9,0.009448006182205655,7.696830732747912,1,0.005531787169451581,0.014958336801985451,0.24517902998949329,0.1472081218292269,-0.09797090816026637,chr16,67100387,67100388,+,0.1961935759093601,1,TUTR,proximal pA,DMAi_96hrs,0.36426557444776336,-0.612165400463289,2.2778950661209632e-4,3' UTR lengthening + gene downregulated
CBR4,ENSG00000145439,PAS14427_APA_0.25,3.1804622403207696e-4,0,15.006125637097512,1,1.0716276091124092e-4,4.589675852296163e-4,0.7431113002865221,0.5151785766221634,-0.22793272366435868,chr4,168989991,168989992,-,0.6291449384543427,2,TUTR,proximal pA,DMAi_96hrs,0.45586544732871737,-0.8947494218467019,1.432657051775474e-7,3' UTR lengthening + gene downregulated
CBX3,ENSG00000122565,PAS20193_AATAAA_0.35,4.8520401549888326e-17,3.3083388203907907e-19,83.47375514907617,1,6.45675072810757e-20,1.83762828518058e-18,0.3761923184523357,0.24426157879089,-0.13193073966144575,chr7,26212437,26212438,+,0.3102269486216128,2,TUTR,proximal pA,DMAi_96hrs,0.23627971468740905,-1.0036578361664434,2.0111094031716148e-87,3' UTR lengthening + gene downregulated
CCNB1,ENSG00000134057,PAS14905_AATAAA_0.2,3.4757183630982024e-14,0,62.0763606811297,1,3.303938631588659e-15,6.072899237067072e-14,0.8582787391588006,0.6996943290351122,-0.1585844101236884,chr5,69177695,69177696,+,0.7789865340969564,2,TUTR,proximal pA,DMAi_96hrs,0.3171688202473767,-2.421722451172087,1.7165790155233636e-199,3' UTR lengthening + gene downregulated
CCR10,ENSG00000184451,PAS44322_ATTAAA_0.4,0.005860169348815161,0,9.056056223009987,1,0.002618261088927697,0.007840958769236423,0.8244547177782485,0.5157380747820602,-0.3087166429961883,chr17,42679417,42679418,-,0.6700963962801544,2,TUTR,proximal pA,DMAi_96hrs,0.6174332859923766,-1.0000528441648382,0.00938948499884216,3' UTR lengthening + gene downregulated
CD302,ENSG00000241399,PAS8477_APA_0.3,0.04424068479923957,0,4.990972203949241,1,0.0254798893513658,0.054844961071976166,0.5325765193765313,0.29496122699882166,-0.2376152923777096,chr2,159771763,159771764,-,0.41376887318767647,2,TUTR,proximal pA,DMAi_96hrs,0.4752305847554192,-1.557052989483321,5.273813072651296e-8,3' UTR lengthening + gene downregulated
CDCA7,ENSG00000144354,PAS6574_AATAAA_0.3,6.403037847632364e-4,7.731217998169918e-5,16.63672027961934,1,4.5266114036903953e-5,2.1137052543959768e-4,0.24528003682522445,0.09752205057321482,-0.14775798625200964,chr2,173368511,173368512,+,0.17140104369921963,2,TUTR,proximal pA,DMAi_96hrs,0.2838927492681804,-1.5763292761061365,1.679555599590048e-31,3' UTR lengthening + gene downregulated
CDK1,ENSG00000170312,PAS27236_AATAAA_0.35,3.333708950289601e-4,1.1360931031708178e-4,15.907403628729298,1,6.65180052830533e-5,2.990015403057372e-4,0.41605099240579263,0.2985505330882348,-0.1175004593175578,chr10,60794232,60794233,+,0.3573007627470137,2,TUTR,proximal pA,DMAi_96hrs,0.2232339175739375,-2.250363774706007,2.7715607371098128e-98,3' UTR lengthening + gene downregulated
CDT1,ENSG00000167513,PAS41014_ATTAAA_0.05,3.1505639474049395e-6,0,24.496494878912927,1,7.444514377886852e-7,4.907693351399797e-6,0.7320096538073179,0.6175268211481911,-0.11448283265912672,chr16,88808508,88808509,+,0.6747682374777545,2,TUTR,proximal pA,DMAi_96hrs,0.2289656653182534,-1.3571704579893429,1.2908777801562042e-48,3' UTR lengthening + gene downregulated
CENPU,ENSG00000151725,PAS14487_AATAAA_0.4,4.53681181327295e-11,0,47.434467542595485,1,5.687381331574135e-12,7.526775243894069e-11,0.9307540139438084,0.6592190831410305,-0.271534930802778,chr4,184695003,184695004,-,0.7949865485424195,2,TUTR,proximal pA,DMAi_96hrs,0.5430698616055559,-1.798205562026608,7.135158397918574e-32,3' UTR lengthening + gene downregulated
CETN3,ENSG00000153140,PAS16463_AATAAA_0.3,9.033839775665244e-6,0,22.33271030707624,1,2.292679033975649e-6,1.3875775815002774e-5,0.9856421663624896,0.8551726868013013,-0.13046947956118815,chr5,90393713,90393714,-,0.9204074265818954,2,TUTR,proximal pA,DMAi_96hrs,0.2609389591223762,-0.6870780294435564,1.964170601752011e-13,3' UTR lengthening + gene downregulated
CHCHD7,ENSG00000170791,PAS22919_ATTAAA_0.4,6.669310344673504e-8,6.374504760998518e-9,34.75860245700642,1,3.73225873993528e-9,3.547097609150938e-8,0.6961708135393666,0.4463424432902101,-0.2498283702491565,chr8,56217464,56217465,+,0.5712566284147884,2,TUTR,proximal pA,DMAi_96hrs,0.4929268562164568,-1.640630391303718,7.67059548609462e-32,3' UTR lengthening + gene downregulated
CHDH,ENSG00000016391,PAS11350_AATAAA_0.3,3.371676656394745e-10,0,43.31559509872932,1,4.6585575735901415e-11,5.626049644576807e-10,0.11977635566886502,0.01371380936674904,-0.10606254630211598,chr3,53816372,53816373,-,0.06674508251780703,2,TUTR,proximal pA,DMAi_96hrs,0.21212509260423185,-1.600672117522015,1.4524887956378316e-7,3' UTR lengthening + gene downregulated
CHMP3,ENSG00000115561,PAS8018_AATAAA_0.4,0.051642416279152815,1,3.436463018658173,1,0.06377207968423249,0.11927504386589284,0.37483608131863777,0.27101044401468743,-0.10382563730395034,chr2,86505601,86505602,-,0.3229232626666626,0,TUTR,proximal pA,DMAi_96hrs,0.2596469298522301,-2.547954834662259,2.1238694737339596e-76,3' UTR lengthening + gene downregulated
CHURC1,ENSG00000258289,PAS36800_APA_0.3,1.235227512923064e-12,2.063789458161943e-12,51.83333781190959,1,6.041721303385345e-13,8.875908974936413e-12,0.7107036561959824,0.4655873392166088,-0.2451163169793736,chr14,64932315,64932316,+,0.5881454977062957,2,TUTR,proximal pA,DMAi_96hrs,0.39134020276529935,-0.984286585680514,1.1785414460334612e-25,3' UTR lengthening + gene downregulated
CISD3,ENSG00000277972,PAS42712_APA_0.2,2.1051171802605567e-10,6.405320303040445e-12,48.25087868841365,1,3.7503011731005204e-12,5.0688113131922866e-11,0.9227794359456784,0.7681156572720725,-0.1546637786736058,chr17,38733690,38733691,+,0.8454475466088754,2,TUTR,proximal pA,DMAi_96hrs,0.28709005844053115,-1.0261684728229796,8.063627345168377e-14,3' UTR lengthening + gene downregulated
CLPB,ENSG00000162129,PAS31542_AATAAA_0.2,9.616552983446574e-13,3.1982219941918774e-11,46.45749375843752,1,9.362760275204575e-12,1.2137958851471336e-10,0.6969788575874932,0.237725672044902,-0.4592531855425912,chr11,72293302,72293303,-,0.4673522648161976,3,TUTR,proximal pA,DMAi_96hrs,0.8569810463065354,-0.7042079357671204,4.377243172280865e-4,3' UTR lengthening + gene downregulated
CLSPN,ENSG00000092853,PAS3151_APA_0.35,0.00327580516316321,0.020591991597304668,6.302531687360329,1,0.0120565665088115,0.0288358934828969,0.1858031127534508,0.07248022599242532,-0.11332288676102542,chr1,35735267,35735268,-,0.12914166937293803,2,TUTR,proximal pA,DMAi_96hrs,0.340437083551918,-1.4240350286775294,1.0359426890613615e-42,3' UTR lengthening + gene downregulated
COA5,ENSG00000183513,PAS8096_AATAAA_0.45,1.6091212364407695e-21,0,96.60225499606486,1,8.475169571441282e-23,2.9909815103124217e-21,0.837645478263562,0.3412838954220052,-0.4963615828415568,chr2,98600478,98600479,-,0.5894646868427835,2,TUTR,proximal pA,DMAi_96hrs,0.9927231656831136,-2.0282631712114525,1.044313957719938e-29,3' UTR lengthening + gene downregulated
COCH,ENSG00000100473,PAS36468_AATAAA_0.35,0.1670360693721463,1,2.48535561721485,1,0.11491037284246387,0.19391049103295813,0.7565732546332121,0.6322251259400424,-0.12434812869316968,chr14,30890134,30890135,+,0.6943991902866273,0,TUTR,proximal pA,DMAi_96hrs,0.24869625738633935,-1.021557467536136,3.47851201528377e-4,3' UTR lengthening + gene downregulated
CPSF6,ENSG00000111605,PAS32937_AATAAA_0.25,0.003005549466123465,0.001243842157290204,13.46731364014704,1,2.4275563026479084e-4,9.51901768946949e-4,0.4186475956295251,0.3107449787757416,-0.1079026168537835,chr12,69269669,69269670,+,0.36469628720263336,2,TUTR,proximal pA,DMAi_96hrs,0.21756573531777945,-1.2644313393321425,7.074757726134717e-30,3' UTR lengthening + gene downregulated
CSTF2T,ENSG00000177613,PAS28578_AATAAA_0.3,0.003431512924896764,0,10.145538573440264,1,0.0014465089656363092,0.0046361269189243645,0.824864246063571,0.6500747398965748,-0.17478950616699618,chr10,51697256,51697257,-,0.7374694929800729,2,TUTR,proximal pA,DMAi_96hrs,0.34957901233399236,-1.0500547447168047,1.9812361137033344e-6,3' UTR lengthening + gene downregulated
CTPS1,ENSG00000171793,PAS709_None_0.15,4.039119110571111e-6,0.002937293000969634,9.826900921088054,1,0.0017197786942906629,0.00541819792349231,0.32813031287162203,0.2340602732741193,-0.09407003959750274,chr1,41011806,41011807,+,0.2810952930728707,1,TUTR,proximal pA,DMAi_96hrs,0.2677713721175887,-1.4714958192995438,3.781431813416182e-47,3' UTR lengthening + gene downregulated
CTPS2,ENSG00000047230,PAS52548_ATTAAA_0.25,3.183169752206772e-7,0,29.217017570577752,1,6.470837501328667e-8,5.102451358421675e-7,0.8231713713197748,0.3777953552392999,-0.4453760160804749,chrX,16589549,16589550,-,0.6004833632795373,2,TUTR,proximal pA,DMAi_96hrs,0.8907520321609497,-1.037230500415408,6.536060786563479e-5,3' UTR lengthening + gene downregulated
CYCS,ENSG00000172115,PAS21454_APA_0.3,3.6331929519269563e-88,2.2063454258648197e-89,404.2757547087968,1,6.459052356022007e-90,2.630159242717577e-87,0.2876009111205188,0.11130353148352667,-0.1762973796369921,chr7,25123669,25123670,-,0.19945222130202275,2,TUTR,proximal pA,DMAi_96hrs,0.30470221689466126,-0.7322778057108017,1.0453066616990346e-41,3' UTR lengthening + gene downregulated
DMAC2L,ENSG00000125375,PAS36588_APA_0.35,0.002770481900886329,0.01616378964512023,7.979143692646176,1,0.00473193192533011,0.0130771653716079,0.4178082293587884,0.1612910755970896,-0.2565171537616988,chr14,50325720,50325721,+,0.289549652477939,2,TUTR,proximal pA,DMAi_96hrs,0.6394157311007903,-1.7860233992450538,3.786453685527752e-11,3' UTR lengthening + gene downregulated
DPH3,ENSG00000154813,PAS10928_AATAAA_0.2,3.203217395891364e-15,8.619840870865673e-16,65.7779793990776,1,5.046898172227628e-16,1.0081734575238612e-14,0.8059694226682947,0.3396227335441411,-0.46634668912415367,chr3,16260389,16260390,-,0.5727960781062179,3,TUTR,proximal pA,DMAi_96hrs,0.7778066127529671,-0.9575976146185324,2.041733889635289e-7,3' UTR lengthening + gene downregulated
DR1,ENSG00000117505,PAS1149_AATAAA_0.35,2.1262904361840701e-10,5.864564486213691e-6,24.22208544689147,1,8.58422453203898e-7,5.603208787230212e-6,0.3214451211092952,0.12831600229347406,-0.1931291188158211,chr1,93362588,93362589,+,0.22488056170138465,2,TUTR,proximal pA,DMAi_96hrs,0.4192199238537957,-0.65989588143675,7.592058862418027e-7,3' UTR lengthening + gene downregulated
DSCC1,ENSG00000136982,PAS24464_APA_0.2,0.00832024925383212,0,8.346195864556876,1,0.003864956922583377,0.010987032830822478,0.299243261487004,0.17549236786320987,-0.1237508936237941,chr8,119834653,119834654,-,0.23736781467510693,2,TUTR,proximal pA,DMAi_96hrs,0.2475017872475881,-1.4421109954168598,2.718210355547515e-22,3' UTR lengthening + gene downregulated
DTD2,ENSG00000129480,PAS37419_ATTAAA_0.2,0.09062406820355252,1,3.6078795484924058,1,0.05750639825759339,0.10958824156918452,0.27175456716922475,0.1174788916934666,-0.15427567547575816,chr14,31446994,31446995,-,0.19461672943134567,0,TUTR,proximal pA,DMAi_96hrs,0.3085513509515163,-0.6337908902036132,0.03899901127664058,3' UTR lengthening + gene downregulated
DTL,ENSG00000143476,PAS2205_APA_0.35,4.097897187012572e-9,1.2668601466788966e-6,24.503515249172324,1,7.417438737589643e-7,4.893907128860039e-6,0.1889935449809452,0.030238179461728697,-0.15875536551921646,chr1,212103187,212103188,+,0.10961586222133692,3,TUTR,proximal pA,DMAi_96hrs,0.44500190409154283,-1.2716622014510088,2.211917605557325e-14,3' UTR lengthening + gene downregulated
EFCAB11,ENSG00000140025,PAS37975_ATTAAA_0.25,0.007995125001307304,0,8.43091417244375,1,0.003688948368207808,0.010548107496490492,0.8158481865785552,0.5774787031401406,-0.23836948343841452,chr14,89797126,89797127,-,0.6966634448593478,2,TUTR,proximal pA,DMAi_96hrs,0.47673896687682893,-0.9917362654922806,1.8232003728130416e-4,3' UTR lengthening + gene downregulated
EGFR,ENSG00000146648,PAS20413_AATAAA_0.3,2.0753298657134976e-14,6.105123981295815e-12,49.70459500686229,1,1.7872684382473139e-12,2.505172998041094e-11,0.1950491601329196,0.06772335665401866,-0.12732580347890096,chr7,55207336,55207337,+,0.13138625839346912,2,TUTR,proximal pA,DMAi_96hrs,0.30130924136563464,-2.0588962866368505,2.6614972685615757e-186,3' UTR lengthening + gene downregulated
EIF5,ENSG00000100664,PAS37187_AATAAA_0.1,1.1189846334615383e-28,2.9169000738125e-21,93.40134887177555,1,4.269596698951738e-22,1.4365564655943335e-20,0.3742023032452643,0.20918675417923369,-0.16501554906603064,chr14,103341354,103341355,+,0.291694528712249,2,TUTR,proximal pA,DMAi_96hrs,0.35942873921754825,-0.656583698531805,1.0876590120668086e-29,3' UTR lengthening + gene downregulated
EMC2,ENSG00000104412,PAS23299_AATAAA_0.35,1.9058963355471318e-18,1.1219766187898812e-18,81.05996293023418,1,2.1897162726021855e-19,5.99566967675781e-18,0.8529527220470291,0.5236742085303483,-0.3292785135166808,chr8,108486916,108486917,+,0.6883134652886886,3,TUTR,proximal pA,DMAi_96hrs,0.5024145803184943,-0.8969036302693589,1.3597426890908251e-14,3' UTR lengthening + gene downregulated
ENY2,ENSG00000120533,PAS23307_AATAAA_0.2,4.66828387454197e-147,9.638322257391863e-21,90.46679680998204,1,1.881072273177849e-21,6.059494679581629e-20,0.7756189423952934,0.6648141068685632,-0.11080483552673016,chr8,109343668,109343669,+,0.7202165246319283,2,TUTR,proximal pA,DMAi_96hrs,0.21663696350128125,-0.6718099206671571,3.0208319730909048e-34,3' UTR lengthening + gene downregulated
ESCO2,ENSG00000171320,PAS22705_APA_0.2,0.26722235067881045,1,2.542872934976174,1,0.11079302857978993,0.18792097478112185,0.18940715052075272,0.09608663531004652,-0.09332051521070618,chr8,27804532,27804533,+,0.1427468929153996,0,TUTR,proximal pA,DMAi_96hrs,0.21770990396535606,-1.8794645302349784,5.1389557565450174e-20,3' UTR lengthening + gene downregulated
EXOC2,ENSG00000112685,PAS18560_ATTAAA_0.2,3.093564942243461e-7,2.958497756738301e-6,22.871296053179776,1,1.7321940328954776e-6,1.0733114879599328e-5,0.5794675980714381,0.2918092944131198,-0.2876583036583183,chr6,486102,486103,-,0.435638446242279,2,TUTR,proximal pA,DMAi_96hrs,0.6338806336187794,-0.7622502137503506,3.355988500511276e-4,3' UTR lengthening + gene downregulated
FAHD2A,ENSG00000115042,PAS5987_AATAAA_0.05,1.5019139643249623e-9,0,40.244887163353496,1,2.24040917838518e-10,2.4811672358392643e-9,0.9542326910303808,0.5522658557788201,-0.40196683525156063,chr2,95413129,95413130,+,0.7532492734046005,2,TUTR,proximal pA,DMAi_96hrs,0.8039336705031213,-0.8015733485425849,3.772710550006995e-9,3' UTR lengthening + gene downregulated
FAM120AOS,ENSG00000188938,PAS26214_APA_0.3,3.3885821478258816e-10,0,43.30325600193464,1,4.688027610614113e-11,5.653042254048884e-10,0.8924192485625001,0.5656559474349483,-0.3267633011275518,chr9,93446496,93446497,-,0.7290375979987243,2,TUTR,proximal pA,DMAi_96hrs,0.6535266022551035,-0.734996838671186,3.3317470856416783e-5,3' UTR lengthening + gene downregulated
FANCI,ENSG00000140525,PAS38971_AATAAA_0.1,2.291037568415912e-6,1.260401043075302e-6,25.850123742595315,1,3.689810412899017e-7,2.570082419616197e-6,0.591534384923974,0.4009216589943642,-0.19061272592960976,chr15,89316480,89316481,+,0.4962280219591692,2,TUTR,proximal pA,DMAi_96hrs,0.37996301647529096,-1.991825175234036,5.2870844586319894e-74,3' UTR lengthening + gene downregulated
FBXL5,ENSG00000118564,PAS13655_AATAAA_0.2,0.0011930397773071884,0,12.29826513208991,1,4.533795212637453e-4,0.0016629767874278606,0.860658186748943,0.6753803777410315,-0.18527780900791144,chr4,15605007,15605008,-,0.7680192822449873,2,TUTR,proximal pA,DMAi_96hrs,0.3705556180158229,-0.684899393669815,5.578405891208663e-4,3' UTR lengthening + gene downregulated
FGF5,ENSG00000138675,PAS12989_APA_0.35,2.342188125539037e-7,4.327532659685221e-9,36.86361867174946,1,1.266880502645944e-9,1.2888743922178242e-8,0.6773380099529899,0.4390927009215771,-0.2382453090314128,chr4,80287208,80287209,+,0.5582153554372835,2,TUTR,proximal pA,DMAi_96hrs,0.35892514415369314,-0.6720313631666688,1.7895686930673003e-8,3' UTR lengthening + gene downregulated
FZD3,ENSG00000104290,PAS22712_APA_0.15,0.01199775090143009,0.026913608204414054,5.829694546126632,1,0.015757859349121214,0.03641597268966734,0.2265895585519128,0.07220909256616856,-0.1543804659857442,chr8,28563904,28563905,+,0.14939932555904067,2,TUTR,proximal pA,DMAi_96hrs,0.4203359710054103,-0.8085643563236875,3.81128874100661e-7,3' UTR lengthening + gene downregulated
GCA,ENSG00000115271,PAS6474_AATAAA_0.25,0.013988021648672027,0.010448300392790186,7.515374282766743,1,0.006117457264609839,0.01629782567006691,0.4189975570441524,0.1995569269108453,-0.21944063013330703,chr2,162360419,162360420,+,0.30927724197749884,2,TUTR,proximal pA,DMAi_96hrs,0.3442236790506493,-1.1567150238993729,2.1256190496205977e-6,3' UTR lengthening + gene downregulated
GDF11,ENSG00000135414,PAS32685_AATAAA_0.15,0.02269405163648713,0.05598953304269985,6.477110178486612,1,0.010927250135678431,0.02656293577295411,0.4685107331820213,0.1985223601931441,-0.2699883729888771,chr12,55750279,55750280,+,0.3335165466875827,1,TUTR,proximal pA,DMAi_96hrs,0.3118081502654607,-2.9140467015731453,5.639876174219774e-35,3' UTR lengthening + gene downregulated
GEMIN6,ENSG00000152147,PAS5504_APA_0.3,3.596650134777744e-12,1.4213443743766703e-10,42.180649330551205,1,8.321940546945657e-11,9.710561192214841e-10,0.8992830943118663,0.6593095542625858,-0.2399735400492805,chr2,38781961,38781962,+,0.779296324287226,2,TUTR,proximal pA,DMAi_96hrs,0.43611437853785806,-0.6215193239207494,1.935550458514946e-4,3' UTR lengthening + gene downregulated
GFER,ENSG00000127554,PAS40098_ATTAAA_0.15,0.00809520682969963,0.002233492388998109,10.33161832531914,1,0.001307704959359282,0.004240894927421842,0.8410041841004183,0.6935481582756573,-0.14745602582476103,chr16,1986110,1986111,+,0.7672761711880378,1,TUTR,proximal pA,DMAi_96hrs,0.2005673608424826,-0.7783158991910517,1.5152757636043555e-4,3' UTR lengthening + gene downregulated
GMPS,ENSG00000163655,PAS10358_AATAAA_0.45,2.102436899913969e-15,1.492207485272205e-14,60.161869829830266,1,8.736842527405443e-15,1.5382460773583797e-13,0.8412660812528353,0.3736885520613657,-0.4675775291914696,chr3,155937728,155937729,+,0.6074773166571005,2,TUTR,proximal pA,DMAi_96hrs,0.8673729664762602,-1.4693877809830214,2.5174767154775847e-55,3' UTR lengthening + gene downregulated
GOT1,ENSG00000120053,PAS28973_AATAAA_0.2,1.198260345029921e-9,0,40.70519742750457,1,1.7701573278851102e-10,1.989516526832515e-9,0.5905133590324507,0.285048192988301,-0.3054651660441497,chr10,99397285,99397286,-,0.4377807760103759,2,TUTR,proximal pA,DMAi_96hrs,0.6109303320882994,-1.0958518698703563,1.8262922607334882e-13,3' UTR lengthening + gene downregulated
GPR161,ENSG00000143147,PAS4399_None_0.2,1.528429934630629e-4,5.068286182494606e-5,17.43854521471667,1,2.96747058953418e-5,1.4407337337937114e-4,0.602299162180101,0.363774149202748,-0.238525012977353,chr1,168085256,168085257,-,0.4830366556914245,2,TUTR,proximal pA,DMAi_96hrs,0.42316259114695387,-1.2401137969014373,1.1882266851480418e-10,3' UTR lengthening + gene downregulated
GRK3,ENSG00000100077,PAS50806_AATAAA_0.3,2.257667044490395e-4,0,15.711108183333394,1,7.378955058832243e-5,3.2871019716497853e-4,0.6468417541900611,0.0640202407822207,-0.5828215134078404,chr22,25722668,25722669,+,0.3554309974861409,2,TUTR,proximal pA,DMAi_96hrs,1.1656430268156808,-1.1699302225590134,0.0014136599858843224,3' UTR lengthening + gene downregulated
GSTM3,ENSG00000134202,PAS3832_APA_0.15,4.842506059404643e-19,8.115473559585288e-18,74.98144299455817,1,4.751592203177101e-18,1.1645067249792522e-16,0.9428257066608344,0.7634647037435366,-0.17936100291729784,chr1,109736975,109736976,-,0.8531452052021855,2,TUTR,proximal pA,DMAi_96hrs,0.32384850379375196,-0.9406735249932304,1.992261094139767e-21,3' UTR lengthening + gene downregulated
GUF1,ENSG00000151806,PAS12788_APA_0.25,0.05367664248098487,1,4.611846776340258,1,0.031751821052539965,0.06620938420895316,0.16450410211192665,0.05702816829373467,-0.10747593381819198,chr4,44698955,44698956,+,0.11076613520283066,0,TUTR,proximal pA,DMAi_96hrs,0.21495186763638385,-1.1247111682804622,1.1978152130858203e-6,3' UTR lengthening + gene downregulated
HACD1,ENSG00000165996,PAS28296_AATAAA_0.15,2.7678901564826488e-15,3.963369885781771e-6,24.422709669917825,1,7.735148298008434e-7,5.092947351603315e-6,0.6515146989428873,0.4906165852938084,-0.16089811364907886,chr10,17590270,17590271,-,0.5710656421183479,2,TUTR,proximal pA,DMAi_96hrs,0.33677203928821703,-0.59125312903001,1.631327072904241e-6,3' UTR lengthening + gene downregulated
HCCS,ENSG00000004961,PAS51747_ATTAAA_0.3,2.722420076010473e-7,0,29.53902940270291,1,5.480196256904199e-8,4.386642981647962e-7,0.8438220644382929,0.6291308690271957,-0.2146911954110972,chrX,11121877,11121878,+,0.7364764667327444,2,TUTR,proximal pA,DMAi_96hrs,0.4293823908221945,-0.7271420466406086,3.1943970954629543e-6,3' UTR lengthening + gene downregulated
HES7,ENSG00000179111,PAS43813_AATAAA_0.15,0.008069901361246294,0.08960663085609043,3.76089502312243,1,0.0524644884124945,0.101435176586173,0.6197181995739083,0.4565224852409402,-0.1631957143329681,chr17,8121270,8121271,-,0.5381203424074242,1,TUTR,proximal pA,DMAi_96hrs,0.39130249138548756,-1.2298468919696055,8.450223766399893e-5,3' UTR lengthening + gene downregulated
HIRIP3,ENSG00000149929,PAS41495_AATAAA_0.25,0.002071065508147459,0,11.17109217560096,1,8.308170436721226e-4,0.0028466462719658795,0.9658602945783163,0.8393683480274426,-0.1264919465508738,chr16,29992995,29992996,-,0.9026143213028794,2,TUTR,proximal pA,DMAi_96hrs,0.2529838931017476,-0.7602283655310099,6.677331990481646e-4,3' UTR lengthening + gene downregulated
HMGB1,ENSG00000189403,PAS35931_APA_0.15,2.4376276100461388e-24,2.8092407588740037e-16,67.98815742097759,1,1.644804383713026e-16,3.446060477275273e-15,0.6405559091825193,0.4629381047563433,-0.17761780442617597,chr13,30460895,30460896,-,0.5517470069694312,2,TUTR,proximal pA,DMAi_96hrs,0.28451745262275413,-1.601723509880722,7.60490727145095e-229,3' UTR lengthening + gene downregulated
HMGN2,ENSG00000198830,PAS438_None_0.25,8.25905857324393e-7,0,27.25169441959224,1,1.7861852866737866e-7,1.3018085607006151e-6,0.7225189626492118,0.30379322091627564,-0.41872574173293614,chr1,26475282,26475283,+,0.5131560917827437,2,TUTR,proximal pA,DMAi_96hrs,0.8374514834658722,-1.7288419718580954,4.2328680248582664e-37,3' UTR lengthening + gene downregulated
HNRNPA0,ENSG00000177733,PAS16802_AATAAA_0.25,4.822207020877503e-22,5.1056154903836595e-23,100.84154539250449,1,9.96442272834618e-24,3.7677380321158496e-22,0.7953291119672755,0.6408541600263868,-0.15447495194088867,chr5,137752617,137752618,-,0.7180916359968312,2,TUTR,proximal pA,DMAi_96hrs,0.2854607235750011,-0.9770516177044554,3.0529747596114397e-50,3' UTR lengthening + gene downregulated
HNRNPU,ENSG00000153187,PAS5105_AATAAA_0.45,6.256386740657913e-66,2.9918198144182232e-37,167.57715076014574,1,2.502434322202008e-38,2.017317739639091e-36,0.17448029851093186,0.06800254967696917,-0.10647774883396267,chr1,244854414,244854415,-,0.12124142409395051,2,TUTR,proximal pA,DMAi_96hrs,0.27882840855184,-1.0187646970868234,4.730547024950019e-109,3' UTR lengthening + gene downregulated
HTATIP2,ENSG00000109854,PAS29591_AATAAA_0.45,0.00941632201825581,0.0041448117934915225,9.194994392451465,1,0.002426778333635188,0.007347886885883779,0.35753554555022776,0.21705083991246063,-0.1404847056377671,chr11,20383426,20383427,+,0.2872931927313442,2,TUTR,proximal pA,DMAi_96hrs,0.2980639758289196,-1.450165926925892,1.958249051355728e-17,3' UTR lengthening + gene downregulated
HUS1,ENSG00000136273,PAS21702_APA_0.05,7.907722542995514e-5,0,17.88060273975816,1,2.3520624951997028e-5,1.1680145242746136e-4,0.6128735387200204,0.340649454557056,-0.2722240841629644,chr7,47965163,47965164,-,0.4767614966385382,2,TUTR,proximal pA,DMAi_96hrs,0.5444481683259288,-1.0115799299095145,8.497120469667966e-7,3' UTR lengthening + gene downregulated
IBA57,ENSG00000181873,PAS2366_ATTAAA_0.1,0.002154286634371173,0,11.088865617337405,1,8.684759429688982e-4,0.002961620453143456,0.7316536280599929,0.3342427829094259,-0.397410845150567,chr1,228176380,228176381,+,0.5329482054847094,2,TUTR,proximal pA,DMAi_96hrs,0.794821690301134,-1.8708927983614272,1.9282803357139223e-11,3' UTR lengthening + gene downregulated
INSIG1,ENSG00000186480,PAS21163_ATTAAA_0.4,0.1257051438339024,1,2.994817184457361,1,0.08353134016668406,0.14885112356228788,0.32646621786898933,0.1919741617497556,-0.13449205611923376,chr7,155308591,155308592,+,0.25922018980937245,0,TUTR,proximal pA,DMAi_96hrs,0.2689841122384675,-0.9601773477868512,7.333174974635162e-5,3' UTR lengthening + gene downregulated
IPO5,ENSG00000065150,PAS35678_AATAAA_0.05,2.1067125928680885e-30,1.82145198576156e-10,43.84473912068279,1,3.554853983755426e-11,4.349355632975341e-10,0.3066418864114505,0.17938535560691757,-0.12725653080453295,chr13,98021880,98021881,+,0.24301362100918408,3,TUTR,proximal pA,DMAi_96hrs,0.2666819455142764,-0.9503725833988208,8.427356389542067e-36,3' UTR lengthening + gene downregulated
JMJD4,ENSG00000081692,PAS4954_AATAAA_0.1,0.1258735657873777,1,2.991769643592079,1,0.08368866585358481,0.14903113954034317,0.3997428038106887,0.26455736641767014,-0.13518543739301853,chr1,227732303,227732304,-,0.3321500851141794,0,TUTR,proximal pA,DMAi_96hrs,0.2703708747860371,-0.9135710572386652,1.07356710716944e-4,3' UTR lengthening + gene downregulated
JPT1,ENSG00000189159,PAS44853_ATTAAA_0.1,1.597048981588489e-80,0,371.2916005821862,1,9.794311936077282e-83,3.381379736043004e-80,0.7966511737961915,0.4619306788092661,-0.33472049498692547,chr17,75135988,75135989,-,0.6292909263027289,2,TUTR,proximal pA,DMAi_96hrs,0.6694409899738509,-0.6824974539224475,8.277688449236183e-31,3' UTR lengthening + gene downregulated
JPT2,ENSG00000206053,PAS40080_ATTAAA_0.1,8.344945245774848e-27,1.0337886146902608e-5,21.7997440879044,1,3.026404981317268e-6,1.7833891468756782e-5,0.5846882458718364,0.4615124559002502,-0.12317578997158624,chr16,1701425,1701426,+,0.5231003508860433,3,TUTR,proximal pA,DMAi_96hrs,0.36782023087116145,-0.7963022585915412,5.758515280868633e-17,3' UTR lengthening + gene downregulated
KCNJ8,ENSG00000121361,PAS33912_AATAAA_0.25,0.0031018334333831224,0,10.349314053035071,1,0.0012952280660688074,0.004203007134703459,0.5837860755218995,0.3670628917242544,-0.2167231837976452,chr12,21765550,21765551,-,0.475424483623077,2,TUTR,proximal pA,DMAi_96hrs,0.4334463675952904,-1.2957673796182885,2.815568018511162e-9,3' UTR lengthening + gene downregulated
KCNMB4,ENSG00000135643,PAS32967_ATTAAA_0.1,0.017009543368321545,0,6.900902820115334,1,0.008615223264474548,0.02179863556016249,0.9227176687442474,0.7817584059958124,-0.1409592627484351,chr12,70431017,70431018,+,0.8522380373700299,2,TUTR,proximal pA,DMAi_96hrs,0.2819185254968702,-0.5893700795028559,0.015305465532528423,3' UTR lengthening + gene downregulated
KIF11,ENSG00000138160,PAS27586_AATAAA_0.25,3.6161331952508344e-13,1.6006262382768195e-9,37.4514641309479,1,9.371631979521203e-10,9.676910758568028e-9,0.26632051405779467,0.09191461352825256,-0.1744059005295421,chr10,92653856,92653857,+,0.17911756379302363,2,TUTR,proximal pA,DMAi_96hrs,0.43380583910828074,-1.815959310085817,2.394854595794945e-41,3' UTR lengthening + gene downregulated
KIF18A,ENSG00000121621,PAS31058_AATAAA_0.3,0.02180455685743932,0,6.396705524336312,1,0.01143323354700146,0.02758182925109072,0.580112256284308,0.4199072261636784,-0.16020503012062953,chr11,28021002,28021003,-,0.5000097412239932,2,TUTR,proximal pA,DMAi_96hrs,0.32041006024125906,-1.0976654542222335,6.289571440382461e-9,3' UTR lengthening + gene downregulated
LGALSL,ENSG00000119862,PAS5725_APA_0.35,0.001220753325162934,6.886343687858083e-4,12.51733336597681,1,4.03193932373509e-4,0.001499560384080491,0.5040631217525072,0.21276584844611257,-0.29129727330639466,chr2,64458657,64458658,+,0.3584144850993099,2,TUTR,proximal pA,DMAi_96hrs,0.609407193066958,-1.0187596923109312,2.3229772208086484e-4,3' UTR lengthening + gene downregulated
LMX1B,ENSG00000136944,PAS25502_None_0.05,0.008445284044031241,0,8.315098137088725,1,0.003931687972158123,0.011132913342922868,0.8474618384744653,0.4712686751478785,-0.3761931633265868,chr9,126696796,126696797,+,0.6593652568111719,2,TUTR,proximal pA,DMAi_96hrs,0.7523863266531735,-0.8581797619781537,0.017991670483862368,3' UTR lengthening + gene downregulated
LRRC8C,ENSG00000171488,PAS1110_AATAAA_0.3,0.1083562752567848,1,3.270022276686177,1,0.07055666552615317,0.12979386137157864,0.5908623538675598,0.42375006096078266,-0.16711229290677715,chr1,89715153,89715154,+,0.5073062074141712,0,TUTR,proximal pA,DMAi_96hrs,0.3342245858135543,-0.7373741564491357,0.005254004865156833,3' UTR lengthening + gene downregulated
LRRCC1,ENSG00000133739,PAS23070_ATTAAA_0.35,0.08299622187897841,1,3.776495023504708,1,0.051977431883804666,0.10062825743590172,0.6932745926368439,0.4263161414499257,-0.2669584511869182,chr8,85145585,85145586,+,0.5597953670433848,0,TUTR,proximal pA,DMAi_96hrs,0.5339169023738364,-2.1222627278197823,1.7108215125986713e-24,3' UTR lengthening + gene downregulated
MAMSTR,ENSG00000176909,PAS48401_APA_0.25,4.496474595024316e-4,0,14.29976577052389,1,1.558842743802475e-4,6.405169887277388e-4,0.8017325070497635,0.5712755399125429,-0.23045696713722064,chr19,48713001,48713002,-,0.6865040234811532,2,TUTR,proximal pA,DMAi_96hrs,0.46091393427444116,-1.600283817453311,4.418543217842347e-11,3' UTR lengthening + gene downregulated
MARCHF9,ENSG00000139266,PAS32791_APA_0.15,2.267398913826305e-6,1.3007557508518785e-6,24.45264288922772,1,7.615896766351366e-7,5.018591557942989e-6,0.8908445145627808,0.6906468585303104,-0.2001976560324704,chr12,57759414,57759415,+,0.7907456865465456,2,TUTR,proximal pA,DMAi_96hrs,0.33397594691669374,-0.8624548700001642,4.195360251533991e-8,3' UTR lengthening + gene downregulated
MARK1,ENSG00000116141,PAS2262_AATAAA_0.35,0.17075192767429512,1,2.4458674392937496,1,0.1178347295876152,0.197663421203597,0.6070536720478965,0.4145790172542184,-0.1924746547936781,chr1,220662448,220662449,+,0.5108163446510574,0,TUTR,proximal pA,DMAi_96hrs,0.3849493095873563,-0.6312453175465691,0.02676665722192877,3' UTR lengthening + gene downregulated
MASTL,ENSG00000120539,PAS27075_AATAAA_0.3,1.3712838807254256e-4,0,16.757714719356045,1,4.246923562780584e-5,2.0007532809409207e-4,0.9481177153125082,0.8292783053984086,-0.11883940991409958,chr10,27186823,27186824,+,0.8886980103554585,2,TUTR,proximal pA,DMAi_96hrs,0.23767881982819916,-0.8099262177633582,1.3726581605059124e-7,3' UTR lengthening + gene downregulated
MCM10,ENSG00000065328,PAS26955_ATTAAA_0.15,2.0122335839231985e-5,0.1182716214000556,4.463627799414098,1,0.03462388916527602,0.07135247993871949,0.3248079171115362,0.2487562157458448,-0.07605170136569142,chr10,13209897,13209898,+,0.28678206642869053,1,TUTR,proximal pA,DMAi_96hrs,0.2037380867445179,-1.655729452768043,7.292523625390756e-52,3' UTR lengthening + gene downregulated
MEX3A,ENSG00000254726,PAS4260_APA_0.2,0.03179482420085286,0,5.652686011258538,1,0.017428656339536767,0.03970829122324859,0.34354434028361897,0.14089446645878723,-0.2026498738248317,chr1,156076490,156076491,-,0.2422194033712031,2,TUTR,proximal pA,DMAi_96hrs,0.4052997476496636,-1.652627724948715,1.0368947036858367e-20,3' UTR lengthening + gene downregulated
MFSD11,ENSG00000092931,PAS43422_APA_0.2,0.03255910569084883,0,5.60586450912308,1,0.017900460704492645,0.04064587023849695,0.8058975512713936,0.5676937368942306,-0.23820381437716293,chr17,76778723,76778724,+,0.6867956440828121,2,TUTR,proximal pA,DMAi_96hrs,0.47640762875432596,-1.0351984767871072,8.011246166450661e-4,3' UTR lengthening + gene downregulated
MFSD9,ENSG00000135953,PAS8154_ATTAAA_0.45,0.013823447952361304,0.007579267988266864,8.095452825077814,1,0.004437645001788283,0.012370412545795984,0.31009969974614704,0.10362801518899788,-0.20647168455714915,chr2,102718415,102718416,-,0.2068638574675725,2,TUTR,proximal pA,DMAi_96hrs,0.39969833540167765,-0.6227206153413923,0.017100504351805847,3' UTR lengthening + gene downregulated
MGAT2,ENSG00000168282,PAS36574_AATAAA_0.35,0.0025339248787047755,0,10.763463954246618,1,0.0010352344607262476,0.0034575306983809966,0.2004021993617648,0.08908514125618065,-0.11131705810558408,chr14,49622698,49622699,+,0.1447436703089727,2,TUTR,proximal pA,DMAi_96hrs,0.22263411621116833,-0.8013854337054644,1.1836051425378725e-6,3' UTR lengthening + gene downregulated
MMAB,ENSG00000139428,PAS34853_AATAAA_0.05,8.833854824570902e-12,0,50.733424985162856,1,1.0580230165065586e-12,1.5083001369074006e-11,0.9967938849888912,0.8408259153878145,-0.15596796960107673,chr12,109556697,109556698,-,0.9188099001883528,2,TUTR,proximal pA,DMAi_96hrs,0.3119359392021536,-1.263743239416239,2.6750433467224786e-19,3' UTR lengthening + gene downregulated
MOB1A,ENSG00000114978,PAS7912_AATAAA_0.35,1.879291148671322e-19,7.059952644315421e-12,49.41951549264559,1,2.066793495981949e-12,2.8791883780429246e-11,0.33219050633032254,0.17217708836530987,-0.16001341796501267,chr2,74156084,74156085,-,0.2521837973478162,2,TUTR,proximal pA,DMAi_96hrs,0.4077118950539658,-0.931684033840516,2.3636409523630588e-27,3' UTR lengthening + gene downregulated
MOCOS,ENSG00000075643,PAS45334_ATTAAA_0.45,0.001161621794729952,0.04621252789167516,4.887148772908972,1,0.02705733505345916,0.05775504542795497,0.34241389995719,0.13278870395064113,-0.2096251960065489,chr18,36271371,36271372,+,0.2376013019539156,2,TUTR,proximal pA,DMAi_96hrs,0.569726113310542,-1.1204223992007958,6.899326846446732e-4,3' UTR lengthening + gene downregulated
MRE11,ENSG00000020922,PAS31716_AATAAA_0.4,0.02375438955619137,0.0050614056474778575,8.829841000557963,1,0.002963442051174806,0.008741163301394335,0.7383473226928299,0.5393186009644927,-0.1990287217283372,chr11,94419865,94419866,-,0.6388329618286612,1,TUTR,proximal pA,DMAi_96hrs,0.3304099004047757,-0.7205820435624498,7.338544432600998e-6,3' UTR lengthening + gene downregulated
MRGBP,ENSG00000101189,PAS49342_AATAAA_0.2,7.723164743668058e-9,3.5381065301465736e-10,40.3979780706577,1,2.0715537151615766e-10,2.3151544370500354e-9,0.3040712509414226,0.13793059385906312,-0.1661406570823595,chr20,62800062,62800063,+,0.22100092240024288,2,TUTR,proximal pA,DMAi_96hrs,0.3018814998989353,-0.9504492908917548,1.6771120656126258e-12,3' UTR lengthening + gene downregulated
MRPL50,ENSG00000136897,PAS26309_ATTAAA_0.2,1.353122403821391e-8,0,35.702120204322,1,2.299136551947602e-9,2.266454846770941e-8,0.9582219683468702,0.7365820479738453,-0.2216399203730249,chr9,101389966,101389967,-,0.8474020081603577,2,TUTR,proximal pA,DMAi_96hrs,0.4432798407460497,-1.1939328047818252,5.450470898154718e-19,3' UTR lengthening + gene downregulated
MRPS11,ENSG00000181991,PAS38956_AATAAA_0.25,3.4487765499312784e-12,0,52.65545600560745,1,3.9750508935896234e-13,5.9780097766190136e-12,0.9939469822771064,0.8550942891748067,-0.13885269310229975,chr15,88478262,88478263,+,0.9245206357259566,2,TUTR,proximal pA,DMAi_96hrs,0.2777053862045994,-0.8281588672129208,1.1771887173599903e-10,3' UTR lengthening + gene downregulated
MSH3,ENSG00000113318,PAS15051_ATTAAA_0.45,1.2252809875955682e-4,0.0021691970229656926,10.385540308550162,1,0.0012700601617147615,0.004130755322807061,0.3378619602821871,0.16239380673201226,-0.1754681535501749,chr5,80875915,80875916,+,0.2501278835070997,2,TUTR,proximal pA,DMAi_96hrs,0.4465415842395011,-1.2257926589625847,2.2215489413726082e-13,3' UTR lengthening + gene downregulated
MSI1,ENSG00000135097,PAS35037_AATAAA_0.2,0.016720945945597098,0,6.934052245605244,1,0.008456986369309931,0.021475120008156545,0.4486610748852138,0.24609651652928888,-0.2025645583559249,chr12,120341620,120341621,-,0.34737879570725133,2,TUTR,proximal pA,DMAi_96hrs,0.4051291167118498,-1.108561314130873,8.84563674632493e-7,3' UTR lengthening + gene downregulated
NCAPG,ENSG00000109805,PAS12624_AATAAA_0.25,8.81953198539974e-10,4.192561095253996e-11,44.5696013895149,1,2.4547354464636487e-11,3.0744206329092437e-10,0.9284881998022682,0.7286466953409715,-0.19984150446129667,chr4,17843510,17843511,+,0.8285674475716198,2,TUTR,proximal pA,DMAi_96hrs,0.31191068255245974,-2.9336686474655096,8.550476265308804e-133,3' UTR lengthening + gene downregulated
NCAPH,ENSG00000121152,PAS6004_AATAAA_0.35,0.0014938227635570742,0,11.837836577143662,1,5.803921776157896e-4,0.0020712827354418773,0.9738912964873222,0.8661035990156348,-0.10778769747168736,chr2,96373838,96373839,+,0.9199974477514784,2,TUTR,proximal pA,DMAi_96hrs,0.21557539494337463,-1.8662477988060904,5.895366709499188e-36,3' UTR lengthening + gene downregulated
NCBP1,ENSG00000136937,PAS25227_AATAAA_0.3,1.2315570373144024e-6,7.414886041824092e-8,29.99062603599032,1,4.341399727951118e-8,3.54659305964978e-7,0.6237816702395637,0.3999866750622614,-0.22379499517730228,chr9,97671628,97671629,+,0.5118841726509125,2,TUTR,proximal pA,DMAi_96hrs,0.4262470453029381,-1.0054999393679664,2.1178187085899815e-17,3' UTR lengthening + gene downregulated
NDC1,ENSG00000058804,PAS3418_AATAAA_0.35,4.318339086588342e-6,2.768051427952619e-7,27.439711246733168,1,1.620688119612951e-7,1.1943456161286902e-6,0.3531107423025437,0.19693568572805165,-0.15617505657449204,chr1,53767720,53767721,-,0.27502321401529767,2,TUTR,proximal pA,DMAi_96hrs,0.3096924031476963,-1.0115011312222242,1.4066035165843707e-21,3' UTR lengthening + gene downregulated
NDUFV3,ENSG00000160194,PAS50287_AATAAA_0.25,0.0029425033448425625,8.609677419932312e-4,12.10045668296516,1,5.040947493704957e-4,0.001831859888199992,0.8314282382688573,0.6666664376315323,-0.16476180063732493,chr21,42909098,42909099,+,0.7490473379501947,2,TUTR,proximal pA,DMAi_96hrs,0.29187645842901977,-1.6254850094307878,1.2262930179593522e-20,3' UTR lengthening + gene downregulated
NHSL1,ENSG00000135540,PAS19697_ATTAAA_0.25,0.07871221996827706,1,4.841101096927673,1,0.027789145938737752,0.05914224425798636,0.4172991721602635,0.20913925072117512,-0.2081599214390884,chr6,138423149,138423150,-,0.3132192114407193,0,TUTR,proximal pA,DMAi_96hrs,0.4395195422323307,-1.3571826890092489,2.422549419921748e-5,3' UTR lengthening + gene downregulated
NIPSNAP3A,ENSG00000136783,PAS25303_ATTAAA_0.25,4.955032979529851e-7,0,28.292443176256256,1,1.0430237170114245e-7,7.933074544951355e-7,0.3279996633713964,0.10184378066923916,-0.22615588270215725,chr9,104759579,104759580,+,0.21492172202031776,2,TUTR,proximal pA,DMAi_96hrs,0.4523117654043146,-0.6583529269205715,9.693868897402587e-5,3' UTR lengthening + gene downregulated
NUDT11,ENSG00000196368,PAS52714_AATAAA_0.3,0.20429472314979552,1,0.142127572140339,1,0.706175012232397,0.7896053910626415,0.2074326163496873,0.17197083578941189,-0.035461780560275435,chrX,51490281,51490282,-,0.1897017260695496,0,TUTR,proximal pA,DMAi_96hrs,0.21344769958784932,-0.9329073624977764,0.003707046742292055,3' UTR lengthening + gene downregulated
NUDT21,ENSG00000167005,PAS41630_AATAAA_0.05,5.819451504111016e-15,1.86925781179678e-12,50.66699486181642,1,1.0944464027944352e-12,1.558825410114657e-11,0.2532596828554816,0.11980488757596576,-0.13345479527951587,chr16,56432624,56432625,-,0.18653228521572368,2,TUTR,proximal pA,DMAi_96hrs,0.31655139435155116,-1.0533685700218285,1.9668419282976156e-34,3' UTR lengthening + gene downregulated
OGFOD2,ENSG00000111325,PAS33518_AATAAA_0.15,2.40640813390145e-7,0,29.795387925580144,1,4.801328323907221e-8,3.895265782686418e-7,0.5426002754983029,0.313432835820896,-0.2291674396774069,chr12,122979448,122979449,+,0.42801655565959945,2,TUTR,proximal pA,DMAi_96hrs,0.4583348793548137,-1.442036691722325,0.009916644282296588,3' UTR lengthening + gene downregulated
OGT,ENSG00000147162,PAS52087_APA_0.2,7.005044076516928e-39,3.293395686752295e-24,105.46859693492206,1,9.641380230156878e-25,3.866534329169733e-23,0.3484996457559146,0.10786655139654756,-0.24063309435936703,chrX,71574350,71574351,+,0.22818309857623104,2,TUTR,proximal pA,DMAi_96hrs,0.5956456754514654,-0.8294571414281245,4.580633411712069e-18,3' UTR lengthening + gene downregulated
OXCT1,ENSG00000083720,PAS16159_AATAAA_0.3,2.631262908919009e-4,0,15.392611862388549,1,8.7329072013185e-5,3.821639549852276e-4,0.3028338925584563,0.0694189632926897,-0.23341492926576657,chr5,41731531,41731532,-,0.186126427925573,2,TUTR,proximal pA,DMAi_96hrs,0.46682985853153314,-1.8583949188480653,3.2405889649813433e-17,3' UTR lengthening + gene downregulated
PA2G4,ENSG00000170515,PAS32720_AATAAA_0.35,8.458325102668004e-70,1.0075009356167936e-67,303.42877466307255,1,5.898896170656767e-68,1.1424435376365866e-65,0.7635374417319644,0.5381436777169867,-0.22539376401497768,chr12,56113147,56113148,+,0.6508405597244755,2,TUTR,proximal pA,DMAi_96hrs,0.43237661421324214,-0.7964345442101834,2.0275836137124777e-58,3' UTR lengthening + gene downregulated
PAGR1,ENSG00000280789,PAS40446_AATAAA_0.3,9.654841040352733e-14,0,59.98448644711516,1,9.560800380868776e-15,1.6721924102266196e-13,0.8365061507068381,0.5153841244635464,-0.32112202624329167,chr16,29820112,29820113,+,0.6759451375851923,2,TUTR,proximal pA,DMAi_96hrs,0.6422440524865833,-0.6740309151413552,1.9773614921826903e-5,3' UTR lengthening + gene downregulated
PAICS,ENSG00000128050,PAS12862_AATAAA_0.3,5.8583613866576e-10,1.383297596703347e-9,39.088807760650525,1,4.0495887435958376e-10,4.377911425258373e-9,0.6245373463035447,0.4452636519173569,-0.17927369438618784,chr4,56459660,56459661,+,0.5349004991104508,2,TUTR,proximal pA,DMAi_96hrs,0.3266965275665048,-1.1668672728420166,4.608854313597999e-54,3' UTR lengthening + gene downregulated
PBK,ENSG00000168078,PAS23741_AATAAA_0.15,1.628955950652297e-6,0,25.85442098465592,1,3.681604989479308e-7,2.56549227020276e-6,0.5475622320316172,0.34465960888069413,-0.2029026231509231,chr8,27809895,27809896,-,0.4461109204561557,2,TUTR,proximal pA,DMAi_96hrs,0.40580524630184633,-2.72972155370487,3.934872424064181e-121,3' UTR lengthening + gene downregulated
PDIA6,ENSG00000143870,PAS7338_AATAAA_0.4,6.268974262220533e-44,0,201.2012566395315,1,1.1420750369485458e-45,1.2863328838141742e-43,0.7320891556674703,0.5167100406444186,-0.2153791150230517,chr2,10783860,10783861,-,0.6243995981559445,2,TUTR,proximal pA,DMAi_96hrs,0.4307582300461035,-0.614708444341756,1.4247600106082364e-24,3' UTR lengthening + gene downregulated
PDXK,ENSG00000160209,PAS50299_None_0.15,4.0787507808088055e-35,1.2723145797712284e-34,151.67837616230827,1,7.449374325283924e-35,5.099289381889398e-33,0.7643208058399985,0.3702148584641462,-0.3941059473758523,chr21,43756177,43756178,+,0.5672678321520723,2,TUTR,proximal pA,DMAi_96hrs,0.7923012831483589,-0.910159105472046,3.8770330669926296e-15,3' UTR lengthening + gene downregulated
PGM2,ENSG00000169299,PAS12698_AATAAA_0.2,0.006567986613381736,0,8.827234421900357,1,0.002967677934076704,0.008748782860789332,0.7983946587607789,0.6251335866124879,-0.173261072148291,chr4,37862087,37862088,+,0.7117641226866334,2,TUTR,proximal pA,DMAi_96hrs,0.346522144296582,-0.851410142993515,9.10492711641824e-6,3' UTR lengthening + gene downregulated
PIGX,ENSG00000163964,PAS10714_APA_0.2,1.1356704672617424e-5,0.001790491872048851,12.78482187013742,1,3.494430385203566e-4,0.001323745188332441,0.18045917377946727,0.0696186689384363,-0.11084050484103104,chr3,196733955,196733956,+,0.12503892135895178,2,TUTR,proximal pA,DMAi_96hrs,0.2785580637119456,-0.7146589666728471,3.080458132724666e-5,3' UTR lengthening + gene downregulated
PKP4,ENSG00000144283,PAS6431_ATTAAA_0.35,7.685112886589407e-10,2.2486381650162984e-6,23.398849170535183,1,1.3165727784348675e-6,8.326759177349316e-6,0.5667121020016685,0.2952191568462905,-0.27149294515537803,chr2,158681010,158681011,+,0.43096562942397953,2,TUTR,proximal pA,DMAi_96hrs,0.4346915227487229,-0.972208694713935,5.205912536207955e-9,3' UTR lengthening + gene downregulated
PLK4,ENSG00000142731,PAS13213_AATAAA_0.3,1.2827276892696672e-5,0,21.60339213918928,1,3.3525837333184485e-6,1.953848890599277e-5,0.4387586325594494,0.10527464698913164,-0.3334839855703178,chr4,127898594,127898595,+,0.2720166397742905,2,TUTR,proximal pA,DMAi_96hrs,0.6669679711406356,-1.7860151175835084,6.701668669127531e-14,3' UTR lengthening + gene downregulated
POC1A,ENSG00000164087,PAS11292_AATAAA_0.2,0.01760219276354758,0,6.827019697043397,1,0.00897889630867831,0.022533794607793967,0.3877778558574199,0.2764762605537896,-0.11130159530363026,chr3,52075780,52075781,-,0.3321270582056048,2,TUTR,proximal pA,DMAi_96hrs,0.22260319060726064,-1.616266904374421,2.2420221210726526e-23,3' UTR lengthening + gene downregulated
POLR1G,ENSG00000117877,PAS46975_ATTAAA_0.25,0.03128853910461854,0,5.684310033449947,1,0.017117268958208517,0.03912483424371178,0.4016011379669508,0.2817724044482053,-0.11982873351874553,chr19,45409782,45409783,+,0.34168677120757807,2,TUTR,proximal pA,DMAi_96hrs,0.23965746703749097,-0.6266954274455685,4.234537382272487e-8,3' UTR lengthening + gene downregulated
POMT2,ENSG00000009830,PAS37915_APA_0.25,1.1789771043216999e-20,0,92.56085515452288,1,6.5286069810021965e-22,2.164526251885092e-20,0.7141957047390841,0.2246720502524383,-0.4895236544866458,chr14,77276990,77276991,-,0.4694338774957612,2,TUTR,proximal pA,DMAi_96hrs,0.9790473089732916,-0.9599758126594612,2.4146780342302656e-6,3' UTR lengthening + gene downregulated
POP1,ENSG00000104356,PAS23213_AATAAA_0.4,9.028566505149698e-5,0,17.604358015192474,1,2.7196439508658e-5,1.3346930032045665e-4,0.5084903143281101,0.24665356957289472,-0.26183674475521534,chr8,98158408,98158409,+,0.3775719419505024,2,TUTR,proximal pA,DMAi_96hrs,0.5236734895104309,-0.6976755624177092,3.362353190931238e-5,3' UTR lengthening + gene downregulated
PPP4R3B,ENSG00000275052,PAS7717_ATTAAA_0.2,0.04242476705004429,0,5.070628967513812,1,0.02433455252870505,0.05269389537883352,0.4350518809678056,0.2683001037833713,-0.1667517771844343,chr2,55549411,55549412,-,0.35167599237558844,2,TUTR,proximal pA,DMAi_96hrs,0.3335035543688685,-0.8835623368876606,2.721845484159694e-11,3' UTR lengthening + gene downregulated
PRMT3,ENSG00000185238,PAS29593_AATAAA_0.4,0.019012263330163145,0,6.673823321139025,1,0.00978390823971058,0.024239976092811703,0.2783901836189905,0.1666529845309518,-0.11173719908803868,chr11,20508912,20508913,+,0.22252158407497116,2,TUTR,proximal pA,DMAi_96hrs,0.2234743981760774,-0.6747648164899891,7.175592002246213e-4,3' UTR lengthening + gene downregulated
PTGES3,ENSG00000110958,PAS34400_AATAAA_0.1,1.1802765509886564e-48,8.203665686298417e-23,97.72661466663703,1,4.803228502475588e-23,1.7336379965412454e-21,0.678007645041363,0.5906862724761575,-0.08732137256520556,chr12,56663597,56663598,-,0.6343469587587602,1,TUTR,proximal pA,DMAi_96hrs,0.2002705885714321,-0.7265278159144499,1.1318113939693546e-45,3' UTR lengthening + gene downregulated
PTGFRN,ENSG00000134247,PAS1403_AATAAA_0.2,1.4821370297474363e-9,0,40.27551344238418,1,2.20556105617178e-10,2.4476949778521342e-9,0.2469039922967493,0.08321349969613374,-0.16369049260061558,chr1,116988600,116988601,+,0.16505874599644152,2,TUTR,proximal pA,DMAi_96hrs,0.3273809852012312,-0.681807449753943,2.0798634141666235e-7,3' UTR lengthening + gene downregulated
PTPRN2,ENSG00000155093,PAS22482_AATAAA_0.25,3.750673929043354e-4,0,14.671020397651745,1,1.2799918964194018e-4,5.38325347896512e-4,0.7836344594902193,0.3539721847231698,-0.42966227476704943,chr7,157540513,157540514,-,0.5688033221066946,2,TUTR,proximal pA,DMAi_96hrs,0.8593245495340989,-1.058336985591278,0.002256467074156485,3' UTR lengthening + gene downregulated
PUS7,ENSG00000091127,PAS22115_AATAAA_0.35,0.015186667913768832,0,7.125667359919589,1,0.007598812552812905,0.0196031095112446,0.1680518270829141,0.030066684658340503,-0.1379851424245736,chr7,105457661,105457662,-,0.0990592558706273,2,TUTR,proximal pA,DMAi_96hrs,0.2759702848491471,-0.853292611570806,2.863240154342521e-4,3' UTR lengthening + gene downregulated
PXMP4,ENSG00000101417,PAS49654_APA_0.3,3.0348737558962e-5,0,19.84394807558488,1,8.402834082432659e-6,4.55134406763687e-5,0.7726044960845974,0.33373877242746747,-0.4388657236571299,chr20,33707559,33707560,-,0.5531716342560324,2,TUTR,proximal pA,DMAi_96hrs,0.8777314473142599,-0.9829081742503571,3.390891829772493e-4,3' UTR lengthening + gene downregulated
PYCR3,ENSG00000104524,PAS24676_None_0.2,8.168526370990889e-5,0.003669339397987847,9.418228011980544,1,0.002148390275228815,0.006599339644276366,0.13808048588073774,0.016183965522035382,-0.12189652035870235,chr8,143605414,143605415,-,0.07713222570138656,2,TUTR,proximal pA,DMAi_96hrs,0.29268476194035553,-1.4393826831666172,1.847139601372662e-11,3' UTR lengthening + gene downregulated
RAD1,ENSG00000113456,PAS16092_AATAAA_0.2,1.585580106672627e-8,0.29340274780625625,2.9497030954808,1,0.08589333688484017,0.15232519073904488,0.4878699572277128,0.4074074074074073,-0.08046254982030554,chr5,34908549,34908550,-,0.44763868231756,1,TUTR,proximal pA,DMAi_96hrs,0.3350127010265188,-0.7801095765849576,1.376902433750617e-6,3' UTR lengthening + gene downregulated
RAD51,ENSG00000051180,PAS38335_None_0.15,0.017039073284775993,0.018735606565635447,6.470226174220443,1,0.01096965709091859,0.026645629284319072,0.4385532901299127,0.32278487121530447,-0.1157684189146082,chr15,40731373,40731374,+,0.3806690806726086,2,TUTR,proximal pA,DMAi_96hrs,0.25351396867277176,-1.0691538294278824,2.696234108321263e-7,3' UTR lengthening + gene downregulated
RAN,ENSG00000132341,PAS33613_AATAAA_0.4,7.902966927166476e-117,7.264812942610283e-115,521.3734990590019,1,2.1267661265974903e-115,1.4072988690206147e-112,0.9129688473121476,0.7436383132148444,-0.16933053409730325,chr12,130876274,130876275,+,0.8283035802634959,2,TUTR,proximal pA,DMAi_96hrs,0.28584234635187256,-0.6863239023217077,8.077369476569893e-44,3' UTR lengthening + gene downregulated
RBL2,ENSG00000103479,PAS40592_ATTAAA_0.35,0.006539840671435435,0,8.83580027136054,1,0.002953780851600709,0.008714284544728007,0.14045832681829887,0.031274753114559205,-0.10918357370373966,chr16,53491039,53491040,+,0.08586653996642904,2,TUTR,proximal pA,DMAi_96hrs,0.2183671474074792,-0.9022693276346744,2.3730830951767292e-8,3' UTR lengthening + gene downregulated
RBM15B,ENSG00000259956,PAS9652_APA_0.25,9.519757537116867e-27,4.825818060975314e-10,41.93862816691399,1,9.418353430691363e-11,1.090976446628808e-9,0.7190473931552083,0.543434332611478,-0.17561306054373027,chr3,51394394,51394395,+,0.6312408628833431,2,TUTR,proximal pA,DMAi_96hrs,0.39866572480670004,-0.5929019030705077,4.975146702053854e-7,3' UTR lengthening + gene downregulated
RNF207,ENSG00000158286,PAS95_AATAAA_0.4,0.17610499363965806,1,2.3901162966313336,1,0.12210454465202844,0.20311535284580115,0.8022465542473958,0.6850388229552277,-0.1172077312921681,chr1,6220798,6220799,+,0.7436426886013117,0,TUTR,proximal pA,DMAi_96hrs,0.2344154625843362,-1.1277056219908723,4.05451114127846e-7,3' UTR lengthening + gene downregulated
RPTOR,ENSG00000141564,PAS43508_None_0.25,3.033963266918881e-4,9.737643289386973e-4,11.871035936980434,1,5.701369068786096e-4,0.002037889763254377,0.1847580380568933,0.0637923680199573,-0.120965670036936,chr17,80965519,80965520,+,0.1242752030384253,2,TUTR,proximal pA,DMAi_96hrs,0.2823050175099662,-1.10652289873552,7.724034867064384e-10,3' UTR lengthening + gene downregulated
RRP7A,ENSG00000189306,PAS51636_APA_0.25,1.789086319320765e-15,1.9477838933793933e-15,64.17157432336444,1,1.1404232535911817e-15,2.2032921764332796e-14,0.9395928975088284,0.7206209384139003,-0.2189719590949281,chr22,42512549,42512550,-,0.8301069179613643,2,TUTR,proximal pA,DMAi_96hrs,0.4247465650030685,-1.826433185187417,6.126188911037527e-70,3' UTR lengthening + gene downregulated
SAMD14,ENSG00000167100,PAS44532_AATAAA_0.2,0.027200449207887945,0,5.955697834541525,1,0.014669794937154574,0.03422188571999308,0.295440638455542,0.14757649230238157,-0.14786414615316046,chr17,50112671,50112672,-,0.2215085653789618,2,TUTR,proximal pA,DMAi_96hrs,0.2957282923063209,-0.9328858792034526,2.682175418773456e-4,3' UTR lengthening + gene downregulated
SAR1A,ENSG00000079332,PAS28669_AATAAA_0.25,3.4064787346628514e-68,8.285629590032087e-65,291.4307069889692,1,2.4256090953503034e-65,4.142053553038511e-63,0.5728325417746682,0.2316180910101028,-0.34121445076456547,chr10,70152427,70152428,-,0.4022253163923855,2,TUTR,proximal pA,DMAi_96hrs,0.6571384664670394,-0.6361972299897265,8.90133457819513e-16,3' UTR lengthening + gene downregulated
SCD,ENSG00000099194,PAS27682_AATAAA_0.2,4.2028129393196493e-16,9.24290688716397e-18,74.72462017876387,1,5.4117019761425406e-18,1.3181478386981547e-16,0.3162541557630258,0.18645496276366028,-0.12979919299936551,chr10,100363618,100363619,+,0.25135455926334305,2,TUTR,proximal pA,DMAi_96hrs,0.2616862216691396,-1.3189053979275795,3.6814366892007516e-96,3' UTR lengthening + gene downregulated
SEC14L2,ENSG00000100003,PAS50880_None_0.1,0.03553729921302641,0,5.429386471788916,1,0.019800634428037263,0.04419590658491353,0.4607203788582699,0.24094892058188053,-0.21977145827638933,chr22,30422422,30422423,+,0.3508346497200752,2,TUTR,proximal pA,DMAi_96hrs,0.43954291655277866,-1.3237981912270262,2.071831995215527e-6,3' UTR lengthening + gene downregulated
SECISBP2,ENSG00000187742,PAS25139_None_0.2,0.004680103419416282,0,9.509067267791806,1,0.0020445906352500424,0.0063085571941725125,0.24367957656615577,0.08001011866883051,-0.16366945789732526,chr9,89359010,89359011,+,0.16184484761749313,2,TUTR,proximal pA,DMAi_96hrs,0.3273389157946506,-0.941721781672204,6.690547602917029e-7,3' UTR lengthening + gene downregulated
SEPHS1,ENSG00000086475,PAS28224_ATTAAA_0.35,4.621122167924624e-40,1.881253276732217e-34,152.27857075811517,1,5.507348607749615e-35,3.8193101851385016e-33,0.6800505284878725,0.3754428009080011,-0.3046077275798714,chr10,13319061,13319062,-,0.5277466646979367,2,TUTR,proximal pA,DMAi_96hrs,0.5817354322681596,-0.9217052937747044,3.49020793808835e-29,3' UTR lengthening + gene downregulated
SERBP1,ENSG00000142864,PAS3522_ATTAAA_0.4,6.626031107838746e-39,4.612966152072807e-25,112.55485416816371,1,2.700881697263407e-26,1.2150907148509963e-24,0.5264461999945043,0.4008057468787416,-0.12564045311576266,chr1,67413090,67413091,-,0.4636259734366229,2,TUTR,proximal pA,DMAi_96hrs,0.22884845475892254,-0.7847615693302671,2.1050964632014875e-59,3' UTR lengthening + gene downregulated
SFXN1,ENSG00000164466,PAS15832_APA_0,1.3839573917151946e-18,0.014850574898714651,8.132660887376915,1,0.004347489729547958,0.012155366970942098,0.5546879525392255,0.4759276207087688,-0.07876033183045678,chr5,175528611,175528612,+,0.5153077866239972,1,TUTR,proximal pA,DMAi_96hrs,0.2641828103978168,-0.6683038949837278,7.353291636240789e-11,3' UTR lengthening + gene downregulated
SLC46A1,ENSG00000076351,PAS44003_AATAAA_0.2,0.0015949084362820011,0.003745956891483993,9.380339203249378,1,0.0021932496518320783,0.00671894246156351,0.33451610556638434,0.06396874699631538,-0.2705473585700689,chr17,28398232,28398233,-,0.19924242628134983,2,TUTR,proximal pA,DMAi_96hrs,0.6695189693718195,-0.7355371508844342,0.02576203976352646,3' UTR lengthening + gene downregulated
SLC7A6OS,ENSG00000103061,PAS41750_APA_0.35,0.0662111464752008,1,4.209943239870199,1,0.04018768179815847,0.08084881867706195,0.6711861495714206,0.5000745061678467,-0.171111643403574,chr16,68300610,68300611,-,0.5856303278696336,0,TUTR,proximal pA,DMAi_96hrs,0.3422232868071479,-0.6731299376301505,0.003600929259955721,3' UTR lengthening + gene downregulated
SLC9A3,ENSG00000066230,PAS15963_APA_0.2,0.14284468566069558,1,2.7625833576749983,1,0.09649230660160624,0.1675663555101267,0.5930761127262536,0.40166904563793393,-0.19140706708831967,chr5,470812,470813,-,0.49737257918209377,0,TUTR,proximal pA,DMAi_96hrs,0.3828141341766394,-1.2152536936131615,6.012232068557258e-4,3' UTR lengthening + gene downregulated
SMAD3,ENSG00000166949,PAS38721_ATTAAA_0.2,1.7547828443904852e-32,0,147.92043004912557,1,4.937700644388811e-34,3.2269804087876007e-32,0.3460029465393329,0.13753339055431318,-0.2084695559850197,chr15,67191510,67191511,+,0.24176816854682304,2,TUTR,proximal pA,DMAi_96hrs,0.4169391119700393,-1.0414031339762122,4.7912994819271155e-53,3' UTR lengthening + gene downregulated
SMC2,ENSG00000136824,PAS25298_ATTAAA_0.25,6.48794559515117e-4,2.5453703285372706e-4,14.384412350380444,1,1.4903088178989864e-4,6.173597749206108e-4,0.4443759204373417,0.23743432560207567,-0.20694159483526595,chr9,104139650,104139651,+,0.3409051230197087,2,TUTR,proximal pA,DMAi_96hrs,0.4076292420658474,-1.243748269815134,2.4065963609986515e-34,3' UTR lengthening + gene downregulated
SMIM10L1,ENSG00000256537,PAS32182_APA_0.2,2.78846563420802e-22,2.683770412811203e-23,102.115464357792,1,5.2378058922469724e-24,2.0140822124642648e-22,0.7978446198062065,0.5202091212565287,-0.27763549854967773,chr12,11172271,11172272,+,0.6590268705313675,1,TUTR,proximal pA,DMAi_96hrs,0.3623655080749303,-0.904166344987779,2.4480571300434837e-17,3' UTR lengthening + gene downregulated
SMIM19,ENSG00000176209,PAS22851_APA_0.15,0.07464669636692566,1,3.977858371132641,1,0.04610214436514312,0.09064605109110564,0.3532397912021616,0.20230188608928748,-0.1509379051128741,chr8,42552723,42552724,+,0.2777708386457245,0,TUTR,proximal pA,DMAi_96hrs,0.30187581022574805,-1.2617981596628156,7.930752980501173e-6,3' UTR lengthening + gene downregulated
SNX5,ENSG00000089006,PAS49545_AATAAA_0.3,4.235124871685422e-15,2.172720988603851e-11,48.01004504179946,1,4.240411453227574e-12,5.702114673048865e-11,0.3562483455892019,0.212924444488599,-0.14332390110060286,chr20,17942214,17942215,-,0.28458639503890043,2,TUTR,proximal pA,DMAi_96hrs,0.31550876459465194,-0.8152155814148827,1.708356984369796e-29,3' UTR lengthening + gene downregulated
SOX12,ENSG00000177732,PAS48673_AATAAA_0.05,2.7748250543817204e-11,0,48.43254230955881,1,3.418480361007783e-12,4.644045048174902e-11,0.9540949960751718,0.8037119530005524,-0.15038304307461936,chr20,328727,328728,+,0.8789034745378621,2,TUTR,proximal pA,DMAi_96hrs,0.30076608614923883,-0.9757251817046864,4.807022385155916e-18,3' UTR lengthening + gene downregulated
SPTSSA,ENSG00000165389,PAS37433_ATTAAA_0.3,1.9898901517422903e-5,0,20.707143350009574,1,5.351598514157949e-6,3.0073862704650523e-5,0.8557950534591484,0.6981382131152589,-0.1576568403438895,chr14,34434164,34434165,-,0.7769666332872036,2,TUTR,proximal pA,DMAi_96hrs,0.31531368068777904,-0.6197905714054557,3.726609780417912e-6,3' UTR lengthening + gene downregulated
SRD5A1,ENSG00000145545,PAS14571_APA_0.05,0.3544082983711048,1,1.1708299169764589,1,0.2792307805348098,0.39312624341075486,0.5306385103846225,0.3965909129896885,-0.134047597394934,chr5,6669214,6669215,+,0.4636147116871555,0,TUTR,proximal pA,DMAi_96hrs,0.268095194789868,-1.5528015070408454,6.827393333922544e-7,3' UTR lengthening + gene downregulated
STARD13,ENSG00000133121,PAS35955_AATAAA_0.25,8.235039851392995e-5,7.012908256756357e-6,21.214695041585173,1,4.106042604875746e-6,2.360045696997167e-5,0.2840815996200501,0.04046928170729913,-0.24361231791275093,chr13,33105245,33105246,-,0.1622754406636746,2,TUTR,proximal pA,DMAi_96hrs,0.436248927965471,-0.7167395273987707,0.0021826782798108845,3' UTR lengthening + gene downregulated
STIMATE,ENSG00000213533,PAS11327_None_0.15,0.00027539762797021883,7.13532151455639e-4,12.450984617170208,1,4.177715302353903e-4,0.0015479770582520376,0.21952416121093343,0.0785110582124956,-0.14101310299843783,chr3,52840238,52840239,-,0.14901760971171452,2,TUTR,proximal pA,DMAi_96hrs,0.35984080788675804,-1.1608908118306778,0.001728740425156094,3' UTR lengthening + gene downregulated
STMP1,ENSG00000243317,PAS21020_APA_0.15,1.6763476436689644e-4,2.987471376971492e-5,18.444599733416,1,1.7491580248285468e-5,8.900473755944298e-5,0.5224676318071321,0.32471770053126936,-0.1977499312758627,chr7,135674446,135674447,+,0.4235926661692007,2,TUTR,proximal pA,DMAi_96hrs,0.39385223478549447,-0.593526370379448,3.432705407931216e-4,3' UTR lengthening + gene downregulated
SVIP,ENSG00000198168,PAS31029_ATTAAA_0.15,2.015441086267432e-4,1.878563425593715e-5,19.32957468506788,1,1.0998948195305191e-5,5.82044498726393e-5,0.6551068261607609,0.4204130189776101,-0.2346938071831508,chr11,22822914,22822915,-,0.5377599225691855,2,TUTR,proximal pA,DMAi_96hrs,0.4394509015859681,-0.961506900488828,7.15037520290925e-14,3' UTR lengthening + gene downregulated
TAP2,ENSG00000204267,PAS18935_APA_0.25,5.079826516108264e-5,0,18.782408348549325,1,1.465123123963427e-5,7.55687571668538e-5,0.8158007000808519,0.6766299605332501,-0.13917073954760184,chr6,32828583,32828584,-,0.746215330307051,2,TUTR,proximal pA,DMAi_96hrs,0.27834147909520374,-0.6970217099740589,2.1705018989806042e-8,3' UTR lengthening + gene downregulated
TASOR,ENSG00000163946,PAS11366_AATAAA_0.3,9.320249832567384e-4,0,12.807099390850452,1,3.453065143595492e-4,0.0013106627042409175,0.4879944636318802,0.37663274353303294,-0.11136172009884726,chr3,56622859,56622860,-,0.4323136035824566,2,TUTR,proximal pA,DMAi_96hrs,0.22272344019769452,-0.7718854912968536,3.5863602036711153e-16,3' UTR lengthening + gene downregulated
TATDN3,ENSG00000203705,PAS2215_AATAAA_0.2,4.839816204916123e-4,0,14.142782266274253,1,1.6944594613532097e-4,6.907009934740842e-4,0.7004547391798656,0.3593511048659412,-0.3411036343139244,chr1,212815323,212815324,+,0.5299029220229033,2,TUTR,proximal pA,DMAi_96hrs,0.6822072686278489,-1.1049557199077953,2.519415117687929e-5,3' UTR lengthening + gene downregulated
TBC1D22A,ENSG00000054611,PAS51192_AATAAA_0.4,8.694892159165569e-4,0,12.94712945589822,1,3.2041242209912075e-4,0.0012255466462803798,0.7983444051961591,0.5408267167607951,-0.25751768843536404,chr22,47174078,47174079,+,0.6695855609784771,2,TUTR,proximal pA,DMAi_96hrs,0.5150353768707283,-1.4889161420268735,9.4674018733806e-13,3' UTR lengthening + gene downregulated
TENM3,ENSG00000218336,PAS13431_AATAAA_0.25,0.011736808969255942,0,7.655185944262257,1,0.00566093563921183,0.015260790848128172,0.8494930090876306,0.6659005151367193,-0.1835924939509113,chr4,182801127,182801128,+,0.757696762112175,2,TUTR,proximal pA,DMAi_96hrs,0.3671849879018225,-0.8684224295487689,1.993933670324564e-4,3' UTR lengthening + gene downregulated
THG1L,ENSG00000113272,PAS15717_APA_0.3,1.2680118842408505e-5,0,21.62684771041904,1,3.311834791451572e-6,1.9315184841367022e-5,0.9523298368092727,0.8142006064293562,-0.13812923037991665,chr5,157739762,157739763,+,0.8832652216193144,2,TUTR,proximal pA,DMAi_96hrs,0.2762584607598334,-0.926384847576844,2.7696813087589545e-7,3' UTR lengthening + gene downregulated
TLCD4,ENSG00000152078,PAS1178_ATTAAA_0.25,0.6091818697722625,1,0.38382844496416624,1,0.5355614057124833,0.6471808464556345,0.4002500474135848,0.29127847210026026,-0.10897157531332452,chr1,95194946,95194947,+,0.3457642597569225,0,TUTR,proximal pA,DMAi_96hrs,0.2179431506266491,-1.4801035530669029,1.9175754474929567e-4,3' UTR lengthening + gene downregulated
TMA16,ENSG00000198498,PAS13368_AATAAA_0.4,2.012997907185667e-9,0,39.64233344130844,1,3.0499968290691926e-10,3.34048273396192e-9,0.6538926292461669,0.3285560262762208,-0.3253366029699461,chr4,163519554,163519555,+,0.49122432776119385,2,TUTR,proximal pA,DMAi_96hrs,0.6506732059398922,-0.993390014123386,7.611186731123356e-27,3' UTR lengthening + gene downregulated
TMBIM6,ENSG00000139644,PAS32543_APA_0.25,4.5986304193880907e-51,0,234.1822982726335,1,7.299413364108079e-53,9.660165302985327e-51,0.28306619838511743,0.08398223964557379,-0.19908395873954365,chr12,49763000,49763001,+,0.1835242190153456,2,TUTR,proximal pA,DMAi_96hrs,0.3981679174790873,-0.6246808803237608,2.9875862141352475e-40,3' UTR lengthening + gene downregulated
TMEM107,ENSG00000179029,PAS43821_AATAAA_0.45,0.2720927990910845,1,1.617788684746074,1,0.20340039979090235,0.30661620779110776,0.8078677919944756,0.6929049221776982,-0.1149628698167774,chr17,8174002,8174003,-,0.7503863570860869,0,TUTR,proximal pA,DMAi_96hrs,0.22992573963355478,-2.8501806629713604,4.921897740859969e-32,3' UTR lengthening + gene downregulated
TMEM14A,ENSG00000096092,PAS17913_ATTAAA_0.2,4.070533191367111e-5,0,19.24093123203784,1,1.1521638097436205e-5,6.07181122113092e-5,0.4369016441751037,0.28976261097640094,-0.14713903319870275,chr6,52686276,52686277,+,0.3633321275757523,2,TUTR,proximal pA,DMAi_96hrs,0.29427806639740545,-0.6210162693191151,1.5032210971437266e-5,3' UTR lengthening + gene downregulated
TMEM167A,ENSG00000174695,PAS16431_ATTAAA_0.35,2.5077492356461817e-12,4.2860192411317726e-8,32.40021256242471,1,1.2547274942923641e-8,1.103340384100611e-7,0.5558449938536434,0.369359728070762,-0.18648526578288144,chr5,83056657,83056658,-,0.4626023609622027,2,TUTR,proximal pA,DMAi_96hrs,0.3822523230139521,-0.9921830997422196,2.5486795954046238e-20,3' UTR lengthening + gene downregulated
TMEM254,ENSG00000133678,PAS27460_AATAAA_0.15,0.015171325576713206,0,7.128772806843472,1,0.007585662788356603,0.01958191006857789,0.23434171569757667,0.05261916136960857,-0.1817225543279681,chr10,80091864,80091865,+,0.14348043853359263,2,TUTR,proximal pA,DMAi_96hrs,0.36344510865593627,-1.330038043083117,8.309878331068299e-7,3' UTR lengthening + gene downregulated
TMEM63A,ENSG00000196187,PAS4918_APA_0.3,0.025304034470679297,0,6.096289359040952,1,0.013546604312585886,0.031890545966228354,0.3713885133265964,0.1590042988435797,-0.2123842144830167,chr1,225846632,225846633,-,0.26519640608508804,2,TUTR,proximal pA,DMAi_96hrs,0.4247684289660334,-0.8743304398355919,3.976126312176052e-4,3' UTR lengthening + gene downregulated
TOX,ENSG00000198846,PAS23930_AATAAA_0.35,5.645330035447046e-6,6.092945981010328e-7,25.91524487963716,1,3.567406683686783e-7,2.49577028826563e-6,0.9029174389844322,0.6908108025837404,-0.21210663640069183,chr8,58806785,58806786,-,0.7968641207840863,2,TUTR,proximal pA,DMAi_96hrs,0.36718847961741796,-1.8962442087096485,1.699973234970571e-38,3' UTR lengthening + gene downregulated
TRAPPC9,ENSG00000167632,PAS24603_AATAAA_0.05,2.3657869347515e-8,0,34.54709967598319,1,4.160610145053522e-9,3.925832912382025e-8,0.940766002994386,0.7075467300202151,-0.233219272974171,chr8,139730345,139730346,-,0.8241563665073005,2,TUTR,proximal pA,DMAi_96hrs,0.466438545948342,-1.106106902501103,1.2954384570889711e-8,3' UTR lengthening + gene downregulated
TRMT10A,ENSG00000145331,PAS14094_AATAAA_0.45,0.01131647401878124,0.019875717049416472,6.365323260426521,1,0.011637189311400767,0.02801427974145151,0.4842103339197037,0.2083333362563362,-0.27587699766336743,chr4,99548928,99548929,-,0.34627183508801995,2,TUTR,proximal pA,DMAi_96hrs,0.6271927256820664,-1.5730560061399184,6.335997797569715e-14,3' UTR lengthening + gene downregulated
TSPAN6,ENSG00000000003,PAS52907_APA_0.2,1.4724567739701048e-6,2.809413363663627e-7,27.411027779929785,1,1.644905443443747e-7,1.209615757374509e-6,0.5238467447363069,0.1992352525131159,-0.32461149222319097,chrX,100629693,100629694,-,0.3615409986247114,3,TUTR,proximal pA,DMAi_96hrs,0.5096062742659943,-1.2614145007076718,1.6842207331923925e-7,3' UTR lengthening + gene downregulated
TXNL4A,ENSG00000141759,PAS45977_AATAAA_0.15,5.1645556081880396e-20,0,89.56207244927646,1,2.9716689015367686e-21,9.38232084002096e-20,0.9844671920154334,0.8654138598431683,-0.1190533321722651,chr18,79973513,79973514,-,0.9249405259293008,2,TUTR,proximal pA,DMAi_96hrs,0.23810666434453018,-1.4304430334667788,6.960747833756016e-54,3' UTR lengthening + gene downregulated
TYSND1,ENSG00000156521,PAS28665_AATAAA_0.4,9.724615778224186e-5,0,17.454063125272796,1,2.943345107478388e-5,1.4303324250876463e-4,0.8665561694215568,0.6394496718069851,-0.2271064976145717,chr10,70139212,70139213,-,0.753002920614271,2,TUTR,proximal pA,DMAi_96hrs,0.4542129952291435,-2.090638565512789,3.64651225466428e-24,3' UTR lengthening + gene downregulated
UBR7,ENSG00000012963,PAS37065_AATAAA_0.05,2.014574458242552e-6,0,25.422977940747387,1,4.604014860377548e-7,3.166581203882886e-6,0.27163158158313505,0.06575875962432216,-0.2058728219588129,chr14,93227111,93227112,+,0.1686951706037286,2,TUTR,proximal pA,DMAi_96hrs,0.41174564391762575,-0.6659113036169743,6.630091758508524e-5,3' UTR lengthening + gene downregulated
UCK2,ENSG00000143179,PAS1783_APA_0.25,2.10981190794688e-4,2.398405358034561e-5,18.863332904668823,1,1.4042611457756468e-5,7.273669685604385e-5,0.6600688962696875,0.5203617454937204,-0.13970715077596707,chr1,165908107,165908108,+,0.5902153208817039,1,TUTR,proximal pA,DMAi_96hrs,0.23052913931054653,-0.943808097520902,6.292673175868189e-19,3' UTR lengthening + gene downregulated
UNKL,ENSG00000059145,PAS41130_APA_0.15,0.024841495159196134,0,6.133071675717474,1,0.01326761673275248,0.03134062491935775,0.17100247527243428,0.054465636691417685,-0.1165368385810166,chr16,1365807,1365808,-,0.11273405598192598,2,TUTR,proximal pA,DMAi_96hrs,0.2330736771620332,-0.9567319826061318,3.564145810935923e-5,3' UTR lengthening + gene downregulated
VKORC1L1,ENSG00000196715,PAS20471_AATAAA_0.25,5.66450167956397e-10,1.767201999822511e-6,25.980420080727527,1,3.448976485945088e-7,2.4182426301675027e-6,0.3473649754951315,0.07152959294639935,-0.2758353825487322,chr7,65954817,65954818,+,0.20944728422076545,4,TUTR,proximal pA,DMAi_96hrs,0.5413045768284643,-0.6465953405288087,0.002267187623410144,3' UTR lengthening + gene downregulated
VMA21,ENSG00000160131,PAS52426_AATAAA_0.25,6.74477076086756e-39,0,177.77381224774217,1,1.4842388759484891e-40,1.2951207466520495e-38,0.5007335533264982,0.13248321464112,-0.36825033868537815,chrX,151405159,151405160,+,0.3166083839838091,2,TUTR,proximal pA,DMAi_96hrs,0.7365006773707563,-0.8633365777000741,3.914065050959218e-13,3' UTR lengthening + gene downregulated
VPS29,ENSG00000111237,PAS34881_ATTAAA_0.35,2.099376694494623e-19,0,86.720998953042,1,1.249628984821675e-20,3.7945235005646313e-19,0.7996605842484431,0.5926844086195984,-0.2069761756288448,chr12,110491926,110491927,-,0.6961724964340208,2,TUTR,proximal pA,DMAi_96hrs,0.41395235125768925,-0.7618322323807043,5.1345545583507535e-15,3' UTR lengthening + gene downregulated
WDR76,ENSG00000092470,PAS38456_ATTAAA_0.3,0.06789632551057949,1,4.162310278519726,1,0.041332990367641737,0.08280676422713744,0.8097798486922905,0.7061675350600475,-0.103612313632243,chr15,43867011,43867012,+,0.757973691876169,0,TUTR,proximal pA,DMAi_96hrs,0.207224627264486,-0.9321074150271764,1.817155620251358e-9,3' UTR lengthening + gene downregulated
WNT5A,ENSG00000114251,PAS11360_AATAAA_0.25,0.1920568388407188,1,2.237210244242789,1,0.13472385394147823,0.22039035068444743,0.411963476201836,0.2423267497883929,-0.16963672641344318,chr3,55467586,55467587,-,0.32714511299511445,0,TUTR,proximal pA,DMAi_96hrs,0.33927345282688637,-1.0519837261779723,0.00564813912816731,3' UTR lengthening + gene downregulated
ZC3H10,ENSG00000135482,PAS32725_AATAAA_0.45,0.001977052187257954,0,11.26734696061692,1,7.888238524918098e-4,0.002713301191557815,0.9143527956875208,0.6305303771149763,-0.28382241857254464,chr12,56122493,56122494,+,0.7724415864012486,2,TUTR,proximal pA,DMAi_96hrs,0.5676448371450893,-0.6965868245339827,0.010502406366031367,3' UTR lengthening + gene downregulated
ZNF254,ENSG00000213096,PAS46579_AATAAA_0.35,0.12765959289938958,1,4.808586549615939,1,0.028318263291655217,0.06001622946046431,0.2417997326536737,0.08915823849473055,-0.15264149415894313,chr19,24128380,24128381,+,0.16547898557420213,0,TUTR,proximal pA,DMAi_96hrs,0.30669618969898116,-0.7738252805794901,2.4101799959732096e-4,3' UTR lengthening + gene downregulated
ZNF569,ENSG00000196437,PAS48108_APA_0.3,0.01552745066214386,0,7.07879713656439,1,0.0078001352983532914,0.0200151799439568,0.15626140532818122,0.047638433151464765,-0.10862297217671646,chr19,37414139,37414140,-,0.101949919239823,2,TUTR,proximal pA,DMAi_96hrs,0.21724594435343292,-0.7033316756179219,0.0020956984388366363,3' UTR lengthening + gene downregulated
ZNF681,ENSG00000196172,PAS48007_AATAAA_0.4,0.4481538010488788,1,0.8140899929402394,1,0.36691379923536455,0.4871631172691936,0.401500271307639,0.28276844410625634,-0.11873182720138264,chr19,23743357,23743358,-,0.34213435770694767,0,TUTR,proximal pA,DMAi_96hrs,0.2374636544027654,-1.840351524397905,3.000709456609804e-9,3' UTR lengthening + gene downregulated
ZNF7,ENSG00000147789,PAS23597_AATAAA_0.3,0.003684182945583829,0,10.001278610217469,1,0.0015643157745137688,0.004971562700631011,0.8691585901359339,0.7274821775875169,-0.141676412548417,chr8,144843219,144843220,+,0.7983203838617254,2,TUTR,proximal pA,DMAi_96hrs,0.283352825096834,-0.6473822458518825,2.99395594859814e-4,3' UTR lengthening + gene downregulated
