"gene_name","feature_id","twostep_gene_padj","twostep_feature_padj","lr","df","pvalue","adj_pvalue","pA_usage_control","pA_usage_treatment","change_in_usage","chr","start","end","strand","mean_usage","sig_PAS_count","UTR_type","internal_to_UTR_shift"
"ABRAXAS1","PAS14028_ATTAAA_0.35",0.0176573198479638,0.00875380357318816,11.2107766082038,1,0.0008132367911989,0.0216565057049219,0.698301143452253,0.858008275228177,0.159707131775924,"chr4",83490421,83490422,"-",0.778154709340215,2,"iAPA",-0.297972594978774
"ABRAXAS1","PAS14025_ATTAAA_0.4",0.0176573198479638,0.00484682790746152,12.3110898446198,1,0.000450274985268116,0.0136333259428402,0.209549512213711,0.0712840490108608,-0.13826546320285,"chr4",83461085,83461086,"-",0.140416780612286,2,"iAPA",-0.297972594978774
"ACP1","PAS5153_AATAAA_0.25",1.19543203137108e-08,0,41.7698385666281,1,1.02675143798743e-10,2.48702014979178e-08,0.536516987605747,0.290453431151873,-0.246063556453874,"chr2",277506,277507,"+",0.41348520937881,2,"TUTR",NA
"ACP1","PAS5154_AATAAA_0.15",1.19543203137108e-08,0,41.7698385666281,1,1.02675143798743e-10,2.48702014979178e-08,0.463483012394253,0.709546568848127,0.246063556453874,"chr2",278279,278280,"+",0.58651479062119,2,"TUTR",NA
"AGTPBP1","PAS26143_AATAAA_0.25",0.0466576353014315,0,8.19014157454876,1,0.00421186365998899,0.0688424575728286,0.423998699088704,0.187668819601984,-0.23632987948672,"chr9",85546942,85546943,"-",0.305833759345344,2,"TUTR",NA
"AGTPBP1","PAS26142_AATAAA_0.15",0.0466576353014315,0,8.19014157454876,1,0.00421186365998899,0.0688424575728286,0.576001300911296,0.812331180398016,0.23632987948672,"chr9",85546539,85546540,"-",0.694166240654656,2,"TUTR",NA
"ALDH7A1","PAS16667_AATAAA_0.4",0.000433997737221101,2.06215730093308e-05,22.6777197122574,1,1.91576401313678e-06,0.000159099639948121,0.756328151848214,0.504673046057303,-0.251655105790911,"chr5",126544756,126544757,"-",0.630500598952758,2,"TUTR",NA
"ALDH7A1","PAS16666_None_0.2",0.000433997737221101,0.000938618636719082,15.3954376038164,1,8.71985762420883e-05,0.00372731169034809,0.189873424892039,0.383177380686848,0.193303955794809,"chr5",126543964,126543965,"-",0.286525402789444,2,"TUTR",NA
"ANKHD1","PAS15513_AATAAA_0.1",1.67793409955849e-13,8.14408593846139e-13,57.2783495722706,1,3.78296717562185e-14,1.64937368857113e-11,0.430070305364864,0.21234224722883,-0.217728058136033,"chr5",140472475,140472476,"+",0.321206276296847,2,"ALE",NA
"ANKHD1","PAS15517_ATTAAA_0.3",1.67793409955849e-13,2.86519634277703e-06,27.8207683973051,1,1.33089751242053e-07,1.47839825583529e-05,0.0845578503383623,0.195540865150994,0.110983014812632,"chr5",140535913,140535914,"+",0.140049357744678,2,"ALE",NA
"ANKRD11","PAS42065_AATAAA_0.3",6.86022655106369e-13,7.27623243584148e-17,77.4635607216524,1,1.3519380161248e-18,1.66605264471425e-15,0.13454188181696,0.324948947356183,0.190407065539224,"chr16",89298875,89298876,"-",0.229745414586571,2,"ALE",NA
"ANKRD11","PAS42061_APA_0.35",6.86022655106369e-13,0.002988856928894,16.249182940579,1,5.55335380302829e-05,0.00265343809109078,0.405776737093579,0.303608225551661,-0.102168511541918,"chr16",89283318,89283319,"-",0.35469248132262,2,"ALE",NA
"ANKRD46","PAS24281_AATAAA_0.2",0.00581791617442539,0,13.2874711121235,1,0.000267185633251438,0.00920892775475312,0.769120369814854,0.966321203102366,0.197200833287511,"chr8",100520773,100520774,"-",0.86772078645861,2,"iAPA",0.394401666575023
"ANKRD46","PAS24285_ATTAAA_0.3",0.00581791617442539,0,13.2874711121235,1,0.000267185633251438,0.00920892775475312,0.230879630185146,0.0336787968976345,-0.197200833287511,"chr8",100548857,100548858,"-",0.13227921354139,2,"iAPA",0.394401666575023
"AOPEP","PAS25196_APA_0.35",0.039113915440203,0,8.61235168707492,1,0.00333890917079384,0.0589975440107848,0.482432004657065,0.227603799029273,-0.254828205627792,"chr9",95020762,95020763,"+",0.355017901843169,2,"iAPA",0.509656411255584
"AOPEP","PAS25199_AATAAA_0.25",0.039113915440203,0,8.61235168707503,1,0.00333890917079363,0.0589975440107848,0.517567995342935,0.772396200970727,0.254828205627792,"chr9",95087157,95087158,"+",0.644982098156831,2,"iAPA",0.509656411255584
"AP2B1","PAS42660_AATAAA_0.35",2.12368454165375e-07,3.62286501990175e-09,40.8040516596011,1,1.68283826516032e-10,3.8616709663679e-08,0.723430083915593,0.857226652371213,0.133796568455621,"chr17",35726408,35726409,"+",0.790328368143403,2,"TUTR",NA
"AP2B1","PAS42658_ATTAAA_0.3",2.12368454165375e-07,1.05579224966756e-07,34.2270676154112,1,4.90420589240847e-09,8.38523046701996e-07,0.251877265285891,0.133144955991806,-0.118732309294085,"chr17",35724085,35724086,"+",0.192511110638848,2,"TUTR",NA
"ATL3","PAS31319_AATAAA_0.1",0.0240619577983369,0,9.80381415003194,1,0.00174150297320136,0.0373664034533565,0.566955582706708,0.708186605247533,0.141231022540825,"chr11",63624087,63624088,"-",0.637571093977121,2,"TUTR",NA
"ATL3","PAS31320_ATTAAA_0.15",0.0240619577983369,0,9.80381415003194,1,0.00174150297320136,0.0373664034533565,0.433044417293292,0.291813394752467,-0.141231022540825,"chr11",63629123,63629124,"-",0.362428906022879,2,"TUTR",NA
"ATM","PAS30482_ATTAAA_0.2",6.22006457509857e-07,5.06539775985588e-08,34.3074359518941,1,4.70580335271449e-09,8.20692104713407e-07,0.038710087043416,0.328766993100729,0.290056906057313,"chr11",108366487,108366488,"+",0.183738540072073,2,"TUTR",NA
"ATM","PAS30484_AATAAA_0.4",6.22006457509857e-07,0.0363606916753442,8.59118387522176,1,0.00337794331076817,0.0593864227215695,0.812902390612456,0.630136913899596,-0.18276547671286,"chr11",108369098,108369099,"+",0.721519652256026,2,"TUTR",NA
"ATP2C1","PAS10145_AATAAA_0.4",0.00336625931958316,0.000390391113704584,19.1491335362853,1,1.20892369420642e-05,0.000761141849348738,0.108808222513368,0.251312070718827,0.142503848205459,"chr3",131016372,131016373,"+",0.180060146616098,2,"ALE",NA
"ATP2C1","PAS10143_APA_0.3",0.00336625931958316,0.0358166077257356,10.635900791754,1,0.00110913246243879,0.0273596465982072,0.436676838069103,0.299762244934552,-0.136914593134551,"chr3",131001991,131001992,"+",0.368219541501827,2,"ALE",NA
"AURKA","PAS49965_AATAAA_0.1",0.0190977668197669,0,10.3729310334002,1,0.00127876370291866,0.0298949584167579,0.312745825932406,0.182485671984502,-0.130260153947904,"chr20",56369665,56369666,"-",0.247615748958454,2,"ALE",NA
"AURKA","PAS49964_AATAAA_0.15",0.0190977668197669,0,10.3729310334002,1,0.00127876370291866,0.0298949584167579,0.687254174067594,0.817514328015498,0.130260153947904,"chr20",56369389,56369390,"-",0.752384251041546,2,"ALE",NA
"B3GNTL1","PAS45096_AATAAA_0.35",0.0109942192381993,0,11.7133513795643,1,0.000620532619579344,0.0174831807519694,0.107136062301822,0.255164339303623,0.1480282770018,"chr17",82942156,82942157,"-",0.181150200802723,2,"MIXED",NA
"B3GNTL1","PAS45097_AATAAA_0.45",0.0109942192381993,0,11.7133513795634,1,0.000620532619579648,0.0174831807519694,0.892863937698178,0.744835660696377,-0.1480282770018,"chr17",82943795,82943796,"-",0.818849799197277,2,"MIXED",NA
"BCCIP","PAS27990_AATAAA_0.35",3.91569873664574e-21,2.18811141816176e-19,87.1295834067841,1,1.0163883011619e-20,2.21572649653295e-17,0.581195778528612,0.829541346858948,0.248345568330336,"chr10",125836548,125836549,"+",0.70536856269378,2,"ALE",NA
"BCCIP","PAS27994_ATTAAA_0.4",3.91569873664574e-21,3.01431867142028e-16,72.8481815138148,1,1.40016555289461e-17,1.28520459170958e-14,0.153942309057406,0.0209764322754119,-0.132965876781994,"chr10",125853520,125853521,"+",0.0874593706664088,2,"ALE",NA
"BET1","PAS21966_AATAAA_0.15",0.0147712313361481,0,11.009905835667,1,0.000906262499377406,0.0235898775957343,0.435106115910276,0.792019065394304,0.356912949484028,"chr7",93993244,93993245,"-",0.61356259065229,2,"MIXED",NA
"BET1","PAS21967_ATTAAA_0.3",0.0147712313361481,0,11.009905835667,1,0.000906262499377406,0.0235898775957343,0.564893884089724,0.207980934605696,-0.356912949484028,"chr7",93994226,93994227,"-",0.38643740934771,2,"MIXED",NA
"BSCL2","PAS31295_AATAAA_0.2",0.0187919241657907,0,10.4221788730156,1,0.00124510908583153,0.0294237160662628,0.872019442658223,0.979142731119876,0.107123288461653,"chr11",62690274,62690275,"-",0.92558108688905,2,"iAPA",0.214246576923306
"BSCL2","PAS31296_APA_0.15",0.0187919241657907,0,10.4221788730156,1,0.00124510908583153,0.0294237160662628,0.127980557341777,0.0208572688801237,-0.107123288461653,"chr11",62696472,62696473,"-",0.0744189131109502,2,"iAPA",0.214246576923306
"C11orf58","PAS29542_AATAAA_0.15",4.27240105814695e-12,0.000678459094621477,19.0692611614131,1,1.26059007940187e-05,0.000785167535170306,0.505199628877286,0.373574891295397,-0.131624737581889,"chr11",16755890,16755891,"+",0.439387260086342,2,"iAPA",-0.250597298288652
"C11orf58","PAS29539_None_0.05",4.27240105814695e-12,2.03058407391753e-12,57.2836090666315,1,3.77286436170478e-14,1.64937368857113e-11,0.0266810677236143,0.145653628430377,0.118972560706763,"chr11",16740426,16740427,"+",0.0861673480769958,2,"iAPA",-0.250597298288652
"C16orf74","PAS42002_AATAAA_0.3",0.0017418853204082,0,16.1359658957831,1,5.89537803987232e-05,0.00276385465095089,0.480105749556532,0.286118042932954,-0.193987706623578,"chr16",85707519,85707520,"-",0.383111896244743,2,"iAPA",-0.387975413247156
"C16orf74","PAS42003_AATAAA_0.3",0.0017418853204082,0,16.1359658957836,1,5.89537803987091e-05,0.00276385465095089,0.519894250443468,0.713881957067045,0.193987706623578,"chr16",85748924,85748925,"-",0.616888103755256,2,"iAPA",-0.387975413247156
"C4orf3","PAS14205_AATAAA_0.2",0.0017027677048101,0,16.2094945980029,1,5.6709178600161e-05,0.00269484489042727,0.135124049271673,0.261350555002199,0.126226505730525,"chr4",119297054,119297055,"-",0.198237302136936,2,"TUTR",NA
"C4orf3","PAS14206_APA_0.25",0.0017027677048101,0,16.2094945980029,1,5.6709178600161e-05,0.00269484489042727,0.864875950728326,0.738649444997801,-0.126226505730525,"chr4",119298490,119298491,"-",0.801762697863064,2,"TUTR",NA
"C9orf85","PAS25058_AATAAA_0.25",0.0191468697126176,0.00313955097842453,13.1231622782842,1,0.000291667312631902,0.00985790296957438,0.46978081940505,0.749973349279618,0.280192529874568,"chr9",71973452,71973453,"+",0.609877084342334,2,"iAPA",0.476290114383115
"C9orf85","PAS25056_None_0.25",0.0191468697126176,0.0396327685439123,8.43438077263772,1,0.00368192240635819,0.0623141328912879,0.328085991768542,0.131988407259995,-0.196097584508547,"chr9",71954191,71954192,"+",0.230037199514268,2,"iAPA",0.476290114383115
"CDK16","PAS51923_ATTAAA_0.35",0.0157147226996011,0,10.8431127592939,1,0.000991638943359778,0.0251734835112002,0.601816621553064,0.73672831259318,0.134911691040116,"chrX",47229992,47229993,"+",0.669272467073122,2,"MIXED",NA
"CDK16","PAS51922_APA_0.05",0.0157147226996011,0,10.8431127592976,1,0.000991638943357828,0.0251734835112002,0.398183378446936,0.26327168740682,-0.134911691040116,"chrX",47228989,47228990,"+",0.330727532926878,2,"MIXED",NA
"CDK17","PAS34736_APA_0.3",0.0399001857268356,0.00845873297440851,11.2744190020708,1,0.000785824448104559,0.0212807117623346,0.708686535012693,0.841542839381717,0.132856304369024,"chr12",96278556,96278557,"-",0.775114687197205,2,"iAPA",0.25338321322416
"CDK17","PAS34738_APA_0.25",0.0399001857268356,0.0149451506192667,10.2211149888271,1,0.00138841890065055,0.0316256287336351,0.25578805869215,0.135261149837013,-0.120526908855136,"chr12",96327498,96327499,"-",0.195524604264582,2,"iAPA",0.25338321322416
"CDYL","PAS17292_None_0.15",0.000127944726203985,2.52904795805169e-06,28.8472504939582,1,7.83169978245631e-08,9.47981010226544e-06,0.120277765852814,0.408347358096399,0.288069592243586,"chr6",4892380,4892381,"+",0.264312561974606,2,"ALE",NA
"CDYL","PAS17295_AATAAA_0.25",0.000127944726203985,0.0144896589070697,12.317625650928,1,0.000448701093821029,0.0136092992630239,0.480894576974088,0.267037876179373,-0.213856700794715,"chr6",4955542,4955543,"+",0.37396622657673,2,"ALE",NA
"CENPN","PAS40926_AATAAA_0.25",0.0122090917069733,0.00151575868188214,14.4912052084737,1,0.000140815442839182,0.00555615683962747,0.851725403946305,0.687329301827105,-0.164396102119201,"chr16",81022872,81022873,"+",0.769527352886705,2,"ALE",NA
"CENPN","PAS40928_AATAAA_0.05",0.0122090917069733,0.0131418715857986,10.4584564190015,1,0.00122089253996025,0.0290482481540339,0.10965763708969,0.234692631403105,0.125034994313415,"chr16",81031482,81031483,"+",0.172175134246397,2,"ALE",NA
"CERS6","PAS6486_APA_0.3",1.67793409955849e-13,1.46643212089034e-15,70.5265661940066,1,4.54109859229844e-17,3.2998649770702e-14,0.282975671239015,0.678301308997413,0.395325637758398,"chr2",168698278,168698279,"+",0.480638490118214,2,"iAPA",-0.665612288615694
"CERS6","PAS6492_AATAAA_0.2",1.67793409955849e-13,4.53016314419586e-08,36.6648605783366,1,1.40285507824937e-09,2.82733607774221e-07,0.467447138091939,0.197160487234643,-0.270286650857296,"chr2",168775127,168775128,"+",0.332303812663291,2,"iAPA",-0.665612288615694
"CHCHD7","PAS22921_AATAAA_0.3",2.65819888388346e-05,0,25.3242440992578,1,4.84579638779807e-07,4.66909883995571e-05,0.247563661999381,0.498737331495253,0.251173669495872,"chr8",56218614,56218615,"+",0.373150496747317,2,"TUTR",NA
"CHCHD7","PAS22919_ATTAAA_0.4",2.65819888388346e-05,0,25.3242440992578,1,4.84579638779807e-07,4.66909883995571e-05,0.752436338000619,0.501262668504747,-0.251173669495872,"chr8",56217464,56217465,"+",0.626849503252683,2,"TUTR",NA
"CHD6","PAS49801_None_0.25",0.0122090917069733,0.0112305281008521,12.0365890193152,1,0.00052166344377315,0.0154200177278029,0.581040081135574,0.776379812752508,0.195339731616934,"chr20",41571389,41571390,"-",0.678709946944041,2,"iAPA",-0.340484277257744
"CHD6","PAS49798_APA_0.35",0.0122090917069733,0.0431758684617878,9.54445844658312,1,0.00200553990225658,0.0412947058977033,0.253133890298978,0.107989344658168,-0.14514454564081,"chr20",41402603,41402604,"-",0.180561617478573,2,"iAPA",-0.340484277257744
"CHID1","PAS30779_APA_0.15",0.00274312245599935,0.000209938416561781,18.2371742357141,1,1.95034812932067e-05,0.0011188839268208,0.327512342975958,0.17068987490265,-0.156822468073309,"chr11",880873,880874,"-",0.249101108939304,2,"iAPA",0.294474316580777
"CHID1","PAS30778_APA_0.1",0.00274312245599935,0.00589707137032836,11.9453356125032,1,0.000547843615473099,0.0160040077953951,0.60283701221874,0.740488860726208,0.137651848507469,"chr11",869762,869763,"-",0.671662936472474,2,"iAPA",0.294474316580777
"CHKA","PAS31475_AATAAA_0.25",0.0134153557601792,0,11.2184323634851,1,0.000809888786769047,0.0216301078732805,0.638753158561987,0.809506545917837,0.17075338735585,"chr11",68052860,68052861,"-",0.724129852239912,2,"TUTR",NA
"CHKA","PAS31476_ATTAAA_0.15",0.0134153557601792,0,11.2184323634851,1,0.000809888786769047,0.0216301078732805,0.361246841438013,0.190493454082163,-0.17075338735585,"chr11",68053815,68053816,"-",0.275870147760088,2,"TUTR",NA
"CHPF2","PAS21140_ATTAAA_0.25",0.00152409710237732,0,16.4497314563419,1,4.99572582199051e-05,0.00242015162043096,0.711915895738189,0.923965661092504,0.212049765354315,"chr7",151238818,151238819,"+",0.817940778415347,2,"ALE",NA
"CHPF2","PAS21141_AATAAA_0.15",0.00152409710237732,0,16.4497314563419,1,4.99572582199051e-05,0.00242015162043096,0.28808410426181,0.0760343389074959,-0.212049765354315,"chr7",151240970,151240971,"+",0.182059221584653,2,"ALE",NA
"CMC1","PAS9340_AATAAA_0.3",0.0226299563008414,0,9.94059442585012,1,0.00161673332938459,0.035365844707586,0.914624585602167,0.812848202228094,-0.101776383374073,"chr3",28319769,28319770,"+",0.86373639391513,2,"iAPA",-0.203552766748146
"CMC1","PAS9339_None_0.25",0.0226299563008414,0,9.94059442585194,1,0.001616733329383,0.035365844707586,0.0853754143978334,0.187151797771906,0.101776383374073,"chr3",28247389,28247390,"+",0.13626360608487,2,"iAPA",-0.203552766748146
"COA5","PAS8096_AATAAA_0.45",0.0181604830423731,0,10.5000370681015,1,0.00119372149708857,0.0285184971359243,0.816755164618257,0.622378817704305,-0.194376346913952,"chr2",98600478,98600479,"-",0.719566991161281,2,"TUTR",NA
"COA5","PAS8095_AATAAA_0.35",0.0181604830423731,0,10.5000370681016,1,0.0011937214970885,0.0285184971359243,0.183244835381743,0.377621182295695,0.194376346913952,"chr2",98599402,98599403,"-",0.280433008838719,2,"TUTR",NA
"COMMD2","PAS11974_None_0.1",0.000285316896285148,0.000226664657150518,18.0911885146643,1,2.10573651691103e-05,0.0011846466082235,0.208993829626525,0.455151792941128,0.246157963314603,"chr3",149751831,149751832,"-",0.332072811283826,2,"ALE",NA
"COMMD2","PAS11971_AATAAA_0.35",0.000285316896285148,0.00480575601480931,12.3269747889769,1,0.000446459366844686,0.0135648978358386,0.23437297160203,0.0769964138218173,-0.157376557780213,"chr3",149738476,149738477,"-",0.155684692711924,2,"ALE",NA
"COPS8","PAS7160_AATAAA_0.4",0.0128729714612165,0,11.324449406809,1,0.000764932046512061,0.0207471460204877,0.664642908884137,0.803096079215253,0.138453170331115,"chr2",237098690,237098691,"+",0.733869494049695,2,"TUTR",NA
"COPS8","PAS7159_APA_0.3",0.0128729714612165,0,11.3244494068085,1,0.000764932046512249,0.0207471460204877,0.335357091115863,0.196903920784748,-0.138453170331115,"chr2",237097933,237097934,"+",0.266130505950305,2,"TUTR",NA
"CREM","PAS27132_APA_0.1",0.0214324253503538,0.00531010512421681,14.1992280139614,1,0.000164437961778259,0.00631673580046881,0.33802074844623,0.167784923624575,-0.170235824821655,"chr10",35211873,35211874,"+",0.252902836035402,2,"ALE",NA
"CREM","PAS27130_AATAAA_0.2",0.0214324253503538,0.0267671236948857,11.1753844092941,1,0.000828897198848346,0.0219362172199016,0.314735635368902,0.482292329256237,0.167556693887335,"chr10",35179845,35179846,"+",0.398513982312569,2,"ALE",NA
"CTSC","PAS31684_AATAAA_0.25",0.00841607609271345,0.00118976600879983,14.9477394657292,1,0.000110530409231185,0.00453465550011757,0.611806286580955,0.429828382717278,-0.181977903863677,"chr11",88293592,88293593,"-",0.520817334649116,2,"ALE",NA
"CTSC","PAS31686_AATAAA_0.15",0.00841607609271345,0.00639907410659262,11.7931826825893,1,0.000594480153636124,0.0170241935622562,0.36642959650097,0.527546887351675,0.161117290850705,"chr11",88326089,88326090,"-",0.446988241926323,2,"ALE",NA
"DCAF7","PAS43228_AATAAA_0.3",0.0276856234590469,0,9.45888055916339,1,0.00210129271827648,0.0427115909169485,0.796082291092646,0.901694839108012,0.105612548015366,"chr17",63594264,63594265,"+",0.848888565100329,2,"MIXED",NA
"DCAF7","PAS43227_ATTAAA_0.1",0.0276856234590469,0,9.45888055916339,1,0.00210129271827648,0.0427115909169485,0.203917708907354,0.0983051608919882,-0.105612548015366,"chr17",63589450,63589451,"+",0.151111434899671,2,"MIXED",NA
"DCAF8","PAS4317_APA_0.1",0.00569801220823153,0.000582412387598113,16.2985032454089,1,5.41066722921998e-05,0.00259950513712387,0.554465883441746,0.368100905818612,-0.186364977623134,"chr1",160215720,160215721,"-",0.461283394630179,2,"TUTR",NA
"DCAF8","PAS4318_AATAAA_0.35",0.00569801220823153,0.000884559595516249,15.5075485125271,1,8.21764391978285e-05,0.00358289274902532,0.41296592715593,0.595095066095977,0.182129138940046,"chr1",160216660,160216661,"-",0.504030496625953,2,"TUTR",NA
"DDX10","PAS30487_AATAAA_0.35",0.0491232382787857,0,8.0515893854166,1,0.00454637507645961,0.0725423433974892,0.817000743251112,0.962095013280993,0.145094270029882,"chr11",108940923,108940924,"+",0.889547878266053,2,"iAPA",0.290188540059763
"DDX10","PAS30486_None_0.25",0.0491232382787857,0,8.05158938541683,1,0.00454637507645905,0.0725423433974892,0.182999256748888,0.0379049867190066,-0.145094270029881,"chr11",108665333,108665334,"+",0.110452121733947,2,"iAPA",0.290188540059763
"DNAH1","PAS9673_AATAAA_0.4",0.0371229834952323,0,8.74537370709322,1,0.00310388486016228,0.0560370103118325,0.377385868570865,0.178593295017813,-0.198792573553052,"chr3",52375054,52375055,"+",0.277989581794339,2,"iAPA",0.397585147106104
"DNAH1","PAS9674_ATTAAA_0.15",0.0371229834952323,0,8.74537370709322,1,0.00310388486016228,0.0560370103118325,0.622614131429135,0.821406704982187,0.198792573553052,"chr3",52400490,52400491,"+",0.722010418205661,2,"iAPA",0.397585147106104
"DNAJC11","PAS2662_AATAAA_0.1",0.0333438783207045,0,8.9996992095389,1,0.00270024045296503,0.0510222159034149,0.716669339861993,0.875335497145163,0.15866615728317,"chr1",6634170,6634171,"-",0.796002418503578,2,"MIXED",NA
"DNAJC11","PAS2663_APA_0.35",0.0333438783207045,0,8.9996992095389,1,0.00270024045296503,0.0510222159034149,0.283330660138007,0.124664502854837,-0.15866615728317,"chr1",6635115,6635116,"-",0.203997581496422,2,"MIXED",NA
"DNHD1","PAS29428_APA_0.15",0.00672770723100442,0,12.9313849740001,1,0.000323118629499599,0.0107541772871622,0.499036605584138,0.181179880366379,-0.31785672521776,"chr11",6549034,6549035,"+",0.340108242975259,2,"ALE",NA
"DNHD1","PAS29429_AATAAA_0.4",0.00672770723100442,0,12.9313849740001,1,0.000323118629499599,0.0107541772871622,0.500963394415862,0.818820119633621,0.31785672521776,"chr11",6572018,6572019,"+",0.659891757024741,2,"ALE",NA
"EEA1","PAS34684_None_0.25",7.70385857054233e-10,1.02336837578006e-12,58.1925307159954,1,2.37679771763117e-14,1.12030681609426e-11,0.523796849652094,0.814391971808807,0.290595122156713,"chr12",92895132,92895133,"-",0.66909441073045,2,"TUTR",NA
"EEA1","PAS34683_ATTAAA_0.45",7.70385857054233e-10,0.0014337923531907,17.2194941148664,1,3.33001729706867e-05,0.0017235551784477,0.181312337925496,0.0696902518216628,-0.111622086103833,"chr12",92857336,92857337,"-",0.125501294873579,2,"TUTR",NA
"ELFN1-AS1","PAS21242_None_0.1",0.0135913774461991,0,11.185709307738,1,0.00082429738762224,0.0218808926029404,0.507146863892566,0.80877357506462,0.301626711172054,"chr7",1738869,1738870,"-",0.657960219478593,2,"TUTR",NA
"ELFN1-AS1","PAS21241_APA_0.3",0.0135913774461991,0,11.185709307738,1,0.00082429738762224,0.0218808926029404,0.492853136107434,0.19122642493538,-0.301626711172054,"chr7",1738632,1738633,"-",0.342039780521407,2,"TUTR",NA
"ERP44","PAS26301_AATAAA_0.15",1.55489756648506e-16,1.54245775349902e-17,77.3486061130188,1,1.43295812332074e-18,1.66605264471425e-15,0.854327544562006,0.530713129350118,-0.323614415211889,"chr9",99982481,99982482,"-",0.692520336956062,2,"TUTR",NA
"ERP44","PAS26300_AATAAA_0.15",1.55489756648506e-16,1.42480379554062e-18,82.0547951769786,1,1.32365646211486e-19,2.56495207769813e-16,0.0975330329028525,0.407060424529145,0.309527391626293,"chr9",99982137,99982138,"-",0.252296728715999,2,"TUTR",NA
"EXD3","PAS26761_ATTAAA_0.05",0.0171457726346937,0,10.646188839532,1,0.00110297958929581,0.0272747494553608,0.389173890910712,0.0620174613767948,-0.327156429533917,"chr9",137422619,137422620,"-",0.225595676143753,2,"iAPA",0.654312859067835
"EXD3","PAS26760_AATAAA_0.2",0.0171457726346937,0,10.646188839532,1,0.00110297958929581,0.0272747494553608,0.610826109089288,0.937982538623205,0.327156429533917,"chr9",137391802,137391803,"-",0.774404323856247,2,"iAPA",0.654312859067835
"EXOC7","PAS44912_APA_0.05",0.000283428055446609,5.3439339581438e-05,22.1801396147912,1,2.48228308309923e-06,0.00019767587657192,0.265561771267017,0.100046786730309,-0.165514984536708,"chr17",76083576,76083577,"-",0.182804278998663,2,"TUTR",NA
"EXOC7","PAS44909_AATAAA_0.3",0.000283428055446609,0.0135982237054863,11.6803277679214,1,0.000631644045916541,0.0177096640162605,0.566404606382679,0.71483348020275,0.148428873820071,"chr17",76081016,76081017,"-",0.640619043292714,2,"TUTR",NA
"FAM136A","PAS7860_AATAAA_0.15",0.0217000252833148,0,10.0478266113687,1,0.00152527785076411,0.0339296501496505,0.668521658283314,0.803994309451362,0.135472651168048,"chr2",70295976,70295977,"-",0.736257983867338,2,"TUTR",NA
"FAM136A","PAS7861_AATAAA_0.25",0.0217000252833148,0,10.0478266113687,1,0.00152527785076411,0.0339296501496505,0.331478341716686,0.196005690548638,-0.135472651168048,"chr2",70297271,70297272,"-",0.263742016132662,2,"TUTR",NA
"FAM13B","PAS16805_AATAAA_0.35",0.0393012255864681,0.0111770424557252,10.7578881137379,1,0.00103835801955028,0.0260820871644575,0.255043801783546,0.451721133909321,0.196677332125775,"chr5",137937961,137937962,"-",0.353382467846433,2,"iAPA",0.376409237298155
"FAM13B","PAS16807_None_0.15",0.0393012255864681,0.0355152551984805,8.63403401067353,1,0.00329940144701046,0.0587158788121045,0.586279965074271,0.406548059901892,-0.17973190517238,"chr5",137981076,137981077,"-",0.496414012488082,2,"iAPA",0.376409237298155
"FAM210B","PAS49248_APA_0.3",0.00395189689099686,0,14.1475100597952,1,0.000169020655811259,0.00643607038722349,0.532616815799043,0.311681006279308,-0.220935809519735,"chr20",56366436,56366437,"+",0.422148911039175,2,"TUTR",NA
"FAM210B","PAS49249_AATAAA_0.3",0.00395189689099686,0,14.1475100597952,1,0.000169020655811259,0.00643607038722349,0.467383184200957,0.688318993720692,0.220935809519734,"chr20",56368659,56368660,"+",0.577851088960825,2,"TUTR",NA
"FAM32A","PAS46403_None_0.1",3.4441881685946e-05,1.10556945149847e-06,28.3222530308135,1,1.02708467886799e-07,1.17844452628012e-05,0.356016449106608,0.166261495291385,-0.189754953815223,"chr19",16185514,16185515,"+",0.261138972198996,2,"iAPA",0.378176672955701
"FAM32A","PAS46405_AATAAA_0.15",3.4441881685946e-05,3.34309422590007e-06,26.1827993406869,1,3.10576676551628e-07,3.19503737665815e-05,0.616544088974132,0.804965808114611,0.188421719140478,"chr19",16192043,16192044,"+",0.710754948544372,2,"iAPA",0.378176672955701
"FBLIM1","PAS260_AATAAA_0.1",0.0369218042073032,0,8.75911070612256,1,0.00308059225288159,0.0557897496264329,0.642343439960721,0.782820677731107,0.140477237770386,"chr1",15786588,15786589,"+",0.712582058845914,2,"TUTR",NA
"FBLIM1","PAS259_None_0.1",0.0369218042073032,0,8.75911070612392,1,0.00308059225287928,0.0557897496264329,0.357656560039279,0.217179322268893,-0.140477237770386,"chr1",15785357,15785358,"+",0.287417941154086,2,"TUTR",NA
"FBLN7","PAS6164_AATAAA_0.4",0.0109489445199396,0,11.7269005748328,1,0.00061603103516514,0.0174408786579221,0.269745217515878,0.664982145376649,0.395236927860771,"chr2",112181373,112181374,"+",0.467363681446263,2,"iAPA",-0.790473855721542
"FBLN7","PAS6165_AATAAA_0.1",0.0109489445199396,0,11.7269005748328,1,0.00061603103516514,0.0174408786579221,0.730254782484122,0.335017854623351,-0.395236927860771,"chr2",112188211,112188212,"+",0.532636318553736,2,"iAPA",-0.790473855721542
"FBXL5","PAS13655_AATAAA_0.2",0.000547064872847647,3.03240884732861e-05,23.2689344994724,1,1.4085685268047e-06,0.000121841610333763,0.438356121750637,0.245191857397749,-0.193164264352888,"chr4",15605007,15605008,"-",0.341773989574193,2,"iAPA",-0.383056442052747
"FBXL5","PAS13656_ATTAAA_0.2",0.000547064872847647,0.000122312690922933,20.5926157776266,1,5.68148345216077e-06,0.000416323829435646,0.454337866362297,0.644230044062156,0.189892177699859,"chr4",15667565,15667566,"-",0.549283955212226,2,"iAPA",-0.383056442052747
"FBXO22","PAS38838_ATTAAA_0.1",0.000173517624150619,0.00312274956062275,15.2000248468776,1,9.67021482401435e-05,0.00405405159929832,0.675051225600979,0.481062068092506,-0.193989157508474,"chr15",75933127,75933128,"+",0.578056646846742,2,"TUTR",NA
"FBXO22","PAS38843_AATAAA_0.2",0.000173517624150619,3.52656080593165e-05,23.7585886320335,1,1.09206966236855e-06,9.86823570554793e-05,0.0898476390436225,0.270086629624816,0.180238990581194,"chr15",75942509,75942510,"+",0.179967134334219,2,"TUTR",NA
"FEM1C","PAS16611_AATAAA_0.35",0.000395349368351742,3.82935166874195e-05,21.4896127171229,1,3.55750461776202e-06,0.000272117897077937,0.4846283008632,0.162101507991145,-0.322526792872055,"chr5",115520910,115520911,"-",0.323364904427173,2,"TUTR",NA
"FEM1C","PAS16612_AATAAA_0.35",0.000395349368351742,0.000145376232319615,18.9377179871564,1,1.35055921348635e-05,0.000832288080678513,0.400006864889593,0.719998989087178,0.319992124197584,"chr5",115522745,115522746,"-",0.560002926988385,2,"TUTR",NA
"FEZ1","PAS31960_AATAAA_0.2",0.00961745540487533,0.00221858213978464,13.774559913184,1,0.000206108419646951,0.00753570406424074,0.691269602569362,0.886505018326196,0.195235415756833,"chr11",125445753,125445754,"-",0.788887310447779,2,"ALE",NA
"FEZ1","PAS31963_AATAAA_0.4",0.00961745540487533,0.0207914336461513,9.61347852515064,1,0.00193154423005437,0.0401982474607974,0.142046639765729,0.0309724245489752,-0.111074215216754,"chr11",125489122,125489123,"-",0.0865095321573521,2,"ALE",NA
"FLNB","PAS9735_AATAAA_0.15",0.000417834547908143,2.600839552245e-05,22.2319420301201,1,2.41620501786126e-06,0.000193296401428901,0.441688734682756,0.598793729730823,0.157104995048067,"chr3",58172247,58172248,"+",0.520241232206789,2,"TUTR",NA
"FLNB","PAS9733_None_0.15",0.000417834547908143,2.26322540790389e-05,22.4989744095355,1,2.10255822294314e-06,0.000172965167019473,0.539292912094736,0.383066761003007,-0.156226151091729,"chr3",58170781,58170782,"+",0.461179836548872,2,"TUTR",NA
"FLOT1","PAS18870_ATTAAA_0.25",2.77261021971709e-05,0,25.2062256852114,1,5.15156324785297e-07,4.8563925968949e-05,0.896820725302632,0.782918853532863,-0.11390187176977,"chr6",30727830,30727831,"-",0.839869789417747,2,"iAPA",-0.227803743539539
"FLOT1","PAS18871_None_0.2",2.77261021971709e-05,0,25.2062256852114,1,5.15156324785297e-07,4.8563925968949e-05,0.103179274697368,0.217081146467137,0.11390187176977,"chr6",30740834,30740835,"-",0.160130210582253,2,"iAPA",-0.227803743539539
"FLVCR1","PAS2218_AATAAA_0.4",0.000495665747500388,0,18.8945955679278,1,1.38143477392746e-05,0.000845341138852553,0.466312611764601,0.15832278946257,-0.30798982230203,"chr1",212895412,212895413,"+",0.312317700613586,2,"TUTR",NA
"FLVCR1","PAS2220_AATAAA_0.15",0.000495665747500388,0,18.8945955679276,1,1.38143477392762e-05,0.000845341138852553,0.533687388235399,0.84167721053743,0.30798982230203,"chr1",212899360,212899361,"+",0.687682299386414,2,"TUTR",NA
"GFM2","PAS16342_AATAAA_0.1",0.0147831968892205,0,10.985704219913,1,0.000918173866167038,0.0237383495019769,0.31897294393791,0.636950872420492,0.317977928482582,"chr5",74721206,74721207,"-",0.477961908179201,2,"iAPA",0.635955856965164
"GFM2","PAS16343_AATAAA_0.35",0.0147831968892205,0,10.985704219913,1,0.000918173866167038,0.0237383495019769,0.68102705606209,0.363049127579508,-0.317977928482582,"chr5",74731944,74731945,"-",0.522038091820799,2,"iAPA",0.635955856965164
"GGA3","PAS44863_ATTAAA_0.3",0.0171451541538576,0.00774126118701977,12.7313062093572,1,0.000359585313682777,0.0116564458561852,0.222740723422295,0.379027448431791,0.156286725009496,"chr17",75258825,75258826,"-",0.300884085927043,2,"iAPA",-0.306936033676177
"GGA3","PAS44860_AATAAA_0.25",0.0171451541538576,0.0194226158223741,11.0182544801214,1,0.000902189867296957,0.0235541785713457,0.709540448923726,0.558891140257045,-0.150649308666681,"chr17",75236599,75236600,"-",0.634215794590385,2,"iAPA",-0.306936033676177
"GLRX3","PAS28015_AATAAA_0.45",3.2034201203559e-14,7.04972083267156e-14,62.0939077138828,1,3.2746293087782e-15,1.84224306919651e-12,0.791081114460281,0.913220559207477,0.122139444747196,"chr10",130179608,130179609,"+",0.852150836833879,2,"ALE",NA
"GLRX3","PAS28016_AATAAA_0.05",3.2034201203559e-14,3.35200540681603e-17,77.1846078698945,1,1.55702266924846e-18,1.69715470948083e-15,0.173885362177417,0.0532012460729332,-0.120684116104484,"chr10",130180375,130180376,"+",0.113543304125175,2,"ALE",NA
"GOLGA3","PAS35290_AATAAA_0.3",0.00371436186573512,0,14.2952688918049,1,0.000156257116174659,0.00605583134685788,0.775524522709215,0.61207293904053,-0.163451583668686,"chr12",132768914,132768915,"-",0.693798730874873,2,"TUTR",NA
"GOLGA3","PAS35291_APA_0.35",0.00371436186573512,0,14.2952688918049,1,0.000156257116174659,0.00605583134685788,0.224475477290785,0.38792706095947,0.163451583668686,"chr12",132771056,132771057,"-",0.306201269125127,2,"TUTR",NA
"GON4L","PAS4245_APA_0.15",0.0205690514641509,0.0126857000756448,10.5237299567556,1,0.00117851376688725,0.0284251715917766,0.37951099766641,0.681776893100374,0.302265895433964,"chr1",155856395,155856396,"-",0.530643945383392,2,"iAPA",NA
"GON4L","PAS4244_None_0.15",0.0205690514641509,0.00648114583684902,11.7694591675256,1,0.000602104696499558,0.0172142719786103,0.455055026246941,0.159111553449813,-0.295943472797128,"chr1",155795050,155795051,"-",0.307083289848377,2,"iAPA",NA
"GPALPP1","PAS35491_AATAAA_0.3",0.00233106775312513,0.000302556677051328,17.5416794267079,1,2.81078069828578e-05,0.0014899700722828,0.292187692015293,0.673802613367732,0.381614921352439,"chr13",45033606,45033607,"+",0.482995152691513,2,"ALE",NA
"GPALPP1","PAS35488_AATAAA_0.3",0.00233106775312513,0.00119071374548385,14.9462371128654,1,0.000110618454882812,0.00453465550011757,0.556062779659778,0.210003289358986,-0.346059490300793,"chr13",45028266,45028267,"+",0.383033034509382,2,"ALE",NA
"GPN2","PAS2982_APA_0.25",0.00944334610509273,0,12.0793824421339,1,0.000509824820397893,0.0150956619146677,0.514726066611041,0.328696887762637,-0.186029178848404,"chr1",26879381,26879382,"-",0.421711477186839,2,"TUTR",NA
"GPN2","PAS2981_AATAAA_0.15",0.00944334610509273,0,12.0793824421348,1,0.000509824820397644,0.0150956619146677,0.485273933388959,0.671303112237363,0.186029178848403,"chr1",26876132,26876133,"-",0.578288522813161,2,"TUTR",NA
"H1-2","PAS18760_APA_0.35",0.000417459726739056,0,19.2832858293092,1,1.12688515193365e-05,0.000725198415118923,0.366289570867897,0.105513975862178,-0.260775595005719,"chr6",26055960,26055961,"-",0.235901773365038,2,"TUTR",NA
"H1-2","PAS18759_AATAAA_0.1",0.000417459726739056,0,19.2832858293092,1,1.12688515193365e-05,0.000725198415118923,0.633710429132103,0.894486024137822,0.260775595005718,"chr6",26055706,26055707,"-",0.764098226634963,2,"TUTR",NA
"H2BC5","PAS17455_AATAAA_0.3",4.467738828396e-05,0,24.1694063006933,1,8.82226647312355e-07,8.05551451786778e-05,0.322686168448309,0.0572606337253254,-0.265425534722984,"chr6",26158636,26158637,"+",0.189973401086817,2,"ALE",NA
"H2BC5","PAS17456_AATAAA_0.2",4.467738828396e-05,0,24.1694063006937,1,8.82226647312147e-07,8.05551451786778e-05,0.67731383155169,0.942739366274675,0.265425534722984,"chr6",26171345,26171346,"+",0.810026598913183,2,"ALE",NA
"HIBADH","PAS21494_AATAAA_0.15",5.07460549507454e-11,5.23801389868409e-09,40.8759442525552,1,1.62205513660682e-10,3.77181887765639e-08,0.714604133708695,0.438099457665722,-0.276504676042973,"chr7",27525443,27525444,"-",0.576351795687208,2,"iAPA",-0.491417614133284
"HIBADH","PAS21498_None_0.25",5.07460549507454e-11,1.02821076728293e-07,35.0679038847984,1,3.18405905147504e-09,5.7000507355363e-07,0.123866008124065,0.338778946214376,0.214912938090311,"chr7",27541068,27541069,"-",0.23132247716922,2,"iAPA",-0.491417614133284
"HMGN3","PAS19294_AATAAA_0.3",0.000208723618637744,0,20.8466152779961,1,4.97570764850712e-06,0.000370839065769078,0.643900447206825,0.848024730357833,0.204124283151008,"chr6",79201246,79201247,"-",0.745962588782329,2,"ALE",NA
"HMGN3","PAS19295_AATAAA_0.25",0.000208723618637744,0,20.8466152779961,1,4.97570764850712e-06,0.000370839065769078,0.356099552793175,0.151975269642167,-0.204124283151008,"chr6",79201477,79201478,"-",0.254037411217671,2,"ALE",NA
"HNRNPUL2-BSCL2","PAS31295_AATAAA_0.2",0.0187919241657907,0,10.4221788730156,1,0.00124510908583153,0.0294237160662628,0.872019442658223,0.979142731119876,0.107123288461653,"chr11",62690274,62690275,"-",0.92558108688905,2,"iAPA",0.214246576923306
"HNRNPUL2-BSCL2","PAS31296_APA_0.15",0.0187919241657907,0,10.4221788730156,1,0.00124510908583153,0.0294237160662628,0.127980557341777,0.0208572688801237,-0.107123288461653,"chr11",62696472,62696473,"-",0.0744189131109502,2,"iAPA",0.214246576923306
"HPS1","PAS28968_AATAAA_0.25",1.67793409955849e-13,4.34572154063319e-11,50.2613528220654,1,1.34573906896616e-12,4.51340180053267e-10,0.509243892767427,0.197818906663382,-0.311424986104045,"chr10",98417016,98417017,"-",0.353531399715404,2,"ALE",NA
"HPS1","PAS28971_AATAAA_0.3",1.67793409955849e-13,1.25892726608866e-06,30.1992915080104,1,3.89851855697921e-08,5.35355619163129e-06,0.208893491823112,0.43973018790375,0.230836696080638,"chr10",98442358,98442359,"-",0.324311839863431,2,"ALE",NA
"IL13RA1","PAS52299_AATAAA_0.2",0.00933659667168572,0,12.112726675794,1,0.000500788533135115,0.0149353012584185,0.795315489248854,0.569243892082807,-0.226071597166047,"chrX",118794531,118794532,"+",0.68227969066583,2,"TUTR",NA
"IL13RA1","PAS52298_ATTAAA_0",0.00933659667168572,0,12.112726675794,1,0.000500788533135115,0.0149353012584185,0.204684510751146,0.430756107917193,0.226071597166047,"chrX",118792360,118792361,"+",0.31772030933417,2,"TUTR",NA
"INVS","PAS25267_None_0.15",1.34973173357175e-06,6.995761890248e-08,35.0282496839343,1,3.24956511992238e-09,5.72448643347943e-07,0.573532779753693,0.849023610528281,0.275490830774588,"chr9",100270772,100270773,"+",0.711278195140987,2,"iAPA",-0.521808016968479
"INVS","PAS25268_APA_0.2",1.34973173357175e-06,2.46706285204886e-07,32.5764271525707,1,1.14596258684127e-08,1.76863606323113e-06,0.351226216873068,0.104909030679177,-0.246317186193891,"chr9",100300822,100300823,"+",0.228067623776122,2,"iAPA",-0.521808016968479
"IP6K2","PAS11192_APA_0.2",1.28396115633808e-06,8.29939704970287e-06,25.7655371679439,1,3.8551099354448e-07,3.88630735688771e-05,0.556276029788923,0.777804432578252,0.221528402789329,"chr3",48688003,48688004,"-",0.667040231183587,2,"ALE",NA
"IP6K2","PAS11194_AATAAA_0.3",1.28396115633808e-06,5.22618613430444e-08,35.5962142363583,1,2.42758865134212e-09,4.55238129886092e-07,0.256443452660085,0.0589752342969244,-0.19746821836316,"chr3",48693770,48693771,"-",0.157709343478505,2,"ALE",NA
"ITM2B","PAS35520_ATTAAA_0.3",0.0218049041747937,0,10.0343569355191,1,0.00153647177533165,0.0340916892643561,0.652967484810201,0.538438087153681,-0.11452939765652,"chr13",48261383,48261384,"+",0.595702785981941,2,"TUTR",NA
"ITM2B","PAS35521_APA_0.2",0.0218049041747937,0,10.0343569355191,1,0.00153647177533165,0.0340916892643561,0.347032515189799,0.461561912846319,0.11452939765652,"chr13",48261867,48261868,"+",0.404297214018059,2,"TUTR",NA
"JADE2","PAS15399_AATAAA_0.05",0.0003628123188966,9.81087341197276e-05,19.6885897063503,1,9.11439598307724e-06,0.000613726123339255,0.664008976626965,0.874568059429273,0.210559082802309,"chr5",134583226,134583227,"+",0.769288518028119,2,"ALE",NA
"JADE2","PAS15397_APA_0.1",0.0003628123188966,0.0023048988143848,13.7028672631059,1,0.00021412732193233,0.00771566217871867,0.295238064117325,0.125431940570727,-0.169806123546598,"chr5",134579473,134579474,"+",0.210335002344026,2,"ALE",NA
"JPT1","PAS44852_APA_0.25",1.18873785177704e-10,0,51.3023762617431,1,7.91797342112667e-13,2.70763640126371e-10,0.239766893028278,0.423506959049732,0.183740066021454,"chr17",75135250,75135251,"-",0.331636926039005,2,"TUTR",NA
"JPT1","PAS44853_ATTAAA_0.1",1.18873785177704e-10,0,51.3023762617431,1,7.91797342112667e-13,2.70763640126371e-10,0.760233106971722,0.576493040950268,-0.183740066021454,"chr17",75135988,75135989,"-",0.668363073960995,2,"TUTR",NA
"KCNG1","PAS49937_APA_0.15",0.00647365870133891,0.00135325039430863,14.7049147343918,1,0.00012571826625479,0.00505190452415561,0.665173737866774,0.915079002500334,0.24990526463356,"chr20",51003656,51003657,"-",0.790126370183554,2,"MIXED",NA
"KCNG1","PAS49938_AATAAA_0.2",0.00647365870133891,0.0114837684047963,10.7077912253618,1,0.00106685315592323,0.0265419672457934,0.173421325932016,0.0225265279471108,-0.150894797984905,"chr20",51006314,51006315,"-",0.0979739269395634,2,"MIXED",NA
"KHNYN","PAS36442_APA_0.15",0.0117744673110455,0,11.5514772811712,1,0.000676954474675357,0.0187101205045003,0.395905957017946,0.182407102495111,-0.213498854522835,"chr14",24438406,24438407,"+",0.289156529756529,2,"TUTR",NA
"KHNYN","PAS36443_AATAAA_0.25",0.0117744673110455,0,11.5514772811709,1,0.000676954474675441,0.0187101205045003,0.604094042982054,0.817592897504889,0.213498854522835,"chr14",24441338,24441339,"+",0.710843470243471,2,"TUTR",NA
"KIF16B","PAS49534_ATTAAA_0.2",6.6346431830456e-05,0,23.2868029150208,1,1.39554282553106e-06,0.000121691334386309,0.784556791821396,0.188680997452922,-0.595875794368474,"chr20",16272104,16272105,"-",0.486618894637159,2,"ALE",NA
"KIF16B","PAS49535_AATAAA_0.1",6.6346431830456e-05,0,23.2868029150208,1,1.39554282553106e-06,0.000121691334386309,0.215443208178604,0.811319002547078,0.595875794368474,"chr20",16366928,16366929,"-",0.513381105362841,2,"ALE",NA
"KIF1B","PAS168_AATAAA_0.25",0.0261404208680359,0,9.6012822638404,1,0.00194441542839725,0.0402738777568267,0.695004749721664,0.476635555849106,-0.218369193872559,"chr1",10381598,10381599,"+",0.585820152785385,2,"ALE",NA
"KIF1B","PAS166_AATAAA_0.35",0.0261404208680359,0,9.60128226384131,1,0.00194441542839629,0.0402738777568267,0.304995250278336,0.523364444150894,0.218369193872559,"chr1",10308574,10308575,"+",0.414179847214615,2,"ALE",NA
"KIFBP","PAS27322_AATAAA_0.45",0.000234691521752145,1.84195399014086e-05,22.8947420490231,1,1.71119301450422e-06,0.000143476952754585,0.610717586411336,0.738324015498287,0.127606429086951,"chr10",69024928,69024929,"+",0.674520800954812,2,"iAPA",-0.230835646735451
"KIFBP","PAS27321_AATAAA_0.2",0.000234691521752145,0.000678082950341048,16.0104277922583,1,6.29945598038134e-05,0.00288353050650527,0.342346537201343,0.239117319552843,-0.1032292176485,"chr10",69016977,69016978,"+",0.290731928377093,2,"iAPA",-0.230835646735451
"KLHL7","PAS20145_ATTAAA_0.35",0.00244410892239714,0,15.3095824392403,1,9.12524453059755e-05,0.00385337202454289,0.468700369907477,0.759076180255385,0.290375810347908,"chr7",23175416,23175417,"+",0.613888275081431,2,"ALE",NA
"KLHL7","PAS20140_AATAAA_0.25",0.00244410892239714,0,15.3095824392403,1,9.12524453059755e-05,0.00385337202454289,0.531299630092523,0.240923819744615,-0.290375810347908,"chr7",23126048,23126049,"+",0.386111724918569,2,"ALE",NA
"LINC02985","PAS33477_APA_0.2",9.53250625297902e-07,0,32.5930304701619,1,1.13621459281783e-08,1.76863606323113e-06,0.358312845304178,0.665239838461891,0.306926993157712,"chr12",122067162,122067163,"+",0.511776341883034,2,"iAPA",-0.613853986315425
"LINC02985","PAS33478_ATTAAA_0.45",9.53250625297902e-07,0,32.5930304701619,1,1.13621459281783e-08,1.76863606323113e-06,0.641687154695822,0.334760161538109,-0.306926993157712,"chr12",122068557,122068558,"+",0.488223658116965,2,"iAPA",-0.613853986315425
"LRMDA","PAS27434_APA_0.25",0.00241834918071846,0,15.3608497872533,1,8.88094665389702e-05,0.00377099049052991,0.452925326227537,0.221529256604365,-0.231396069623172,"chr10",75658311,75658312,"+",0.337227291415951,2,"iAPA",0.462792139246344
"LRMDA","PAS27435_AATAAA_0.2",0.00241834918071846,0,15.3608497872531,1,8.88094665389808e-05,0.00377099049052991,0.547074673772463,0.778470743395635,0.231396069623172,"chr10",76557374,76557375,"+",0.662772708584049,2,"iAPA",0.462792139246344
"LRP8","PAS3413_AATAAA_0.25",0.0141350209383244,0.0148196808959136,10.2366652353576,1,0.00137676264238987,0.0315101581145399,0.455316854415442,0.30397361266063,-0.151343241754813,"chr1",53245545,53245546,"-",0.379645233538036,2,"MIXED",NA
"LRP8","PAS3412_ATTAAA_0.2",0.0141350209383244,0.0379231402917663,8.51459342036742,1,0.00352309629353832,0.0608344548111964,0.109260830858067,0.211112805898031,0.101851975039964,"chr1",53242363,53242364,"-",0.160186818378049,2,"MIXED",NA
"LRRC14","PAS23587_None_0.2",5.83944668980642e-06,0,28.6664705450578,1,8.5979583162794e-08,1.0063650539323e-05,0.667185699792809,0.416878281216753,-0.250307418576056,"chr8",144522015,144522016,"+",0.542031990504781,2,"TUTR",NA
"LRRC14","PAS23589_AATAAA_0.45",5.83944668980642e-06,0,28.6664705450578,1,8.5979583162794e-08,1.0063650539323e-05,0.332814300207191,0.583121718783247,0.250307418576056,"chr8",144525169,144525170,"+",0.457968009495219,2,"TUTR",NA
"LRRC8A","PAS25584_AATAAA_0.2",0.0314109451368776,0,9.15703412453922,1,0.00247763809142768,0.0480645253776404,0.707017948825132,0.470706384366679,-0.236311564458454,"chr9",128918035,128918036,"+",0.588862166595905,2,"TUTR",NA
"LRRC8A","PAS25583_None_0.1",0.0314109451368776,0,9.15703412453922,1,0.00247763809142768,0.0480645253776404,0.292982051174868,0.529293615633321,0.236311564458453,"chr9",128917161,128917162,"+",0.411137833404095,2,"TUTR",NA
"MAP4","PAS11165_AATAAA_0.1",2.69446624279067e-13,4.61214657466577e-16,72.008831278431,1,2.14236431601477e-17,1.86814168356488e-14,0.366088196874273,0.60135968600012,0.235271489125847,"chr3",47850695,47850696,"-",0.483723941437196,2,"TUTR",NA
"MAP4","PAS11166_AATAAA_0.3",2.69446624279067e-13,1.15520600867653e-12,56.5908896436067,1,5.36598759507941e-14,2.28250789410207e-11,0.521299648987787,0.313824876385017,-0.20747477260277,"chr3",47851559,47851560,"-",0.417562262686402,2,"TUTR",NA
"MCFD2","PAS7654_ATTAAA_0.15",0.000297070503018367,0,20.0353161314342,1,7.60250542343236e-06,0.000520862993238269,0.365291894221973,0.223319378339228,-0.141972515882745,"chr2",46905236,46905237,"-",0.2943056362806,2,"TUTR",NA
"MCFD2","PAS7653_AATAAA_0.35",0.000297070503018367,0,20.0353161314342,1,7.60250542343236e-06,0.000520862993238269,0.634708105778027,0.776680621660772,0.141972515882745,"chr2",46901877,46901878,"-",0.7056943637194,2,"TUTR",NA
"METTL9","PAS40358_AATAAA_0.2",0.0293682301266188,0,9.30886444021917,1,0.00228047781701878,0.0452978737230154,0.836190595905362,0.722442976612796,-0.113747619292566,"chr16",21655934,21655935,"+",0.779316786259079,2,"TUTR",NA
"METTL9","PAS40359_AATAAA_0.15",0.0293682301266188,0,9.30886444021917,1,0.00228047781701878,0.0452978737230154,0.163809404094638,0.277557023387204,0.113747619292566,"chr16",21657469,21657470,"+",0.220683213740921,2,"TUTR",NA
"MFSD12","PAS47528_AATAAA_0.3",4.18067583886586e-06,0,29.5163311664692,1,5.54475212175411e-08,7.21645350771579e-06,0.633880092575079,0.831983227062251,0.198103134487172,"chr19",3538260,3538261,"-",0.732931659818665,2,"ALE",NA
"MFSD12","PAS47530_AATAAA_0.05",4.18067583886586e-06,0,29.5163311664692,1,5.54475212175411e-08,7.21645350771579e-06,0.366119907424921,0.168016772937749,-0.198103134487172,"chr19",3544199,3544200,"-",0.267068340181335,2,"ALE",NA
"MINDY3","PAS28266_AATAAA_0.2",0.00942161459131774,0,12.0897411740686,1,0.000507000119112103,0.015063172193041,0.694853608007645,0.872352769407846,0.1774991614002,"chr10",15778175,15778176,"-",0.783603188707745,2,"TUTR",NA
"MINDY3","PAS28267_ATTAAA_0.35",0.00942161459131774,0,12.0897411740686,1,0.000507000119112103,0.015063172193041,0.305146391992355,0.127647230592154,-0.1774991614002,"chr10",15778852,15778853,"-",0.216396811292254,2,"TUTR",NA
"MIRLET7A1HG","PAS25177_AATAAA_0.35",0.00729243571726193,0,12.7019228559066,1,0.000365279773124949,0.0117630093934126,0.913754055701935,0.673850492598077,-0.239903563103858,"chr9",94179556,94179557,"+",0.793802274150006,2,"ALE",NA
"MIRLET7A1HG","PAS25178_AATAAA_0.2",0.00729243571726193,0,12.7019228559066,1,0.000365279773124949,0.0117630093934126,0.0862459442980646,0.326149507401923,0.239903563103858,"chr9",94200898,94200899,"+",0.206197725849994,2,"ALE",NA
"MRPS16","PAS28722_AATAAA_0.25",9.41681741797424e-08,5.95641416366958e-09,38.4793654774971,1,5.53356618184904e-10,1.14887374061247e-07,0.470175449881444,0.675984279128311,0.205808829246868,"chr10",73248849,73248850,"-",0.573079864504878,2,"MIXED",NA
"MRPS16","PAS28724_AATAAA_0.05",9.41681741797424e-08,1.62814151307508e-07,32.0371031253726,1,1.51255916201542e-08,2.29382885091729e-06,0.507672671879189,0.320695896453803,-0.186976775425386,"chr10",73250741,73250742,"-",0.414184284166496,2,"MIXED",NA
"MRPS25","PAS10900_AATAAA_0.3",2.64663346351036e-11,6.05284128327033e-14,63.1927368487286,1,1.87438263519327e-15,1.08964110525902e-12,0.113502738032072,0.551537428614497,0.438034690582425,"chr3",15042250,15042251,"-",0.332520083323285,2,"ALE",NA
"MRPS25","PAS10905_AATAAA_0.1",2.64663346351036e-11,2.31801908463719e-07,33.4859115286356,1,7.17820692291971e-09,1.1591474882937e-06,0.666058558876748,0.303043967818319,-0.363014591058429,"chr3",15052208,15052209,"-",0.484551263347534,2,"ALE",NA
"MTG1","PAS28059_None_0.25",0.00352489037426584,0,14.4175305891049,1,0.000146432781542683,0.00574897512525907,0.148138544433429,0.333632520497303,0.185493976063874,"chr10",133399873,133399874,"+",0.240885532465366,2,"ALE",NA
"MTG1","PAS28060_APA_0.35",0.00352489037426584,0,14.4175305891076,1,0.00014643278154247,0.00574897512525907,0.851861455566571,0.666367479502697,-0.185493976063874,"chr10",133402883,133402884,"+",0.759114467534634,2,"ALE",NA
"MTHFD1L","PAS18426_ATTAAA_0.15",9.30942011304728e-07,4.55461047736557e-08,36.6543688267247,1,1.41042568098379e-09,2.82733607774221e-07,0.416393251900883,0.163181027353068,-0.253212224547816,"chr6",150898997,150898998,"+",0.289787139626975,2,"ALE",NA
"MTHFD1L","PAS18434_AATAAA_0.3",9.30942011304728e-07,0.0182340285197724,11.889037444445,1,0.000564652942768296,0.0163852700863213,0.440364907078478,0.599125509302811,0.158760602224333,"chr6",151101884,151101885,"+",0.519745208190644,2,"ALE",NA
"NABP1","PAS6735_AATAAA_0.25",1.08824139232363e-06,5.62351321795064e-08,35.4534827728962,1,2.61214899694464e-09,4.84637005390581e-07,0.0315843140588153,0.287078117851539,0.255493803792724,"chr2",191696658,191696659,"+",0.159331215955177,2,"TUTR",NA
"NABP1","PAS6734_AATAAA_0.3",1.08824139232363e-06,0.0426683603743598,9.56616306999399,1,0.00198196590695975,0.0408575477746785,0.606328363346605,0.409550735274257,-0.196777628072348,"chr2",191686935,191686936,"+",0.507939549310431,2,"TUTR",NA
"NDUFAF5","PAS48823_AATAAA_0.25",0.0226299563008414,0,9.93270710831814,1,0.00162367563016886,0.035365844707586,0.900915370031053,0.705529960333211,-0.195385409697841,"chr20",13817225,13817226,"+",0.803222665182132,2,"TUTR",NA
"NDUFAF5","PAS48824_AATAAA_0.2",0.0226299563008414,0,9.93270710831814,1,0.00162367563016886,0.035365844707586,0.0990846299689473,0.294470039666789,0.195385409697841,"chr20",13820769,13820770,"+",0.196777334817868,2,"TUTR",NA
"NECTIN2","PAS46953_AATAAA_0.2",4.71916425992613e-07,0,34.1716364920048,1,5.04590744707263e-09,8.46159864201411e-07,0.447205455024767,0.649154251143376,0.201948796118609,"chr19",44878936,44878937,"+",0.548179853084071,2,"ALE",NA
"NECTIN2","PAS46954_None_0.1",4.71916425992613e-07,0,34.1716364920048,1,5.04590744707263e-09,8.46159864201411e-07,0.552794544975233,0.350845748856624,-0.201948796118609,"chr19",44889221,44889222,"+",0.451820146915929,2,"ALE",NA
"NEK9","PAS37894_None_0.2",0.00670310898929485,0.000911240158585668,15.4513804019689,1,8.46550892288175e-05,0.00365942348005902,0.336467839782206,0.507839329899735,0.171371490117529,"chr14",75124938,75124939,"-",0.42215358484097,2,"iAPA",-0.320734277860399
"NEK9","PAS37891_AATAAA_0.25",0.00670310898929485,0.00768102209721369,11.4535529068371,1,0.000713574357848073,0.019536478494302,0.619660833163249,0.470298045420378,-0.149362787742871,"chr14",75082122,75082123,"-",0.544979439291814,2,"iAPA",-0.320734277860399
"NIPSNAP3A","PAS25304_AATAAA_0.05",0.00724092624083388,0,12.7333605135768,1,0.000359190556731987,0.0116564458561852,0.792798434791691,0.944349123760596,0.151550688968905,"chr9",104760117,104760118,"+",0.868573779276143,2,"TUTR",NA
"NIPSNAP3A","PAS25303_ATTAAA_0.25",0.00724092624083388,0,12.7333605135768,1,0.000359190556731987,0.0116564458561852,0.207201565208309,0.055650876239404,-0.151550688968905,"chr9",104759579,104759580,"+",0.131426220723857,2,"TUTR",NA
"NPAS2","PAS6064_AATAAA_0.15",1.01021268354203e-05,1.64131433726876e-06,28.899315709949,1,7.62398421343069e-08,9.47981010226544e-06,0.60189423559813,0.331400060158984,-0.270494175439146,"chr2",100996051,100996052,"+",0.466647147878557,2,"TUTR",NA
"NPAS2","PAS6065_AATAAA_0.1",1.01021268354203e-05,0.0193271489651203,11.0273883321454,1,0.000897755385759314,0.0234735441194039,0.341615193143105,0.508520661948925,0.16690546880582,"chr2",100996824,100996825,"+",0.425067927546015,2,"TUTR",NA
"NPM1","PAS15792_AATAAA_0.4",4.71119506003559e-35,2.24867598263054e-38,173.893156513142,1,1.04452083329902e-39,1.8216443332735e-35,0.304538571557728,0.485031685473444,0.180493113915715,"chr5",171406724,171406725,"+",0.394785128515586,2,"ALE",NA
"NPM1","PAS15794_AATAAA_0.25",4.71119506003559e-35,3.37369524828293e-30,136.479671763955,1,1.5670977051621e-31,9.11006132600898e-28,0.654246248196102,0.4920662748559,-0.162179973340202,"chr5",171410898,171410899,"+",0.573156261526001,2,"ALE",NA
"NRBP2","PAS24686_ATTAAA_0.3",0.00808539212364583,0,12.4244172457213,1,0.000423756747584593,0.0129254465887899,0.491662477593241,0.728418719332817,0.236756241739576,"chr8",143833746,143833747,"-",0.610040598463029,2,"MIXED",NA
"NRBP2","PAS24687_AATAAA_0.35",0.00808539212364583,0,12.4244172457213,1,0.000423756747584593,0.0129254465887899,0.508337522406759,0.271581280667183,-0.236756241739576,"chr8",143833959,143833960,"-",0.389959401536971,2,"MIXED",NA
"NRDC","PAS3376_AATAAA_0.4",0.000241579476301296,0,20.5249228548,1,5.88598548744613e-06,0.000424180111161407,0.557689955098399,0.433871136424045,-0.123818818674353,"chr1",51789211,51789212,"-",0.495780545761222,2,"iAPA",-0.247637637348707
"NRDC","PAS3377_ATTAAA_0.35",0.000241579476301296,0,20.5249228548018,1,5.88598548744053e-06,0.000424180111161407,0.442310044901601,0.566128863575955,0.123818818674353,"chr1",51815174,51815175,"-",0.504219454238778,2,"iAPA",-0.247637637348707
"NUB1","PAS21144_AATAAA_0.4",0.00911717678002485,0.0121262001256984,10.6071109864861,1,0.001126535682142,0.0275937953603322,0.5776393953266,0.814814764981775,0.237175369655175,"chr7",151378443,151378444,"+",0.696227080154187,2,"TUTR",NA
"NUB1","PAS21143_APA_0.15",0.00911717678002485,0.00584484276328615,11.9619109821506,1,0.000542991527527022,0.015888879597435,0.180124518572552,0.018518556524132,-0.16160596204842,"chr7",151377283,151377284,"+",0.0993215375483419,2,"TUTR",NA
"NUDCD1","PAS24398_None_0.15",0.000738260050216432,6.10709384207574e-05,23.6848723589292,1,1.13470981114816e-06,0.000102006902610433,0.192759383195392,0.319559904563419,0.126800521368027,"chr8",109266391,109266392,"-",0.256159643879405,2,"iAPA",-0.236116065198048
"NUDCD1","PAS24394_AATAAA_0.15",0.000738260050216432,0.0109691803989677,13.7956323312092,1,0.000203809486816929,0.00749881318583804,0.637915569618489,0.528600025788467,-0.109315543830021,"chr8",109242675,109242676,"-",0.583257797703478,2,"iAPA",-0.236116065198048
"ODF2L","PAS3648_None_0.25",0.0124292747216757,0.00264822682506108,15.5114361329875,1,8.20076083717426e-05,0.00358289274902532,0.253208331925426,0.457586564417011,0.204378232491585,"chr1",86386420,86386421,"-",0.355397448171218,2,"iAPA",-0.381071400794135
"ODF2L","PAS3644_AATAAA_0.3",0.0124292747216757,0.0130897203868839,12.5073727554409,1,0.000405349214434617,0.0125564658965181,0.385367762866568,0.208674594564019,-0.17669316830255,"chr1",86348737,86348738,"-",0.297021178715294,2,"iAPA",-0.381071400794135
"OGG1","PAS9139_AATAAA_0.35",0.00151745283335288,0,16.4783998452924,1,4.92074976635028e-05,0.00239714737221086,0.785160243792954,0.471237139949587,-0.313923103843367,"chr3",9757402,9757403,"+",0.62819869187127,2,"ALE",NA
"OGG1","PAS9141_AATAAA_0.45",0.00151745283335288,0,16.4783998452924,1,4.92074976635028e-05,0.00239714737221086,0.214839756207046,0.528762860050413,0.313923103843367,"chr3",9766645,9766646,"+",0.37180130812873,2,"ALE",NA
"OSBPL5","PAS30814_AATAAA_0.05",0.013307257388001,0,11.2464937418824,1,0.000797735675143967,0.0214368415631934,0.12631374782062,0.369693144648234,0.243379396827614,"chr11",3087120,3087121,"-",0.248003446234427,2,"ALE",NA
"OSBPL5","PAS30815_AATAAA_0.15",0.013307257388001,0,11.2464937418822,1,0.000797735675144065,0.0214368415631934,0.87368625217938,0.630306855351766,-0.243379396827614,"chr11",3087388,3087389,"-",0.751996553765573,2,"ALE",NA
"PACS1","PAS30087_AATAAA_0.05",0.00191918034247764,0,15.8953146058948,1,6.69442398164856e-05,0.00301681535503749,0.755143995354008,0.556836174989822,-0.198307820364186,"chr11",66244743,66244744,"+",0.655990085171915,2,"iAPA",-0.396615640728371
"PACS1","PAS30086_APA_0.1",0.00191918034247764,0,15.8953146058948,1,6.69442398164856e-05,0.00301681535503749,0.244856004645992,0.443163825010178,0.198307820364186,"chr11",66221832,66221833,"+",0.344009914828085,2,"iAPA",-0.396615640728371
"PBK","PAS23740_AATAAA_0.3",0.000173517624150619,0,21.2689699657785,1,3.99140617561798e-06,0.000302652711751207,0.513172569248288,0.761092864195646,0.247920294947358,"chr8",27809624,27809625,"-",0.637132716721967,2,"TUTR",NA
"PBK","PAS23741_AATAAA_0.15",0.000173517624150619,0,21.2689699657785,1,3.99140617561798e-06,0.000302652711751207,0.486827430751712,0.238907135804354,-0.247920294947358,"chr8",27809895,27809896,"-",0.362867283278033,2,"TUTR",NA
"PDLIM7","PAS17162_AATAAA_0",0.031956431383924,0,9.10531914618423,1,0.00254867244166265,0.0487377712528472,0.776400637311318,0.88020255014198,0.103801912830663,"chr5",177483393,177483394,"-",0.828301593726649,2,"ALE",NA
"PDLIM7","PAS17163_AATAAA_0",0.031956431383924,0,9.10531914618423,1,0.00254867244166265,0.0487377712528472,0.223599362688682,0.11979744985802,-0.103801912830663,"chr5",177490245,177490246,"-",0.171698406273351,2,"ALE",NA
"PHF19","PAS26447_None_0.25",0.00336625931958316,0,14.540379792501,1,0.000137187347460984,0.00544999394013567,0.45897320432488,0.328146941315089,-0.130826263009791,"chr9",120855695,120855696,"-",0.393560072819984,2,"ALE",NA
"PHF19","PAS26448_AATAAA_0.35",0.00336625931958316,0,14.540379792501,1,0.000137187347460984,0.00544999394013567,0.54102679567512,0.671853058684911,0.130826263009791,"chr9",120869579,120869580,"-",0.606439927180016,2,"ALE",NA
"PHLDA1","PAS34584_AATAAA_0.2",0.00569801220823153,8.48666389346701e-05,23.0519335179997,1,1.57683851482472e-06,0.000132850549268324,0.255357350272882,0.376148763047599,0.120791412774717,"chr12",76025448,76025449,"-",0.315753056660241,2,"TUTR",NA
"PHLDA1","PAS34590_ATTAAA_0.15",0.00569801220823153,0.00392068123981861,15.7354257895913,1,7.28470133954027e-05,0.003249237630731,0.51446561549409,0.407358551267811,-0.107107064226279,"chr12",76029568,76029569,"-",0.46091208338095,2,"TUTR",NA
"PHLPP2","PAS41833_AATAAA_0.15",0.048074304961732,0,8.10794651601464,1,0.00440716240675023,0.0708395505748609,0.718518518518518,0.911110727923579,0.192592209405061,"chr16",71644950,71644951,"-",0.814814623221049,2,"ALE",NA
"PHLPP2","PAS41832_AATAAA_0.3",0.048074304961732,0,8.10794651857577,1,0.00440716240052338,0.0708395505748609,0.281481481481482,0.0888892720764208,-0.192592209405061,"chr16",71637835,71637836,"-",0.185185376778951,2,"ALE",NA
"PLXNA1","PAS10091_None_0.2",0.0479033438358817,0,8.12483343392978,1,0.00436629952579465,0.0703123395474227,0.29299457538612,0.436942804864089,0.143948229477969,"chr3",127035578,127035579,"+",0.364968690125105,2,"TUTR",NA
"PLXNA1","PAS10092_AATAAA_0.25",0.0479033438358817,0,8.12483343392978,1,0.00436629952579465,0.0703123395474227,0.70700542461388,0.563057195135911,-0.143948229477969,"chr3",127037384,127037385,"+",0.635031309874895,2,"TUTR",NA
"POLR1A","PAS8008_APA_0.1",0.00133462451334508,0.0021057861840484,16.4899981949729,1,4.890739165406e-05,0.0023959126697944,0.553498076732328,0.355495415731859,-0.198002661000469,"chr2",86026329,86026330,"-",0.454496746232094,2,"TUTR",NA
"POLR1A","PAS8002_ATTAAA_0.3",0.00133462451334508,0.0055136756549028,14.6701774173202,1,0.000128056445972764,0.00513403314428738,0.0949206531239719,0.229736916222655,0.134816263098683,"chr2",86020889,86020890,"-",0.162328784673313,2,"TUTR",NA
"POLR2B","PAS12879_ATTAAA_0.45",0.0240619577983369,0,9.8033858624276,1,0.001741908601352,0.0373664034533565,0.180031743579118,0.0696263829348844,-0.110405360644233,"chr4",57005374,57005375,"+",0.124829063257001,2,"iAPA",0.220810721288466
"POLR2B","PAS12880_AATAAA_0.15",0.0240619577983369,0,9.8033858624276,1,0.001741908601352,0.0373664034533565,0.819968256420882,0.930373617065116,0.110405360644233,"chr4",57031157,57031158,"+",0.875170936742999,2,"iAPA",0.220810721288466
"POLR2K","PAS23227_AATAAA_0",2.19463495732383e-10,0,49.9983605258694,1,1.53874493063897e-12,4.96957622043401e-10,0.447704151475055,0.233403896102012,-0.214300255373043,"chr8",100153612,100153613,"+",0.340554023788533,2,"TUTR",NA
"POLR2K","PAS23228_AATAAA_0.05",2.19463495732383e-10,0,49.9983605258703,1,1.53874493063826e-12,4.96957622043401e-10,0.552295848524945,0.766596103897988,0.214300255373043,"chr8",100154002,100154003,"+",0.659445976211467,2,"TUTR",NA
"PPP1R7","PAS7220_AATAAA_0.15",0.00259218567195186,0.000292758656783649,17.604279563825,1,2.71975614540463e-05,0.00144611424316636,0.271560576510636,0.443882643294037,0.172322066783401,"chr2",241167171,241167172,"+",0.357721609902337,2,"ALE",NA
"PPP1R7","PAS7222_ATTAAA_0.1",0.00259218567195186,0.0310660829154869,8.87813064755755,1,0.00288606905262192,0.0530379813253176,0.621027232432247,0.493477487366691,-0.127549745065556,"chr2",241183023,241183024,"+",0.557252359899469,2,"ALE",NA
"PRPSAP1","PAS44919_AATAAA_0.15",0.0195688306079906,0.0164293516717774,11.3287773712746,1,0.000763151304648731,0.0207471460204877,0.58722192522275,0.756806839613054,0.169584914390304,"chr17",76310932,76310933,"-",0.672014382417902,2,"ALE",NA
"PRPSAP1","PAS44921_AATAAA_0.3",0.0195688306079906,0.025404166792043,10.5213448256909,1,0.00118003579314486,0.0284251715917766,0.191342120634806,0.0726290951743089,-0.118713025460497,"chr17",76312792,76312793,"-",0.131985607904557,2,"ALE",NA
"PRSS21","PAS40133_APA_0.2",0.0193162757549844,0,10.3327008641427,1,0.00130693820182717,0.0301096462878015,0.330568568988945,0.557377143055209,0.226808574066264,"chr16",2818890,2818891,"+",0.443972856022077,2,"iAPA",-0.453617148132528
"PRSS21","PAS40135_AATAAA_0.3",0.0193162757549844,0,10.3327008641427,1,0.00130693820182717,0.0301096462878015,0.669431431011054,0.442622856944791,-0.226808574066264,"chr16",2821714,2821715,"+",0.556027143977923,2,"iAPA",-0.453617148132528
"PRTFDC1","PAS28353_APA_0.2",5.91754309801826e-06,4.57099334496245e-05,22.4801642801522,1,2.12324844244531e-06,0.000173847196414301,0.0846164279985422,0.267394014346423,0.182777586347881,"chr10",24908302,24908303,"-",0.176005221172482,2,"ALE",NA
"PRTFDC1","PAS28351_ATTAAA_0.25",5.91754309801826e-06,0.0316593246493566,10.1151045764891,1,0.00147059089081148,0.0330930388848416,0.332029592530359,0.178275107137812,-0.153754485392548,"chr10",24849601,24849602,"-",0.255152349834085,2,"ALE",NA
"PSMD14","PAS6471_AATAAA_0.25",0.00721074200371289,0,12.7477939225009,1,0.000356429315520953,0.0116406877578492,0.253441751736551,0.14880945253511,-0.104632299201441,"chr2",161411418,161411419,"+",0.201125602135831,2,"TUTR",NA
"PSMD14","PAS6472_AATAAA_0.15",0.00721074200371289,0,12.7477939224991,1,0.0003564293155213,0.0116406877578492,0.746558248263449,0.85119054746489,0.104632299201441,"chr2",161411715,161411716,"+",0.798874397864169,2,"TUTR",NA
"QPRT","PAS40442_AATAAA_0.2",2.66419339930355e-05,1.06044748994032e-05,23.9568997305687,1,9.85165941574708e-07,8.94859063597026e-05,0.458583863964338,0.621402528438892,0.162818664474553,"chr16",29698696,29698697,"+",0.539993196201615,2,"TUTR",NA
"QPRT","PAS40441_AATAAA_0.15",2.66419339930355e-05,0.0025116293121268,13.5416048806092,1,0.000233332784474532,0.00822085608330472,0.48118388105528,0.359800873479619,-0.121383007575661,"chr16",29697636,29697637,"+",0.42049237726745,2,"TUTR",NA
"QSOX2","PAS26704_AATAAA_0.35",0.0179863460971635,0,10.5277236828981,1,0.00117596969224224,0.0284251715917766,0.769322480799593,0.602611997839772,-0.166710482959821,"chr9",136206338,136206339,"-",0.685967239319682,2,"TUTR",NA
"QSOX2","PAS26705_APA_0.2",0.0179863460971635,0,10.5277236828981,1,0.00117596969224224,0.0284251715917766,0.230677519200407,0.397388002160228,0.166710482959821,"chr9",136207487,136207488,"-",0.314032760680318,2,"TUTR",NA
"RAPGEF3","PAS34146_APA_0.2",0.00764013000975904,0,12.5711142900622,1,0.000391754927236962,0.0123151108487885,0.562596657401738,0.896175230365466,0.333578572963728,"chr12",47737256,47737257,"-",0.729385943883602,2,"ALE",NA
"RAPGEF3","PAS34148_ATTAAA_0.3",0.00764013000975904,0,12.5711142900622,1,0.000391754927236962,0.0123151108487885,0.437403342598262,0.103824769634534,-0.333578572963728,"chr12",47745371,47745372,"-",0.270614056116398,2,"ALE",NA
"RCOR1","PAS37168_AATAAA_0.45",0.030206576927935,0.00637499052761645,11.8002025725444,1,0.000592242765931064,0.0170160030277393,0.657517361183894,0.85984734574948,0.202329984565586,"chr14",102730545,102730546,"+",0.758682353466687,2,"iAPA",0.367594299863772
"RCOR1","PAS37163_APA_0.35",0.030206576927935,0.034335920235941,8.69557195229606,1,0.00318984009203308,0.0573513517577906,0.292099248779072,0.126834933480886,-0.165264315298186,"chr14",102711003,102711004,"+",0.209467091129979,2,"iAPA",0.367594299863772
"RGS3","PAS25407_AATAAA_0.05",0.00132971516132924,0.00168987666729032,15.5941858143656,1,7.84955857724688e-05,0.00344826956139007,0.794043254597771,0.927592289485497,0.133549034887726,"chr9",113597736,113597737,"+",0.860817772041634,2,"iAPA",0.23609263301677
"RGS3","PAS25404_AATAAA_0.15",0.00132971516132924,0.00031765295838968,18.768931303015,1,1.47551330365057e-05,0.000887343172954,0.119373972645409,0.0168303745163649,-0.102543598129044,"chr9",113549766,113549767,"+",0.0681021735808871,2,"iAPA",0.23609263301677
"RHOA","PAS11225_AATAAA_0.2",1.63228008149459e-11,1.75095004547261e-13,60.302779479829,1,8.13324736284386e-15,4.17187747082344e-12,0.669742300769961,0.781621590995815,0.111879290225854,"chr3",49359147,49359148,"-",0.725681945882888,2,"TUTR",NA
"RHOA","PAS11226_AATAAA_0.2",1.63228008149459e-11,1.194431853012e-12,56.525228866536,1,5.54819353283401e-14,2.30382131458631e-11,0.31574746859507,0.208677383928793,-0.107070084666277,"chr3",49359496,49359497,"-",0.262212426261932,2,"TUTR",NA
"RIN2","PAS48863_None_0.1",5.43459566970011e-07,5.7118587808678e-08,34.0736972471896,1,5.3063718735494e-09,8.81363099759063e-07,0.0498287027859885,0.227231043204296,0.177402340418308,"chr20",19890282,19890283,"+",0.138529872995142,2,"ALE",NA
"RIN2","PAS48866_APA_0",5.43459566970011e-07,0.0050596325212627,12.2309018085771,1,0.000470044739048068,0.0141826647906545,0.870877311705282,0.744406302822368,-0.126471008882914,"chr20",20002455,20002456,"+",0.807641807263825,2,"ALE",NA
"RPL15","PAS9309_AATAAA_0.15",5.42203567810461e-16,0,78.3677785076579,1,8.55360580244373e-19,1.24312404328849e-15,0.828606991519286,0.722012590185886,-0.106594401333401,"chr3",23919550,23919551,"+",0.775309790852586,2,"MIXED",NA
"RPL15","PAS9310_AATAAA_0.4",5.42203567810461e-16,0,78.3677785076579,1,8.55360580244373e-19,1.24312404328849e-15,0.171393008480714,0.277987409814114,0.106594401333401,"chr3",23920838,23920839,"+",0.224690209147414,2,"MIXED",NA
"RSAD1","PAS43052_AATAAA_0.05",0.0215287991352305,0,10.0716330821685,1,0.00150569515424311,0.0335796975575446,0.760065747561697,0.575858895851646,-0.184206851710052,"chr17",50485973,50485974,"+",0.667962321706671,2,"iAPA",-0.368413703420104
"RSAD1","PAS43051_ATTAAA_0.35",0.0215287991352305,0,10.0716330821685,1,0.00150569515424311,0.0335796975575446,0.239934252438303,0.424141104148354,0.184206851710052,"chr17",50483052,50483053,"+",0.332037678293329,2,"iAPA",-0.368413703420104
"RTL10","PAS51277_AATAAA_0.2",0.0226299563008414,0,9.93387150550359,1,0.00162264884801542,0.035365844707586,0.395710755536198,0.791413282002174,0.395702526465975,"chr22",19846147,19846148,"-",0.593562018769186,2,"MIXED",NA
"RTL10","PAS51280_ATTAAA_0.1",0.0226299563008414,0,9.93387150550348,1,0.00162264884801552,0.035365844707586,0.604289244463802,0.208586717997826,-0.395702526465975,"chr22",19850234,19850235,"-",0.406437981230814,2,"MIXED",NA
"RTN3","PAS29947_AATAAA_0.45",1.52995905856182e-05,4.36503179747437e-07,31.4679660603206,1,2.02757831083385e-08,2.99669201194426e-06,0.417249223530953,0.268302415879903,-0.14894680765105,"chr11",63759045,63759046,"+",0.342775819705428,2,"TUTR",NA
"RTN3","PAS29948_AATAAA_0.35",1.52995905856182e-05,3.91562602703299e-06,27.2166801615158,1,1.81882716417834e-07,1.9580460335352e-05,0.551577916014599,0.692274398049133,0.140696482034534,"chr11",63759884,63759885,"+",0.621926157031866,2,"TUTR",NA
"SEC24A","PAS15400_AATAAA_0.2",0.0268687396805187,0,9.53053001167973,1,0.00202081752472167,0.0414845998659881,0.338091769021988,0.173410125937357,-0.164681643084631,"chr5",134725423,134725424,"+",0.255750947479673,2,"TUTR",NA
"SEC24A","PAS15401_AATAAA_0.35",0.0268687396805187,0,9.53053001167973,1,0.00202081752472167,0.0414845998659881,0.661908230978012,0.826589874062643,0.16468164308463,"chr5",134727902,134727903,"+",0.744249052520327,2,"TUTR",NA
"SFMBT1","PAS11333_None_0.1",3.59431761062424e-09,0,44.2875525667705,1,2.83513220820755e-11,7.9749525340548e-09,0.649615030748734,0.924441740028795,0.274826709280061,"chr3",53040967,53040968,"-",0.787028385388764,2,"iAPA",-0.549653418560122
"SFMBT1","PAS11332_ATTAAA_0.15",3.59431761062424e-09,0,44.2875525667723,1,2.83513220820492e-11,7.9749525340548e-09,0.350384969251266,0.0755582599712054,-0.274826709280061,"chr3",52904611,52904612,"-",0.212971614611236,2,"iAPA",-0.549653418560122
"SFT2D1","PAS19854_ATTAAA_0.3",0.0193519803755073,0,10.3245170235338,1,0.00131274608331662,0.0301240680171604,0.868569416750795,0.689791152105513,-0.178778264645282,"chr6",166320030,166320031,"-",0.779180284428154,2,"iAPA",-0.357556529290565
"SFT2D1","PAS19855_AATAAA_0.2",0.0193519803755073,0,10.3245170235338,1,0.00131274608331662,0.0301240680171604,0.131430583249205,0.310208847894487,0.178778264645282,"chr6",166331782,166331783,"-",0.220819715571846,2,"iAPA",-0.357556529290565
"SH3PXD2A","PAS29076_AATAAA_0.05",0.0211872062110338,0,10.1183254865438,1,0.00146802314395933,0.0330783657183313,0.603941641325516,0.385129736634178,-0.218811904691338,"chr10",103600292,103600293,"-",0.494535688979847,2,"TUTR",NA
"SH3PXD2A","PAS29075_AATAAA_0.35",0.0211872062110338,0,10.1183254865447,1,0.00146802314395861,0.0330783657183313,0.396058358674484,0.614870263365822,0.218811904691338,"chr10",103594033,103594034,"-",0.505464311020153,2,"TUTR",NA
"SPEG","PAS7002_AATAAA_0.05",0.0103722314137499,0,11.8567798945337,1,0.000574517988912351,0.0166162416693721,0.842484051264574,0.645124703614232,-0.197359347650343,"chr2",219466860,219466861,"+",0.743804377439403,2,"ALE",NA
"SPEG","PAS7003_AATAAA_0.2",0.0103722314137499,0,11.8567798945337,1,0.000574517988912351,0.0166162416693721,0.157515948735426,0.354875296385768,0.197359347650343,"chr2",219493627,219493628,"+",0.256195622560597,2,"ALE",NA
"SRGAP1","PAS32833_AATAAA_0.05",0.0318027246227994,0.00678377134567797,11.6845304215408,1,0.000630218898020916,0.017698901097399,0.728260764273115,0.897017421294362,0.168756657021248,"chr12",64147832,64147833,"+",0.812639092783739,2,"ALE",NA
"SRGAP1","PAS32830_ATTAAA_0.3",0.0318027246227994,0.0410042884295271,8.37253544843065,1,0.00380933792596834,0.063879666758546,0.172266067919632,0.0561808984728295,-0.116085169446803,"chr12",64043630,64043631,"+",0.114223483196231,2,"ALE",NA
"SRSF2","PAS44941_ATTAAA_0.2",2.24661348549265e-05,0,25.7052903102231,1,3.97735253347515e-07,3.96371589621752e-05,0.776581944025771,0.877560728054927,0.100978784029156,"chr17",76734118,76734119,"-",0.827071336040349,2,"MIXED",NA
"SRSF2","PAS44942_ATTAAA_0.15",2.24661348549265e-05,0,25.7052903102231,1,3.97735253347515e-07,3.96371589621752e-05,0.223418055974229,0.122439271945073,-0.100978784029156,"chr17",76734838,76734839,"-",0.172928663959651,2,"MIXED",NA
"SRSF5","PAS36869_None_0.25",9.62317717992098e-05,6.07146214378343e-06,25.0313920293702,1,5.64044686451396e-07,5.26039536455206e-05,0.308900717530649,0.462560220916673,0.153659503386023,"chr14",69771208,69771209,"+",0.385730469223661,2,"TUTR",NA
"SRSF5","PAS36870_ATTAAA_0.1",9.62317717992098e-05,0.000128697624308537,19.1702658802496,1,1.19561333713452e-05,0.000755489007232829,0.65557428468369,0.519288031222069,-0.13628625346162,"chr14",69771669,69771670,"+",0.587431157952879,2,"TUTR",NA
"SRSF6","PAS49087_AATAAA_0.3",0.00423802063527381,0,13.9854636547002,1,0.000184229468457126,0.00685066509571915,0.460365473430226,0.615885441462529,0.155519968032302,"chr20",43461548,43461549,"+",0.538125457446377,2,"ALE",NA
"SRSF6","PAS49088_AATAAA_0.2",0.00423802063527381,0,13.9854636547002,1,0.000184229468457126,0.00685066509571915,0.539634526569774,0.384114558537471,-0.155519968032302,"chr20",43463601,43463602,"+",0.461874542553623,2,"ALE",NA
"SSH1","PAS34841_AATAAA_0.3",0.0303122460429456,0,9.23036020033965,1,0.00238034815551965,0.0465998098369386,0.769795520926647,0.945493569759651,0.175698048833004,"chr12",108782699,108782700,"-",0.857644545343149,2,"ALE",NA
"SSH1","PAS34843_ATTAAA_0.25",0.0303122460429456,0,9.23036020033965,1,0.00238034815551965,0.0465998098369386,0.230204479073353,0.0545064302403494,-0.175698048833004,"chr12",108791925,108791926,"-",0.142355454656851,2,"ALE",NA
"SSR3","PAS12023_ATTAAA_0.4",2.60660053811e-22,5.4632426580118e-26,119.061972261537,1,1.01508101971823e-27,3.54060259677719e-24,0.464872204498808,0.284961459748662,-0.179910744750146,"chr3",156543006,156543007,"-",0.374916832123735,2,"TUTR",NA
"SSR3","PAS12018_ATTAAA_0.3",2.60660053811e-22,1.28325168382496e-15,71.7976947380012,1,2.38430637134874e-17,1.89010468710555e-14,0.335457049365078,0.476787720967075,0.141330671601997,"chr3",156540147,156540148,"-",0.406122385166076,2,"TUTR",NA
"ST7L","PAS3876_APA_0.25",1.54637606924995e-05,5.89190902173135e-07,29.5413494903418,1,5.47364028311589e-08,7.21645350771579e-06,0.273421565132831,0.802007010674063,0.528585445541232,"chr1",112525877,112525878,"-",0.537714287903447,2,"iAPA",0.885807151807001
"ST7L","PAS3880_AATAAA_0.3",1.54637606924995e-05,0.000493160146698059,16.6138573664097,1,4.58150530674796e-05,0.00227639465953517,0.44260794526695,0.0853862390011802,-0.35722170626577,"chr1",112606680,112606681,"-",0.263997092134065,2,"iAPA",0.885807151807001
"STAT2","PAS34378_AATAAA_0.25",0.000498412659785143,0,18.8667581439095,1,1.40174184789707e-05,0.000851790168199476,0.905263066321218,0.746930354621666,-0.158332711699552,"chr12",56341599,56341600,"-",0.826096710471442,2,"iAPA",-0.316665423399104
"STAT2","PAS34379_APA_0.25",0.000498412659785143,0,18.8667581439095,1,1.40174184789707e-05,0.000851790168199476,0.094736933678782,0.253069645378334,0.158332711699552,"chr12",56353301,56353302,"-",0.173903289528558,2,"iAPA",-0.316665423399104
"TAF15","PAS42667_AATAAA_0.25",2.38795377859003e-07,1.85282440507837e-09,42.9079713385381,1,5.73763911593069e-11,1.450209075099e-08,0.696292819726147,0.508472709440178,-0.187820110285969,"chr17",35847232,35847233,"+",0.602382764583163,2,"iAPA",-0.367904742723335
"TAF15","PAS42665_None_0.2",2.38795377859003e-07,3.3661238452423e-09,41.7402887092248,1,1.04238716796869e-10,2.49030578210603e-08,0.263021797658061,0.443106430095428,0.180084632437367,"chr17",35828794,35828795,"+",0.353064113876744,2,"iAPA",-0.367904742723335
"TENT2","PAS15034_AATAAA_0.35",0.0192161042592583,0,10.3518869629218,1,0.00129342402025507,0.0300520123663894,0.330857691878304,0.54874468119983,0.217886989321525,"chr5",79686278,79686279,"+",0.439801186539067,2,"TUTR",NA
"TENT2","PAS15035_AATAAA_0.15",0.0192161042592583,0,10.3518869629218,1,0.00129342402025507,0.0300520123663894,0.669142308121696,0.45125531880017,-0.217886989321525,"chr5",79686639,79686640,"+",0.560198813460933,2,"TUTR",NA
"TFDP2","PAS11925_AATAAA_0.25",3.80583101631449e-05,4.29636261406289e-06,27.0372900070261,1,1.99568114413088e-07,2.12223653375869e-05,0.491032860135352,0.269000054458696,-0.222032805676656,"chr3",141952496,141952497,"-",0.380016457297024,2,"TUTR",NA
"TFDP2","PAS11923_AATAAA_0.3",3.80583101631449e-05,0.00361036632662068,14.1622315043032,1,0.00016770325618834,0.00641469739308259,0.113402756967904,0.23385937798513,0.120456621017226,"chr3",141944429,141944430,"-",0.173631067476517,2,"TUTR",NA
"TIAM1","PAS50446_AATAAA_0.05",0.00179258252737054,0,16.0629410643123,1,6.12714448443917e-05,0.00284953066156318,0.569619372265047,0.296321714855878,-0.273297657409169,"chr21",31118417,31118418,"-",0.432970543560463,2,"iAPA",-0.546595314818338
"TIAM1","PAS50447_ATTAAA_0.4",0.00179258252737054,0,16.0629410643141,1,6.12714448443328e-05,0.00284953066156318,0.430380627734953,0.703678285144122,0.273297657409169,"chr21",31507172,31507173,"-",0.567029456439537,2,"iAPA",-0.546595314818338
"TIGD5","PAS23542_AATAAA_0.15",0.0446551018470802,0,8.30177026552076,1,0.0039606453171994,0.0659729267735984,0.0813557807384913,0.254575876423666,0.173220095685174,"chr8",143603222,143603223,"+",0.167965828581078,2,"TUTR",NA
"TIGD5","PAS23541_ATTAAA_0.15",0.0446551018470802,0,8.30177026552076,1,0.0039606453171994,0.0659729267735984,0.918644219261509,0.745424123576334,-0.173220095685174,"chr8",143600313,143600314,"+",0.832034171418921,2,"TUTR",NA
"TIMM10B","PAS29421_APA_0.15",0.0102322384874424,0.00245049394810203,13.5878579971341,1,0.000227653250218068,0.00806965992642908,0.585525692327437,0.309082419386225,-0.276443272941212,"chr11",6483056,6483057,"+",0.447304055856831,2,"ALE",NA
"TIMM10B","PAS29422_AATAAA_0.05",0.0102322384874424,0.0063451221301497,11.8089459163675,1,0.000589467963011278,0.0169642265262652,0.261352282799776,0.508999024871333,0.247646742071557,"chr11",6484679,6484680,"+",0.385175653835554,2,"ALE",NA
"TLCD5","PAS30627_AATAAA_0.25",0.0190977668197669,0,10.3770981495655,1,0.00127588069644513,0.0298949584167579,0.744238530656436,0.478526627029713,-0.265711903626723,"chr11",120330632,120330633,"+",0.611382578843075,2,"MIXED",NA
"TLCD5","PAS30628_APA_0.25",0.0190977668197669,0,10.3770981495655,1,0.00127588069644513,0.0298949584167579,0.255761469343564,0.521473372970287,0.265711903626723,"chr11",120333678,120333679,"+",0.388617421156925,2,"MIXED",NA
"TMBIM6","PAS32544_AATAAA_0.15",3.11260179142185e-11,0,54.1526742129863,1,1.85501246114536e-13,6.8832802813564e-11,0.712713798033662,0.824058395497563,0.1113445974639,"chr12",49764933,49764934,"+",0.768386096765612,2,"TUTR",NA
"TMBIM6","PAS32543_APA_0.25",3.11260179142185e-11,0,54.1526742129863,1,1.85501246114536e-13,6.8832802813564e-11,0.287286201966338,0.175941604502437,-0.1113445974639,"chr12",49763000,49763001,"+",0.231613903234388,2,"TUTR",NA
"TMEM242","PAS19806_AATAAA_0.4",0.0459451544834596,0,8.23385664730915,1,0.0041116065895459,0.0676450565515598,0.867198770460611,0.717740308545714,-0.149458461914897,"chr6",157292561,157292562,"-",0.792469539503163,2,"TUTR",NA
"TMEM242","PAS19805_AATAAA_0.25",0.0459451544834596,0,8.23385664730915,1,0.0041116065895459,0.0676450565515598,0.132801229539389,0.282259691454286,0.149458461914897,"chr6",157291771,157291772,"-",0.207530460496837,2,"TUTR",NA
"TMEM50A","PAS405_ATTAAA_0.25",0.00033302058347739,0,19.7909065362637,1,8.63927192894895e-06,0.000583987993956859,0.14146859270939,0.26750136948231,0.12603277677292,"chr1",25362358,25362359,"+",0.20448498109585,2,"TUTR",NA
"TMEM50A","PAS403_AATAAA_0.35",0.00033302058347739,0,19.7909065362637,1,8.63927192894895e-06,0.000583987993956859,0.85853140729061,0.73249863051769,-0.126032776772919,"chr1",25360990,25360991,"+",0.79551501890415,2,"TUTR",NA
"TMEM9B","PAS30901_AATAAA_0.25",0.00191358614047318,0,15.9103743534395,1,6.64136820006466e-05,0.00300845354309422,0.805526298681402,0.94415027589681,0.138623977215408,"chr11",8947293,8947294,"-",0.874838287289106,2,"TUTR",NA
"TMEM9B","PAS30902_AATAAA_0.3",0.00191358614047318,0,15.9103743534395,1,6.64136820006466e-05,0.00300845354309422,0.194473701318598,0.0558497241031902,-0.138623977215408,"chr11",8948057,8948058,"-",0.125161712710894,2,"TUTR",NA
"TNRC18","PAS21274_APA_0.25",9.88076242861459e-05,0,22.4275134012437,1,2.18225427871242e-06,0.000177016347073231,0.746396868198184,0.90724285975685,0.160845991558666,"chr7",5306793,5306794,"-",0.826819863977517,2,"iAPA",0.321691983117331
"TNRC18","PAS21276_ATTAAA_0.15",9.88076242861459e-05,0,22.4275134012437,1,2.18225427871242e-06,0.000177016347073231,0.253603131801816,0.0927571402431502,-0.160845991558666,"chr7",5351290,5351291,"-",0.173180136022483,2,"iAPA",0.321691983117331
"TP53I3","PAS7392_AATAAA_0.2",1.7537030418021e-05,0,26.2479125820603,1,3.00279218986436e-07,3.11718427328777e-05,0.732933098164924,0.941332434437864,0.20839933627294,"chr2",24077434,24077435,"-",0.837132766301394,2,"ALE",NA
"TP53I3","PAS7393_AATAAA_0.2",1.7537030418021e-05,0,26.2479125820603,1,3.00279218986436e-07,3.11718427328777e-05,0.267066901835076,0.0586675655621365,-0.20839933627294,"chr2",24080751,24080752,"-",0.162867233698606,2,"ALE",NA
"TRMU","PAS51181_AATAAA_0.25",0.00336625931958316,0.000280068195199146,17.6885648394114,1,2.60186053383957e-05,0.00140050764537537,0.553822129003639,0.768511560296023,0.214689431292384,"chr22",46357336,46357337,"+",0.661166844649831,2,"ALE",NA
"TRMU","PAS51179_AATAAA_0.25",0.00336625931958316,0.000519206209147152,16.5162559157088,1,4.82347573791394e-05,0.00237553003797998,0.418726566463453,0.215261284631097,-0.203465281832356,"chr22",46333695,46333696,"+",0.316993925547275,2,"ALE",NA
"TYRO3","PAS38381_AATAAA_0.3",0.00764013000975904,0,12.5703811995495,1,0.000391908630795545,0.0123151108487885,0.616728158218097,0.404430690420848,-0.212297467797249,"chr15",41579327,41579328,"+",0.510579424319472,2,"iAPA",-0.424594935594499
"TYRO3","PAS38380_AATAAA_0.4",0.00764013000975904,0,12.5703811995486,1,0.000391908630795736,0.0123151108487885,0.383271841781903,0.595569309579152,0.212297467797249,"chr15",41557683,41557684,"+",0.489420575680528,2,"iAPA",-0.424594935594499
"UFM1","PAS35436_AATAAA_0.35",1.68274525033257e-07,3.11902059469784e-09,39.7424402181759,1,2.89760020191035e-10,6.47873686170725e-08,0.448093776757372,0.13021447810534,-0.317879298652032,"chr13",38360830,38360831,"+",0.289154127431356,2,"TUTR",NA
"UFM1","PAS35438_APA_0.25",1.68274525033257e-07,7.71712179551411e-08,33.488331666397,1,7.16928054622696e-09,1.1591474882937e-06,0.487335912869967,0.796040360196447,0.30870444732648,"chr13",38362999,38363000,"+",0.641688136533207,2,"TUTR",NA
"URI1","PAS46597_APA_0.25",2.16795064536524e-13,4.84746620194083e-16,71.9106348440791,1,2.25167141720301e-17,1.86995950076288e-14,0.289354421105911,0.543255695371059,0.253901274265148,"chr19",29985183,29985184,"+",0.416305058238485,2,"iAPA",-0.455244687349031
"URI1","PAS46602_APA_0.25",2.16795064536524e-13,7.69732248349287e-10,43.8334359324608,1,3.57544339724034e-11,9.5931896689033e-09,0.595313474287925,0.393970061204041,-0.201343413083883,"chr19",30015708,30015709,"+",0.494641767745983,2,"iAPA",-0.455244687349031
"ZBTB1","PAS36793_AATAAA_0.35",1.26808940871492e-09,4.48855664332149e-10,44.8892853468424,1,2.08495619716073e-11,6.10116136063214e-09,0.046511960957722,0.370787587693486,0.324275626735764,"chr14",64533683,64533684,"+",0.208649774325604,2,"ALE",NA
"ZBTB1","PAS36789_ATTAAA_0.35",1.26808940871492e-09,0.000617353451995691,17.503603479825,1,2.86763654301241e-05,0.00150813432904305,0.459302003975853,0.202246978890039,-0.257055025085814,"chr14",64523950,64523951,"+",0.330774491432946,2,"ALE",NA
"ZDHHC6","PAS29125_AATAAA_0.35",0.0195570365069381,0.0139728389926319,10.3452395238644,1,0.001298090213163,0.0300520123663894,0.717030370421418,0.848881532051879,0.131851161630461,"chr10",112430301,112430302,"-",0.782955951236648,2,"iAPA",0.231982434290684
"ZDHHC6","PAS29127_APA_0.15",0.0195570365069381,0.00855029849676213,11.2544326524264,1,0.000794330973406473,0.0214368415631934,0.150917406320737,0.0507861336605149,-0.100131272660222,"chr10",112445126,112445127,"-",0.100851769990626,2,"iAPA",0.231982434290684
"ZFTRAF1","PAS24724_ATTAAA_0.1",0.000528963975308129,5.29756368766932e-05,20.8676016390364,1,4.92148773788736e-06,0.000369960112710154,0.538799054060959,0.722604428796178,0.183805374735219,"chr8",144449931,144449932,"-",0.630701741428569,2,"ALE",NA
"ZFTRAF1","PAS24725_AATAAA_0.15",0.000528963975308129,0.000371226987511664,17.1529496549201,1,3.44873450273763e-05,0.00177421621615765,0.314236805117408,0.167339041167114,-0.146897763950294,"chr8",144451126,144451127,"-",0.240787923142261,2,"ALE",NA
"ZMIZ2","PAS20361_ATTAAA_0.05",0.000937199844584262,0.000336836159691344,18.657118413048,1,1.56462019839099e-05,0.000931296118086653,0.80993674782333,0.683118869597117,-0.126817878226213,"chr7",44768693,44768694,"+",0.746527808710224,2,"TUTR",NA
"ZMIZ2","PAS20362_APA_0.35",0.000937199844584262,0.000214124836972969,19.5217254951822,1,9.94620189269707e-06,0.000657052125032715,0.145459059283975,0.264171701328877,0.118712642044901,"chr7",44769877,44769878,"+",0.204815380306426,2,"TUTR",NA
"ZNF219","PAS37297_AATAAA_0.1",0.0317966921188331,0,9.12254441549999,1,0.00252478554422987,0.0485471443124243,0.853675334357025,0.960464610812668,0.106789276455644,"chr14",21090081,21090082,"-",0.907069972584847,2,"iAPA",0.213578552911287
"ZNF219","PAS37298_None_0.15",0.0317966921188331,0,9.12254441549999,1,0.00252478554422987,0.0485471443124243,0.146324665642975,0.0395353891873317,-0.106789276455644,"chr14",21091766,21091767,"-",0.0929300274151535,2,"iAPA",0.213578552911287
"ZNF276","PAS41066_AATAAA_0.1",0.00345556144221776,0.000420831238564707,16.9147972039023,1,3.90956277720061e-05,0.00197060042873927,0.310891619814385,0.0721382865344179,-0.238753333279967,"chr16",89738569,89738570,"+",0.191514953174401,2,"TUTR",NA
"ZNF276","PAS41068_ATTAAA_0.4",0.00345556144221776,0.0190274539279595,9.77639159764283,1,0.00176766881364041,0.0377795883699617,0.472540915748748,0.702528408642198,0.22998749289345,"chr16",89740921,89740922,"+",0.587534662195473,2,"TUTR",NA
"ZNF280D","PAS39504_AATAAA_0.3",0.00415223352908743,0.00883500787479197,12.4842821909115,1,0.000410390374552125,0.0126235931030938,0.319526604572133,0.613635388420373,0.294108783848241,"chr15",56630177,56630178,"-",0.466580996496253,2,"iAPA",0.575039454287836
"ZNF280D","PAS39507_AATAAA_0.25",0.00415223352908743,0.00112042311526454,16.3721556989476,1,5.2044193785294e-05,0.00250732248512576,0.349112365030643,0.0681816945910478,-0.280930670439595,"chr15",56700977,56700978,"-",0.208647029810845,2,"iAPA",0.575039454287836
"ZNF589","PAS9569_APA_0.25",0.0261404208680359,0,9.60208702220439,1,0.00194356346189225,0.0402738777568267,0.826405748229464,0.548395123512788,-0.278010624716676,"chr3",48270986,48270987,"+",0.687400435871126,2,"iAPA",-0.556021249433352
"ZNF589","PAS9570_APA_0.2",0.0261404208680359,0,9.60208702220439,1,0.00194356346189225,0.0402738777568267,0.173594251770536,0.451604876487212,0.278010624716676,"chr3",48273225,48273226,"+",0.312599564128874,2,"iAPA",-0.556021249433352
"ZNF84","PAS33673_AATAAA_0.3",0.00911717678002485,0.00193050368659173,14.0359827916313,1,0.000179345653618513,0.00672642623463844,0.684756455033493,0.920922448607813,0.23616599357432,"chr12",133059599,133059600,"+",0.802839451820653,2,"iAPA",0.361641000086517
"ZNF84","PAS33671_AATAAA_0.25",0.00911717678002485,0.0273254130807293,9.11259332738882,1,0.00253855721871806,0.048651030653234,0.141601431432349,0.0161264249201515,-0.125475006512198,"chr12",133048107,133048108,"+",0.0788639281762503,2,"iAPA",0.361641000086517
