gene_name,ensembl_ID,feature_id,twostep_gene_padj,twostep_feature_padj,lr,df,pvalue,adj_pvalue,pA_usage_control,pA_usage_treatment,change_in_usage,chr,start,end,strand
Gm50387,ENSMUSG00000118125.2,PAS10009_AATAAA_0.2,1.788793639345106e-5,0,23.640975718043592,1,1.160890313872536e-6,2.1983633858436512e-5,0.6789414812525282,0.41084943066437485,-0.26809205058815333,chr19,5778115,5778116,-
Gm50387,ENSMUSG00000118125.2,PAS10010_None_0,1.788793639345106e-5,0,23.640975718043592,1,1.160890313872536e-6,2.1983633858436512e-5,0.3210585187474718,0.5891505693356252,0.26809205058815333,chr19,5780334,5780335,-
Rtn3,ENSMUSG00000024758.16,PAS10044_AATAAA_0.25,0.004777194641379459,0,11.532997926944518,1,6.83716684592628e-4,0.005176085926307011,0.48855671299121406,0.3682393751576169,-0.12031733783359716,chr19,7403265,7403266,-
Rtn3,ENSMUSG00000024758.16,PAS10045_AATAAA_0.4,0.004777194641379459,0,11.532997926944518,1,6.83716684592628e-4,0.005176085926307011,0.5114432870087859,0.631760624842383,0.1203173378335971,chr19,7404389,7404390,-
Cd5,ENSMUSG00000024669.9,PAS10063_ATTAAA_0.3,1.3560735032359452e-10,0,48.76874096868232,1,2.879934494406901e-12,1.9435443645120728e-10,0.03937719524859438,0.15172026919831025,0.11234307394971588,chr19,10694724,10694725,-
Cd5,ENSMUSG00000024669.9,PAS10064_APA_0.15,1.3560735032359452e-10,0,48.76874096868141,1,2.879934494408237e-12,1.9435443645120728e-10,0.9606228047514056,0.8482797308016897,-0.11234307394971588,chr19,10695508,10695509,-
Oga,ENSMUSG00000025220.9,PAS10126_AATAAA_0.1,0.0421279275478964,0,6.649328857025239,1,0.009919318120695828,0.045559265813489465,0.6777991984974446,0.8036120120967865,0.12581281359934182,chr19,45738699,45738700,-
Oga,ENSMUSG00000025220.9,PAS10127_AATAAA_0.15,0.0421279275478964,0,6.649328857025239,1,0.009919318120695828,0.045559265813489465,0.32220080150255537,0.19638798790321355,-0.12581281359934182,chr19,45740277,45740278,-
Pbdc1,ENSMUSG00000031226.14,PAS10242_AATAAA_0.35,0.0147795317747824,0,9.08215750138379,1,0.0025811535693055264,0.015825401900374462,0.88878141266291,0.7367475619671651,-0.15203385069574493,chrX,104127091,104127092,+
Pbdc1,ENSMUSG00000031226.14,PAS10243_AATAAA_0.25,0.0147795317747824,0,9.08215750138379,1,0.0025811535693055264,0.015825401900374462,0.11121858733709,0.26325243803283493,0.15203385069574493,chrX,104160694,104160695,+
Pcif1,ENSMUSG00000039849.7,PAS1038_APA_0.2,0.001373555573991377,0,14.36061681015417,1,1.509262357386647e-4,0.001536585210408302,0.6833329513030174,0.42187425938791834,-0.2614586919150991,chr2,164733292,164733293,+
Pcif1,ENSMUSG00000039849.7,PAS1039_AATAAA_0.4,0.001373555573991377,0,14.36061681015417,1,1.509262357386647e-4,0.001536585210408302,0.3166670486969826,0.5781257406120817,0.2614586919150991,chr2,164736370,164736371,+
Psmd10,ENSMUSG00000031429.15,PAS10415_AATAAA_0.25,2.156626148696575e-7,0,33.13632547282896,1,8.591849065415661e-9,2.619701980923156e-7,0.22958743802525108,0.6696349853224057,0.4400475472971547,chrX,139849177,139849178,-
Psmd10,ENSMUSG00000031429.15,PAS10416_ATTAAA_0.15,2.156626148696575e-7,0,33.136325472828275,1,8.591849065418676e-9,2.619701980923156e-7,0.7704125619747489,0.33036501467759427,-0.4400475472971547,chrX,139849693,139849694,-
Sms,ENSMUSG00000071708.12,PAS10429_AATAAA_0.15,0.028588717983315064,0,7.600907334809563,1,0.005833893512754043,0.030284959290386593,0.6390466751740582,0.3808532997207979,-0.2581933754532603,chrX,156226848,156226849,-
Sms,ENSMUSG00000071708.12,PAS10430_ATTAAA_0.1,0.028588717983315064,0,7.600907334809449,1,0.005833893512754403,0.030284959290386593,0.3609533248259418,0.6191467002792022,0.2581933754532604,chrX,156228653,156228654,-
Rtf2,ENSMUSG00000027502.12,PAS1059_APA_0.15,6.287237122123824e-12,0,55.280559082268155,1,1.0449701588017437e-13,8.815069696748995e-12,0.3875509470642828,0.10760125011493885,-0.2799496969493439,chr2,172310789,172310790,+
Rtf2,ENSMUSG00000027502.12,PAS1060_AATAAA_0.05,6.287237122123824e-12,0,55.28055908227543,1,1.0449701587978755e-13,8.815069696748995e-12,0.6124490529357172,0.8923987498850612,0.279949696949344,chr2,172311824,172311825,+
Polr3k,ENSMUSG00000038628.9,PAS1091_AATAAA_0.2,5.020422922786157e-4,3.056073513919911e-5,20.08868696683794,1,7.393271104773929e-6,1.1194170736843602e-4,0.24480012443969296,0.6231038137949493,0.3783036893552563,chr2,181510400,181510401,+
Polr3k,ENSMUSG00000038628.9,PAS1093_APA_0.25,5.020422922786157e-4,0.004799006329361302,10.551436158337538,1,0.0011609784471769723,0.008113109740331387,0.5654495934931609,0.28778610736701316,-0.2776634861261478,chr2,181511955,181511956,+
Cdc123,ENSMUSG00000039128.14,PAS1098_AATAAA_0.3,8.655927951228465e-9,0,39.81118082510602,1,2.7973913046444714e-10,1.1967494080363367e-8,0.9674256407430698,0.7193921542726699,-0.2480334864703999,chr2,5799475,5799476,-
Cdc123,ENSMUSG00000039128.14,PAS1099_APA_0.2,8.655927951228465e-9,0,39.81118082510602,1,2.7973913046444714e-10,1.1967494080363367e-8,0.032574359256930197,0.2806078457273301,0.2480334864703999,chr2,5814367,5814368,-
Abi1,ENSMUSG00000058835.15,PAS1118_APA_0.2,0.02992953065102141,0.009483601461729503,9.297810875106961,1,0.0022942784699659558,0.014450895322825567,0.14798142408500525,0.2769034038531972,0.12892197976819197,chr2,22831244,22831245,-
Surf4,ENSMUSG00000014867.10,PAS1146_AATAAA_0.25,2.4748409313783107e-4,0,18.114513468050063,1,2.0800989993092947e-5,2.728444764503528e-4,0.8940694357307388,0.7579972574623896,-0.13607217826834928,chr2,26810052,26810053,-
Surf4,ENSMUSG00000014867.10,PAS1147_None_0.1,2.4748409313783107e-4,0,18.114513468050063,1,2.0800989993092947e-5,2.728444764503528e-4,0.10593056426926117,0.24200274253761045,0.13607217826834928,chr2,26810838,26810839,-
Fnbp1,ENSMUSG00000075415.14,PAS1163_AATAAA_0.1,6.4670154359851425e-12,3.0408662348071353e-9,39.27659482407853,1,3.678240782638363e-10,1.4480007880986356e-8,0.5855333315526698,0.325075702101401,-0.2604576294512688,chr2,30916218,30916219,-
Fnbp1,ENSMUSG00000075415.14,PAS1165_AATAAA_0.2,6.4670154359851425e-12,0.012089553416556922,10.125454488862488,1,0.0014623559534339397,0.009954134760838517,0.2808631875831265,0.40666667015493985,0.12580348257181334,chr2,30919627,30919628,-
Fnbp1,ENSMUSG00000075415.14,PAS1166_AATAAA_0.25,6.4670154359851425e-12,7.128506193035298e-9,37.613927112372494,1,8.622662154087018e-10,3.2328139695164345e-8,0.06003917670563541,0.2289074342340699,0.16886825752843448,chr2,30922595,30922596,-
Agfg1,ENSMUSG00000026159.14,PAS117_AATAAA_0.1,2.119613150909817e-7,1.666597026375539e-8,34.608296988248185,1,4.031841374980529e-9,1.3226679621811123e-7,0.3032337166618039,0.5054622499791839,0.20222853331738,chr1,82873392,82873393,+
Agfg1,ENSMUSG00000026159.14,PAS119_AATAAA_0.15,2.119613150909817e-7,1.3788494839566478e-5,21.61306374828564,1,3.3357208199135893e-6,5.47150873377493e-5,0.3956716164741201,0.24312365987061357,-0.1525479566035065,chr1,82878721,82878722,+
Tmem70,ENSMUSG00000025940.7,PAS11_AATAAA_0.45,0.03538566929519171,0,7.054407220491612,1,0.007907047063191501,0.03811519421073127,0.5445464899526513,0.3643687108266375,-0.1801777791260138,chr1,16748037,16748038,+
Tmem70,ENSMUSG00000025940.7,PAS12_AATAAA_0.15,0.03538566929519171,0,7.054407220491612,1,0.007907047063191501,0.03811519421073127,0.4554535100473487,0.6356312891733624,0.18017777912601374,chr1,16748420,16748421,+
Sp100,ENSMUSG00000026222.17,PAS122_ATTAAA_0.25,3.0524248629747434e-5,1.1719128481918219e-5,21.925043498889863,1,2.835098487777076e-6,4.7832161629496095e-5,0.16497213874101782,0.31298885360742584,0.14801671486640802,chr1,85610838,85610839,+
Sp100,ENSMUSG00000026222.17,PAS124_AATAAA_0.3,3.0524248629747434e-5,3.5802374933443e-6,24.20486276092197,1,8.661331701350014e-7,1.7337343625922655e-5,0.7460849169307437,0.5707074378867547,-0.17537747904398904,chr1,85637715,85637716,+
Trim44,ENSMUSG00000027189.17,PAS1264_AATAAA_0.15,0.043771606257990814,0,6.567261150776062,1,0.010387167874703267,0.04727262142591352,0.9135549467948687,0.7949367710047127,-0.11861817579015599,chr2,102130465,102130466,-
Trim44,ENSMUSG00000027189.17,PAS1265_ATTAAA_0.3,0.043771606257990814,0,6.567261150776062,1,0.010387167874703267,0.04727262142591352,0.0864450532051313,0.20506322899528728,0.11861817579015599,chr2,102134121,102134122,-
Arl14ep,ENSMUSG00000027122.16,PAS1282_AATAAA_0.35,7.995832410265585e-4,0,15.478969320942042,1,8.342835294182929e-5,9.123044891138925e-4,0.8768649166830773,0.5867905923977954,-0.2900743242852819,chr2,106792963,106792964,-
Arl14ep,ENSMUSG00000027122.16,PAS1283_AATAAA_0.25,7.995832410265585e-4,0,15.478969320942042,1,8.342835294182929e-5,9.123044891138925e-4,0.12313508331692269,0.4132094076022046,0.2900743242852819,chr2,106794766,106794767,-
Zfp106,ENSMUSG00000027288.17,PAS1304_AATAAA_0.1,5.509973849521728e-4,0,16.2822656219505,1,5.457231862198743e-5,6.180241345106601e-4,0.8592750030883656,0.6385461432600104,-0.22072885982835522,chr2,120337302,120337303,-
Zfp106,ENSMUSG00000027288.17,PAS1305_None_0.25,5.509973849521728e-4,0,16.2822656219505,1,5.457231862198743e-5,6.180241345106601e-4,0.14072499691163443,0.36145385673998964,0.22072885982835522,chr2,120340095,120340096,-
Cops2,ENSMUSG00000027206.14,PAS1316_AATAAA_0.2,0.014595331047504552,0,9.12590336109406,1,0.0025201541143890596,0.015623632593666559,0.333667648052201,0.5496435936257944,0.2159759455735934,chr2,125672222,125672223,-
Cops2,ENSMUSG00000027206.14,PAS1317_AATAAA_0.15,0.014595331047504552,0,9.12590336109406,1,0.0025201541143890596,0.015623632593666559,0.666332351947799,0.4503564063742056,-0.21597594557359345,chr2,125673521,125673522,-
Snx5,ENSMUSG00000027423.16,PAS1353_APA_0.2,8.8842749233699e-10,9.137726905916152e-6,22.402722534639906,1,2.2106042930286537e-6,3.867738770469393e-5,0.2324375335751276,0.3515659739838457,0.11912844040871812,chr2,144092045,144092046,-
Snx5,ENSMUSG00000027423.16,PAS1355_AATAAA_0.4,8.8842749233699e-10,5.829079709422573e-11,45.65511379500458,1,1.4101744080043528e-11,8.765347241332319e-10,0.42337058715014186,0.2445894383181717,-0.17878114883197016,chr2,144092968,144092969,-
Eif4e2,ENSMUSG00000026254.18,PAS135_AATAAA_0.1,1.788793639345106e-5,0,23.62148425243913,1,1.1727086647599494e-6,2.1983633858436512e-5,0.6993586078676268,0.8809502842890213,0.1815916764213945,chr1,87155783,87155784,+
Eif4e2,ENSMUSG00000026254.18,PAS136_AATAAA_0.2,1.788793639345106e-5,0,23.62148425243913,1,1.1727086647599494e-6,2.1983633858436512e-5,0.3006413921323732,0.11904971571097867,-0.1815916764213945,chr1,87167972,87167973,+
Samhd1,ENSMUSG00000027639.17,PAS1401_ATTAAA_0.25,0.015041770413133449,0,9.003613654384026,1,0.002694463028760747,0.01619420273265365,0.5185200674128413,0.6201504146099308,0.10163034719708952,chr2,156939457,156939458,-
Samhd1,ENSMUSG00000027639.17,PAS1402_APA_0.3,0.015041770413133449,0,9.003613654384026,1,0.002694463028760747,0.01619420273265365,0.4814799325871587,0.3798495853900692,-0.10163034719708952,chr2,156941320,156941321,-
Cops8,ENSMUSG00000034432.12,PAS141_AATAAA_0.35,0.0014026960361550453,0,14.305339610719102,1,1.5542338350748423e-4,0.0015621703482752243,0.9442706676389253,0.8001678888112909,-0.14410277882763445,chr1,90540833,90540834,+
Cops8,ENSMUSG00000034432.12,PAS142_ATTAAA_0.15,0.0014026960361550453,0,14.305339610719102,1,1.5542338350748423e-4,0.0015621703482752243,0.05572933236107469,0.19983211118870914,0.14410277882763445,chr1,90541061,90541062,+
Zmynd8,ENSMUSG00000039671.19,PAS1423_ATTAAA_0.15,0.003182159949122467,0,12.453379918821156,1,4.172361152127334e-4,0.0034338386903570604,0.6944444316853517,0.52554603770114106,-0.1688983939842107,chr2,165626074,165626075,-
Zmynd8,ENSMUSG00000039671.19,PAS1424_AATAAA_0.15,0.003182159949122467,0,12.453379918821156,1,4.172361152127334e-4,0.0034338386903570604,0.30555556831464825,0.47445396229885894,0.1688983939842107,chr2,165669108,165669109,-
Lrrfip1,ENSMUSG00000026305.16,PAS143_AATAAA_0.2,0.011102820409290946,0,9.7325802669111,1,0.0018103017599754787,0.011774883919804326,0.7324776824106036,0.8995457715005465,0.16706808908994286,chr1,91045035,91045036,+
Lrrfip1,ENSMUSG00000026305.16,PAS144_APA_0,0.011102820409290946,0,9.7325802669111,1,0.0018103017599754787,0.011774883919804326,0.2675223175893964,0.10045422849945351,-0.16706808908994286,chr1,91056665,91056666,+
Foxo1,ENSMUSG00000044167.7,PAS1512_APA_0.3,6.353670929743091e-6,1.6080713055098306e-5,21.31817516732508,1,3.890255605203837e-6,6.337092234132044e-5,0.25060364551014025,0.06664918263227165,-0.1839544628778686,chr3,52255141,52255142,+
Foxo1,ENSMUSG00000044167.7,PAS1514_APA_0.05,6.353670929743091e-6,2.2085632114182733e-7,29.58818265376749,1,5.342969172590837e-8,1.249514176797976e-6,0.6614199330723547,0.9046732145170386,0.24325328144468394,chr3,52257529,52257530,+
Sh2d2a,ENSMUSG00000028071.13,PAS1552_ATTAAA_0.1,5.437273053342399e-4,5.9418915335003085e-5,18.818755621767195,1,1.4374659111515058e-5,1.9972320483175628e-4,0.7156110703984088,0.5173661035477707,-0.19824496685063808,chr3,87760070,87760071,+
Sh2d2a,ENSMUSG00000028071.13,PAS1554_AATAAA_0.2,5.437273053342399e-4,9.559382404256087e-4,13.558343188290564,1,2.3126114403648152e-4,0.0021172047372642225,0.2565748300072723,0.4191194529220992,0.16254462291482685,chr3,87763111,87763112,+
Mcl1,ENSMUSG00000038612.17,PAS1628_AATAAA_0.25,3.555333717061574e-18,6.404906827055629e-14,59.03429290270287,1,1.5494788445877883e-14,1.7427947766268363e-12,0.4410832651896819,0.262398536648439,-0.1786847285412429,chr3,95569249,95569250,+
Mcl1,ENSMUSG00000038612.17,PAS1629_AATAAA_0.3,3.555333717061574e-18,1.3764125041625e-20,89.33694368266151,1,3.3298252639942294e-21,6.050036364272592e-19,0.4058768220134321,0.6359044276087196,0.23002760559528745,chr3,95570486,95570487,+
St7l,ENSMUSG00000045576.17,PAS1663_ATTAAA_0.15,2.4863276445682704e-4,0,18.064845211153795,1,2.1350736005987917e-5,2.7407846981599706e-4,0.5145071635871599,0.06233720895534561,-0.45216995463181425,chr3,104773774,104773775,+
St7l,ENSMUSG00000045576.17,PAS1664_AATAAA_0.15,2.4863276445682704e-4,0,18.06484521115391,1,2.135073600598664e-5,2.7407846981599706e-4,0.48549283641284013,0.9376627910446544,0.4521699546318143,chr3,104782710,104782711,+
Eif4e,ENSMUSG00000028156.13,PAS1714_AATAAA_0.3,0.005383420881347714,0,11.287225949245226,1,7.804220483578866e-4,0.0058334078424725575,0.7318897336842669,0.5010297628816104,-0.23085997080265652,chr3,138262216,138262217,+
Eif4e,ENSMUSG00000028156.13,PAS1715_AATAAA_0.25,0.005383420881347714,0,11.287225949245226,1,7.804220483578866e-4,0.0058334078424725575,0.2681102663157331,0.4989702371183896,0.23085997080265652,chr3,138262668,138262669,+
2410004B18Rik,ENSMUSG00000036873.14,PAS1728_AATAAA_0.3,8.440481097848224e-5,0,20.367450711834294,1,6.390761311390161e-6,9.801933907469844e-5,0.9026721705887912,0.5386689147337376,-0.36400325585505366,chr3,145650029,145650030,+
2410004B18Rik,ENSMUSG00000036873.14,PAS1729_ATTAAA_0.3,8.440481097848224e-5,0,20.367450711834294,1,6.390761311390161e-6,9.801933907469844e-5,0.09732782941120877,0.46133108526626243,0.36400325585505366,chr3,145650581,145650582,+
Elf2,ENSMUSG00000037174.19,PAS1775_APA_0.05,7.844262201700301e-9,0,40.06012535546131,1,2.462649259998248e-10,1.110868760126195e-8,0.4737663503725184,0.9039191372136182,0.43015278684109975,chr3,51162651,51162652,-
Elf2,ENSMUSG00000037174.19,PAS1776_ATTAAA_0.4,7.844262201700301e-9,0,40.060125355460855,1,2.46264925999882e-10,1.110868760126195e-8,0.5262336496274815,0.09608086278638184,-0.4301527868410997,chr3,51163091,51163092,-
Pdcd10,ENSMUSG00000027835.12,PAS1808_ATTAAA_0.4,0.004777194641379459,0,11.533858538182812,1,6.834002486883634e-4,0.005176085926307011,0.14049697906394762,0.32526634359102297,0.18476936452707535,chr3,75423796,75423797,-
Pdcd10,ENSMUSG00000027835.12,PAS1809_AATAAA_0.2,0.004777194641379459,0,11.533858538178265,1,6.83400248690034e-4,0.005176085926307011,0.8595030209360524,0.674733656408977,-0.18476936452707537,chr3,75424280,75424281,-
Rprd2,ENSMUSG00000028106.14,PAS1851_AATAAA_0.25,0.026955586626056755,0,7.73170029791072,1,0.0054259629588923105,0.028543707146778702,0.5642448209629716,0.7466666666666659,0.18242184570369435,chr3,95667659,95667660,-
Rprd2,ENSMUSG00000028106.14,PAS1852_AATAAA_0.3,0.026955586626056755,0,7.73170029791072,1,0.0054259629588923105,0.028543707146778702,0.43575517903702843,0.2533333333333341,-0.18242184570369435,chr3,95670592,95670593,-
Tent5c,ENSMUSG00000044468.15,PAS1864_AATAAA_0.4,6.206465008375161e-4,0,16.00909601218973,1,6.30388874350201e-5,7.023483590637617e-4,0.4365149252830524,0.6676164337751308,0.2311015084920784,chr3,100375378,100375379,-
Tent5c,ENSMUSG00000044468.15,PAS1865_AATAAA_0.4,6.206465008375161e-4,0,16.00909601218973,1,6.30388874350201e-5,7.023483590637617e-4,0.5634850747169475,0.3323835662248692,-0.23110150849207833,chr3,100378853,100378854,-
Hipk1,ENSMUSG00000008730.18,PAS1874_APA_0.2,0.0013066993303338346,1.2996189350216863e-4,17.328686983951457,1,3.14404580771636e-5,3.8279568030031143e-4,0.17278544431597964,0.03810541988299043,-0.1346800244329892,chr3,103650805,103650806,-
Sh3glb1,ENSMUSG00000037062.14,PAS1942_ATTAAA_0.45,0.002260896241584904,0,13.215429099760968,1,2.776539244051637e-4,0.0024747870545100254,0.35872343831851666,0.1594093108995332,-0.19931412741898347,chr3,144390663,144390664,-
Sh3glb1,ENSMUSG00000037062.14,PAS1943_AATAAA_0.3,0.002260896241584904,0,13.215429099760513,1,2.7765392440523145e-4,0.0024747870545100254,0.6412765616814833,0.8405906891004669,0.19931412741898358,chr3,144396828,144396829,-
Rab2a,ENSMUSG00000047187.10,PAS1958_AATAAA_0.45,8.443298622885216e-6,0,25.267845904134447,1,4.989576286838908e-7,1.042953910576416e-5,0.8282153906644592,0.6555060367730164,-0.1727093538914427,chr4,8606664,8606665,+
Rab2a,ENSMUSG00000047187.10,PAS1959_AATAAA_0.3,8.443298622885216e-6,0,25.267845904134447,1,4.989576286838908e-7,1.042953910576416e-5,0.17178460933554085,0.34449396322698356,0.1727093538914427,chr4,8607703,8607704,+
Pabpc4,ENSMUSG00000011257.20,PAS2129_None_0.25,4.188988106655975e-7,4.691839330667794e-5,19.269497852851373,1,1.1350525435225872e-5,1.6053856932936233e-4,0.27827594621221946,0.06470535145341993,-0.21357059475879953,chr4,123185205,123185206,+
Pabpc4,ENSMUSG00000011257.20,PAS2130_None_0.25,4.188988106655975e-7,0.003343416291493936,11.220834308122448,1,8.088412450336206e-4,0.005993286983045847,0.164953953361854,0.037743974375309526,-0.1272099789865445,chr4,123187013,123187014,+
Pabpc4,ENSMUSG00000011257.20,PAS2131_AATAAA_0.25,4.188988106655975e-7,8.49124118731289e-9,35.92158270568257,1,2.0542060859427306e-9,7.351567840904136e-8,0.5567701004259266,0.8975506741712705,0.340780573745344,chr4,123192622,123192623,+
Sfpq,ENSMUSG00000028820.15,PAS2151_AATAAA_0.3,1.906335334483154e-4,3.6827959782629986e-4,16.667087405065104,1,4.454720897067893e-5,5.208936019244734e-4,0.30533929753569905,0.18922654114103946,-0.1161127563946596,chr4,126924072,126924073,+
Ddost,ENSMUSG00000028757.5,PAS2212_AATAAA_0.2,7.740059564843139e-11,0,50.02018731541921,1,1.5217233046966544e-12,1.125393702195106e-10,0.8287176769887424,0.57615101738138,-0.25256665960736246,chr4,138039542,138039543,+
Ddost,ENSMUSG00000028757.5,PAS2213_AATAAA_0.15,7.740059564843139e-11,0,50.02018731541921,1,1.5217233046966544e-12,1.125393702195106e-10,0.17128232301125756,0.42384898261862003,0.25256665960736246,chr4,138039922,138039923,+
Pnrc1,ENSMUSG00000040128.10,PAS2317_APA_0.15,2.1689418436105714e-23,0,109.59566623040928,1,1.2016298302551643e-25,2.838249659062698e-23,0.48176056665177586,0.8589057964627387,0.3771452298109628,chr4,33245429,33245430,-
Pnrc1,ENSMUSG00000040128.10,PAS2318_APA_0.15,2.1689418436105714e-23,0,109.59566623040928,1,1.2016298302551643e-25,2.838249659062698e-23,0.5182394333482241,0.14109420353726132,-0.37714522981096277,chr4,33245839,33245840,-
4930523C07Rik,ENSMUSG00000090394.9,PAS232_APA_0.35,0.0027150174533787323,0,12.790065898787589,1,3.484648439701235e-4,0.0029395498623508293,0.5134605897944163,0.3023162643055288,-0.2111443254888875,chr1,159903432,159903433,+
4930523C07Rik,ENSMUSG00000090394.9,PAS233_AATAAA_0.2,0.0027150174533787323,0,12.79006589878577,1,3.484648439704624e-4,0.0029395498623508293,0.48653941020558367,0.6976837356944712,0.2111443254888875,chr1,159906153,159906154,+
Vcp,ENSMUSG00000028452.8,PAS2342_AATAAA_0.1,1.6235658326748705e-5,0,23.863008583299234,1,1.0344048241418843e-6,2.0026755693632217e-5,0.3678429944119472,0.266824619833485,-0.10101837457846219,chr4,42979963,42979964,-
Vcp,ENSMUSG00000028452.8,PAS2343_AATAAA_0.35,1.6235658326748705e-5,0,23.86300858330651,1,1.0344048241379725e-6,2.0026755693632217e-5,0.6321570055880528,0.7331753801665151,0.1010183745784623,chr4,42980319,42980320,-
Psip1,ENSMUSG00000028484.17,PAS2392_ATTAAA_0.4,5.144689657096966e-4,0,16.45269352037235,1,4.987926260343318e-5,5.74706430581996e-4,0.5975911648708916,0.8062980236513851,0.20870685878049355,chr4,83373919,83373920,-
Psip1,ENSMUSG00000028484.17,PAS2393_AATAAA_0.2,5.144689657096966e-4,0,16.45269352037235,1,4.987926260343318e-5,5.74706430581996e-4,0.4024088351291084,0.19370197634861486,-0.20870685878049355,chr4,83380107,83380108,-
Jun,ENSMUSG00000052684.6,PAS2403_AATAAA_0.3,7.612885823461047e-10,0,45.224023926880136,1,1.7573605317315437e-11,1.0377213939874765e-9,0.09247534285523214,0.38396817291798496,0.29149283006275284,chr4,94937281,94937282,-
Jun,ENSMUSG00000052684.6,PAS2404_AATAAA_0.1,7.612885823461047e-10,0,45.224023926880136,1,1.7573605317315437e-11,1.0377213939874765e-9,0.9075246571447678,0.6160318270820151,-0.29149283006275273,chr4,94937935,94937936,-
Rlf,ENSMUSG00000049878.14,PAS2462_AATAAA_0.25,1.4310224688200094e-4,0,19.28962857924489,1,1.1231478287137654e-5,1.5981175731457313e-4,0.3906989944587893,0.7372965059310874,0.3465975114722981,chr4,121003080,121003081,-
Rlf,ENSMUSG00000049878.14,PAS2463_ATTAAA_0.15,1.4310224688200094e-4,0,19.2896285792458,1,1.1231478287132316e-5,1.5981175731457313e-4,0.6093010055412107,0.2627034940689126,-0.3465975114722981,chr4,121003317,121003318,-
Kif1b,ENSMUSG00000063077.16,PAS2586_AATAAA_0.2,0.04445784185151806,0,6.532673575662784,1,0.010591064817813167,0.04783192179670115,0.8527501735173196,0.663928085238806,-0.18882208827851366,chr4,149260778,149260779,-
Kif1b,ENSMUSG00000063077.16,PAS2587_AATAAA_0.2,0.04445784185151806,0,6.532673575662784,1,0.010591064817813167,0.04783192179670115,0.14724982648268037,0.336071914761194,0.18882208827851366,chr4,149318192,149318193,-
Nub1,ENSMUSG00000028954.12,PAS2641_APA_0.25,2.568483867392762e-7,3.3226230562486024e-5,19.928781308233738,1,8.038109332752851e-6,1.2093002703160659e-4,0.3177364120652202,0.16400067278089359,-0.1537357392843266,chr5,24914207,24914208,+
Nub1,ENSMUSG00000028954.12,PAS2642_ATTAAA_0.35,2.568483867392762e-7,1.2283512470309222e-7,30.725954846246168,1,2.971634595771945e-8,7.547312812057349e-7,0.23891608655909186,0.44799745957285225,0.2090813730137604,chr5,24914866,24914867,+
Dnajb6,ENSMUSG00000029131.15,PAS2653_AATAAA_0.2,7.798952345811969e-13,3.55866615025165e-14,60.19085047255885,1,8.609146180664194e-15,1.0167401639364412e-12,0.42742798866346954,0.05410573284888497,-0.37332225581458456,chr5,29962965,29962966,+
Dnajb6,ENSMUSG00000029131.15,PAS2654_AATAAA_0.1,7.798952345811969e-13,1.0303526569294275e-9,40.03648378182697,1,2.492635236523638e-10,1.110868760126195e-8,0.37256776969957567,0.7296403399414004,0.35707257024182476,chr5,29972088,29972089,+
Pfdn2,ENSMUSG00000006412.11,PAS268_ATTAAA_0.25,0.033423471551472274,0,7.194121812380217,1,0.007314277707939915,0.036142937125845355,0.9033079359605052,0.7989961743408899,-0.1043117616196153,chr1,171185736,171185737,+
Pfdn2,ENSMUSG00000006412.11,PAS269_ATTAAA_0.1,0.033423471551472274,0,7.194121812380217,1,0.007314277707939915,0.036142937125845355,0.09669206403949482,0.20100382565911012,0.1043117616196153,chr1,171186820,171186821,+
Arid5a,ENSMUSG00000037447.17,PAS26_AATAAA_0.2,1.116108614106548e-8,0,39.206282262536206,1,3.813113455396332e-10,1.4526732228461509e-8,0.6584601022045685,0.918896491306294,0.2604363891017255,chr1,36359607,36359608,+
Arid5a,ENSMUSG00000037447.17,PAS27_AATAAA_0.15,1.116108614106548e-8,0,39.206282262536206,1,3.813113455396332e-10,1.4526732228461509e-8,0.3415398977954315,0.08110350869370597,-0.2604363891017255,chr1,36362055,36362056,+
Slain2,ENSMUSG00000036087.19,PAS2727_AATAAA_0.4,0.02742179137005862,0,7.692483614987395,1,0.005545126786743156,0.02904121833766593,0.4273807498251636,0.6329349552521577,0.2055542054269941,chr5,73133825,73133826,+
Slain2,ENSMUSG00000036087.19,PAS2728_APA_0.3,0.02742179137005862,0,7.692483614987395,1,0.005545126786743156,0.02904121833766593,0.5726192501748364,0.3670650447478423,-0.2055542054269941,chr5,73135745,73135746,+
Fip1l1,ENSMUSG00000029227.16,PAS2733_AATAAA_0.35,2.1534967649506942e-4,0,18.443856446298696,1,1.7498403999599363e-5,2.3793145764108416e-4,0.5911343170372733,0.7955278122475571,0.20439349521028383,chr5,74756808,74756809,+
Fip1l1,ENSMUSG00000029227.16,PAS2734_AATAAA_0.35,2.1534967649506942e-4,0,18.443856446298696,1,1.7498403999599363e-5,2.3793145764108416e-4,0.40886568296272674,0.2044721877524429,-0.20439349521028383,chr5,74759448,74759449,+
Septin11,ENSMUSG00000058013.12,PAS2759_APA_0,2.7863697940578436e-4,0,17.767856737485545,1,2.4956405357674134e-5,3.070157784105537e-4,0.6939883797639766,0.9168915859402431,0.22290320617626647,chr5,93322816,93322817,+
Septin11,ENSMUSG00000058013.12,PAS2760_None_0.05,2.7863697940578436e-4,0,17.767856737485545,1,2.4956405357674134e-5,3.070157784105537e-4,0.30601162023602335,0.08310841405975689,-0.22290320617626647,chr5,93324295,93324296,+
Rpl5,ENSMUSG00000058558.13,PAS2781_AATAAA_0.15,2.2306834331593638e-4,0,18.35522436518022,1,1.833156283944445e-5,2.460179058339079e-4,0.4486586230350245,0.0972942167246769,-0.3513644063103476,chr5,108055919,108055920,+
Rpl5,ENSMUSG00000058558.13,PAS2782_AATAAA_0.2,2.2306834331593638e-4,0,18.35522436518022,1,1.833156283944445e-5,2.460179058339079e-4,0.5513413769649755,0.9027057832753231,0.3513644063103476,chr5,108056869,108056870,+
Bri3bp,ENSMUSG00000037905.14,PAS2875_AATAAA_0.35,0.029770387289541542,0,7.503624553444297,1,0.0061574946933123775,0.03154881228981309,0.7797232864498429,0.6158979909026919,-0.16382529554715097,chr5,125532157,125532158,+
Bri3bp,ENSMUSG00000037905.14,PAS2876_AATAAA_0.2,0.029770387289541542,0,7.503624553444297,1,0.0061574946933123775,0.03154881228981309,0.2202767135501571,0.3841020090973081,0.16382529554715097,chr5,125537426,125537427,+
Tmem248,ENSMUSG00000053094.16,PAS2891_APA_0.25,0.03486544143252548,0,7.0883633438627385,1,0.0077586070039137945,0.03755292980173029,0.32354833731927896,0.1864416766059789,-0.13710666071330005,chr5,130270309,130270310,+
Tmem248,ENSMUSG00000053094.16,PAS2892_AATAAA_0.15,0.03486544143252548,0,7.088363343862966,1,0.007758607003912814,0.03755292980173029,0.6764516626807211,0.8135583233940211,0.13710666071330002,chr5,130272504,130272505,+
Gm20605,ENSMUSG00000029720.10,PAS2910_AATAAA_0.05,0.028203141733301806,0,7.633572811903377,1,0.005729170065860016,0.029872626259517348,0.469920466253469,0.6540424445115108,0.18412197825804183,chr5,137639360,137639361,+
Gm20605,ENSMUSG00000029720.10,PAS2911_AATAAA_0.25,0.028203141733301806,0,7.633572811903377,1,0.005729170065860016,0.029872626259517348,0.5300795337465309,0.34595755548848917,-0.18412197825804177,chr5,137641157,137641158,+
Prkag2,ENSMUSG00000028944.15,PAS2996_AATAAA_0.25,0.02174346034752856,0,8.179664045041193,1,0.004236260510922,0.02316214658980964,0.590894138982081,0.8436240403994218,0.25272990141734086,chr5,25067752,25067753,-
Prkag2,ENSMUSG00000028944.15,PAS2997_ATTAAA_0.35,0.02174346034752856,0,8.179664045041193,1,0.004236260510922,0.02316214658980964,0.409105861017919,0.15637595960057815,-0.25272990141734086,chr5,25068588,25068589,-
Wdr1,ENSMUSG00000005103.13,PAS3035_ATTAAA_0.1,0.036517714736097384,0,6.97596559624435,1,0.008261163536790267,0.03941993590686588,0.6963394298369183,0.7994693243720012,0.10312989453508292,chr5,38684295,38684296,-
Wdr1,ENSMUSG00000005103.13,PAS3036_AATAAA_0.35,0.036517714736097384,0,6.97596559624435,1,0.008261163536790267,0.03941993590686588,0.3036605701630817,0.20053067562799876,-0.10312989453508292,chr5,38684922,38684923,-
Cnot6l,ENSMUSG00000034724.19,PAS3087_ATTAAA_0.3,3.0886898523156697e-4,0.014819461174235028,9.750677478838043,1,0.0017925664024236276,0.011761227340346134,0.20610730702045174,0.3736773481097583,0.16757004108930654,chr5,96221141,96221142,-
Cnot6l,ENSMUSG00000034724.19,PAS3089_ATTAAA_0.45,3.0886898523156697e-4,3.9013741137770315e-4,16.557733642338917,1,4.7191136556305735e-5,5.49090958354651e-4,0.2642547477498305,0.07674393453795958,-0.1875108132118709,chr5,96242079,96242080,-
Mlec,ENSMUSG00000048578.12,PAS3145_AATAAA_0.25,7.977908719266931e-7,0,30.089666892676178,1,4.125234425475052e-8,9.842225972699064e-7,0.8482117039477404,0.5553489958256023,-0.2928627081221381,chr5,115281040,115281041,-
Mlec,ENSMUSG00000048578.12,PAS3147_APA_0.15,7.977908719266931e-7,0,30.089666892676178,1,4.125234425475052e-8,9.842225972699064e-7,0.15178829605225963,0.44465100417439773,0.2928627081221381,chr5,115285231,115285232,-
Suds3,ENSMUSG00000066900.12,PAS3155_APA_0.15,2.7699611631399235e-4,0,17.798810302927677,1,2.455367236024309e-5,3.0524091639417986e-4,0.6289038711802815,0.41680513460330204,-0.21209873657697942,chr5,117229746,117229747,-
Suds3,ENSMUSG00000066900.12,PAS3156_AATAAA_0.1,2.7699611631399235e-4,0,17.798810302927677,1,2.455367236024309e-5,3.0524091639417986e-4,0.37109612881971854,0.583194865396698,0.21209873657697942,chr5,117230501,117230502,-
Vps33a,ENSMUSG00000029434.13,PAS3177_ATTAAA_0.2,1.124363405775904e-5,0,24.68571326603012,1,6.748256821369691e-7,1.3740847079376803e-5,0.7310261255760591,0.2469984389927108,-0.48402768658334827,chr5,123667165,123667166,-
Vps33a,ENSMUSG00000029434.13,PAS3178_AATAAA_0.3,1.124363405775904e-5,0,24.685713266029893,1,6.748256821370487e-7,1.3740847079376803e-5,0.26897387442394094,0.7530015610072892,0.48402768658334827,chr5,123668808,123668809,-
Clip1,ENSMUSG00000049550.18,PAS3179_AATAAA_0,0.021360571885921824,0,8.220517300604342,1,0.004141939146854647,0.02280480248221603,0.8314727543436425,0.6664469273757545,-0.16502582696788803,chr5,123715857,123715858,-
Clip1,ENSMUSG00000049550.18,PAS3180_AATAAA_0.05,0.021360571885921824,0,8.220517300604342,1,0.004141939146854647,0.02280480248221603,0.16852724565635746,0.3335530726242455,0.16502582696788803,chr5,123717133,123717134,-
Rsrc2,ENSMUSG00000029422.16,PAS3182_AATAAA_0.25,0.04019939138131535,0,6.753980999753594,1,0.00935387500285454,0.043491836135319734,0.1879718870759204,0.3307997032750288,0.14282781619910837,chr5,123866490,123866491,-
Rsrc2,ENSMUSG00000029422.16,PAS3183_AATAAA_0.4,0.04019939138131535,0,6.753980999754049,1,0.009353875002852143,0.043491836135319734,0.8120281129240796,0.6692002967249713,-0.14282781619910834,chr5,123866786,123866787,-
Sbno1,ENSMUSG00000038095.16,PAS3188_AATAAA_0.1,0.03403378932912798,0,7.154104442990388,1,0.007479263028931172,0.036794800417913956,0.7601403410628745,0.6005801806396135,-0.15956016042326104,chr5,124506771,124506772,-
Sbno1,ENSMUSG00000038095.16,PAS3189_AATAAA_0.25,0.03403378932912798,0,7.154104442990388,1,0.007479263028931172,0.036794800417913956,0.23985965893712546,0.3994198193603865,0.15956016042326104,chr5,124511226,124511227,-
Vcpip1,ENSMUSG00000045210.9,PAS320_APA_0.35,0.008421339622975935,0,10.31167948377697,1,0.0013219092667644588,0.009103060315153504,0.3333726272672121,0.6216294686536463,0.2882568413864342,chr1,9793423,9793424,-
Vcpip1,ENSMUSG00000045210.9,PAS321_ATTAAA_0.4,0.008421339622975935,0,10.311679483791522,1,0.0013219092667540358,0.009103060315153504,0.6666273727327878,0.3783705313463537,-0.28825684138643415,chr1,9794602,9794603,-
Capza2,ENSMUSG00000015733.14,PAS3289_ATTAAA_0.35,0.007329426969126272,0,10.645926114365238,1,0.0011031362843652653,0.007871927201422225,0.3007076373944776,0.4774013394653799,0.1766937020709023,chr6,17666110,17666111,+
Capza2,ENSMUSG00000015733.14,PAS3290_AATAAA_0.4,0.007329426969126272,0,10.645926114366148,1,0.0011031362843647227,0.007871927201422225,0.6992923626055224,0.5225986605346201,-0.1766937020709023,chr6,17666720,17666721,+
Luc7l2,ENSMUSG00000029823.17,PAS3316_ATTAAA_0.1,0.008095268229246317,0.0011875878020503937,13.151416658914968,1,2.873019428783039e-4,0.002532116377158783,0.25137342249065264,0.3895517676249728,0.13817834513432015,chr6,38580810,38580811,+
Gimap9,ENSMUSG00000051124.7,PAS3342_AATAAA_0.25,0.011102820409290946,0,9.728233153262863,1,0.0018145883771417336,0.011774883919804326,0.7118837560956885,0.5745695345777182,-0.13731422151797035,chr6,48655631,48655632,+
Gimap9,ENSMUSG00000051124.7,PAS3343_AATAAA_0.25,0.011102820409290946,0,9.728233153262863,1,0.0018145883771417336,0.011774883919804326,0.28811624390431145,0.4254304654222818,0.13731422151797035,chr6,48656042,48656043,+
Phf3,ENSMUSG00000048874.16,PAS338_APA_0.1,0.028833330464795845,0,7.577409059633283,1,0.005910433391675603,0.030548016785859465,0.6222105817008748,0.8269129634198998,0.204702381719025,chr1,30842184,30842185,-
Phf3,ENSMUSG00000048874.16,PAS339_AATAAA_0.2,0.028833330464795845,0,7.577409059633283,1,0.005910433391675603,0.030548016785859465,0.37778941829912516,0.17308703658010016,-0.204702381719025,chr1,30842627,30842628,-
Atf7ip,ENSMUSG00000030213.13,PAS3494_AATAAA_0.3,0.015032030929417376,0,9.014242838554651,1,0.0026788383835434472,0.01618265028626502,0.35094802324549246,0.16327844337200273,-0.18766957987348973,chr6,136584063,136584064,+
Atf7ip,ENSMUSG00000030213.13,PAS3495_AATAAA_0.3,0.015032030929417376,0,9.014242838555447,1,0.0026788383835422845,0.01618265028626502,0.6490519767545075,0.8367215566279973,0.18766957987348976,chr6,136587840,136587841,+
H2aj,ENSMUSG00000060032.7,PAS3496_AATAAA_0.3,2.0866500214073966e-7,0,33.347691435137676,1,7.706925286823256e-9,2.4329531543989376e-7,0.9418642138039899,0.7997410970066687,-0.14212311679732115,chr6,136785790,136785791,+
H2aj,ENSMUSG00000060032.7,PAS3497_AATAAA_0.25,2.0866500214073966e-7,0,33.347691435137676,1,7.706925286823256e-9,2.4329531543989376e-7,0.05813578619601012,0.20025890299333127,0.14212311679732115,chr6,136787064,136787065,+
Strap,ENSMUSG00000030224.11,PAS3498_AATAAA_0.2,3.2322319870439604e-5,0,22.3532971195109,1,2.268232973364183e-6,3.9106323234205835e-5,0.789442953781199,0.5929955295759763,-0.19644742420522265,chr6,137728091,137728092,+
Strap,ENSMUSG00000030224.11,PAS3499_AATAAA_0.2,3.2322319870439604e-5,0,22.3532971195109,1,2.268232973364183e-6,3.9106323234205835e-5,0.210557046218801,0.40700447042402366,0.19644742420522265,chr6,137728927,137728928,+
Rpl31,ENSMUSG00000073702.12,PAS34_AATAAA_0.05,5.919403969046503e-14,0,65.43301401425515,1,6.012321667544924e-16,7.889502099300618e-14,0.928423019660404,0.7015978390073507,-0.22682518065305324,chr1,39410449,39410450,+
Rpl31,ENSMUSG00000073702.12,PAS35_ATTAAA_0.35,5.919403969046503e-14,0,65.43301401425515,1,6.012321667544924e-16,7.889502099300618e-14,0.07157698033959603,0.29840216099264927,0.22682518065305324,chr1,39410988,39410989,+
Plekha5,ENSMUSG00000030231.12,PAS3502_AATAAA_0.35,0.0038700851883126195,0,11.998445687712945,1,5.324493934058914e-4,0.004178224143603706,0.2839207299733822,0.6840246752066137,0.4001039452332315,chr6,140540645,140540646,+
Plekha5,ENSMUSG00000030231.12,PAS3503_AATAAA_0.35,0.0038700851883126195,0,11.998445687712945,1,5.324493934058914e-4,0.004178224143603706,0.7160792700266179,0.3159753247933863,-0.40010394523323156,chr6,140542832,140542833,+
Chchd3,ENSMUSG00000053768.14,PAS3557_AATAAA_0.25,2.6432265825061807e-4,0,17.927996803031874,1,2.2942132849084118e-5,2.9134041822331553e-4,0.6408061519905105,0.8139115357820396,0.17310538379152907,chr6,32769161,32769162,-
Chchd3,ENSMUSG00000053768.14,PAS3558_AATAAA_0.1,2.6432265825061807e-4,0,17.927996803031874,1,2.2942132849084118e-5,2.9134041822331553e-4,0.3591938480094895,0.18608846421796044,-0.17310538379152907,chr6,32769576,32769577,-
Fkbp4,ENSMUSG00000030357.11,PAS3749_AATAAA_0.3,9.508058687509875e-4,0,15.11861581949006,1,1.0096276537983709e-4,0.0010790681078152724,0.43396743264400206,0.617808966320984,0.18384153367698197,chr6,128407069,128407070,-
Fkbp4,ENSMUSG00000030357.11,PAS3750_None_0.15,9.508058687509875e-4,0,15.11861581949006,1,1.0096276537983709e-4,0.0010790681078152724,0.5660325673559979,0.38219103367901597,-0.18384153367698197,chr6,128407626,128407627,-
Stk17b,ENSMUSG00000026094.15,PAS378_AATAAA_0.3,0.0036439592528087657,0,12.135879288076467,1,4.946094276665638e-4,0.003946849554570879,0.2236445001687883,0.3416712985235768,0.11802679835478849,chr1,53794672,53794673,-
Stk17b,ENSMUSG00000026094.15,PAS379_APA_0.3,0.0036439592528087657,0,12.13587928806919,1,4.946094276684929e-4,0.003946849554570879,0.7763554998312117,0.6583287014764232,-0.11802679835478846,chr1,53795270,53795271,-
Kdelr1,ENSMUSG00000002778.15,PAS3906_APA_0.2,0.018713639036123164,0,8.492277090313337,1,0.0035665714355301143,0.020105588856138733,0.2711690992647775,0.13194612315587378,-0.13922297610890372,chr7,45532669,45532670,+
Kdelr1,ENSMUSG00000002778.15,PAS3907_AATAAA_0,0.018713639036123164,0,8.492277090313337,1,0.0035665714355301143,0.020105588856138733,0.7288309007352225,0.8680538768441262,0.13922297610890366,chr7,45533149,45533150,+
Crebzf,ENSMUSG00000051451.7,PAS3958_ATTAAA_0.3,7.740059564843139e-11,0,49.956017675184285,1,1.5723112689432048e-12,1.125393702195106e-10,0.36383606234330795,0.8464793345169646,0.4826432721736566,chr7,90095951,90095952,+
Crebzf,ENSMUSG00000051451.7,PAS3959_AATAAA_0.45,7.740059564843139e-11,0,49.95601767518451,1,1.5723112689430228e-12,1.125393702195106e-10,0.6361639376566921,0.15352066548303545,-0.48264327217365666,chr7,90096924,90096925,+
Timm10b,ENSMUSG00000089847.9,PAS3995_AATAAA_0.15,0.03072844294623997,0,7.4068720997703394,1,0.006497519330276042,0.03300460356583228,0.6728226839528897,0.49690047755290706,-0.17592220639998263,chr7,105290556,105290557,+
Timm10b,ENSMUSG00000089847.9,PAS3996_AATAAA_0.25,0.03072844294623997,0,7.4068720997703394,1,0.006497519330276042,0.03300460356583228,0.3271773160471103,0.5030995224470929,0.17592220639998257,chr7,105291049,105291050,+
Rpl27a,ENSMUSG00000046364.15,PAS3999_ATTAAA_0.05,3.9984932674767245e-54,0,252.50518278323216,1,7.384105757113065e-57,4.360314449575265e-54,0.8096980460727731,0.45941188965702096,-0.3502861564157521,chr7,109120978,109120979,+
Rpl27a,ENSMUSG00000046364.15,PAS4000_AATAAA_0.2,3.9984932674767245e-54,0,252.50518278323216,1,7.384105757113065e-57,4.360314449575265e-54,0.19030195392722693,0.540588110342979,0.3502861564157521,chr7,109121561,109121562,+
Usp47,ENSMUSG00000059263.10,PAS4009_AATAAA_0.35,0.018713639036123164,0,8.497673035293019,1,0.003556009675502478,0.020105588856138733,0.7176075971137672,0.5086858736528177,-0.2089217234609495,chr7,111709689,111709690,+
Usp47,ENSMUSG00000059263.10,PAS4010_AATAAA_0.15,0.018713639036123164,0,8.497673035293019,1,0.003556009675502478,0.020105588856138733,0.2823924028862328,0.4913141263471823,0.2089217234609495,chr7,111710590,111710591,+
Hnrnpul1,ENSMUSG00000040725.14,PAS4179_AATAAA_0.4,2.4748409313783107e-4,0,18.09424595712153,1,2.1023579472465795e-5,2.728444764503528e-4,0.4335006522715745,0.6203818775492268,0.18688122527765227,chr7,25420591,25420592,-
Hnrnpul1,ENSMUSG00000040725.14,PAS4180_None_0.2,2.4748409313783107e-4,0,18.094245957128805,1,2.102357947238546e-5,2.728444764503528e-4,0.5664993477284255,0.3796181224507732,-0.18688122527765227,chr7,25420907,25420908,-
Timm50,ENSMUSG00000003438.18,PAS4189_None_0.05,0.0081150028018803,0,10.390971071289641,1,0.0012663300771170551,0.008771471091350394,0.4358296918912148,0.6393240415440243,0.20349434965280955,chr7,28004941,28004942,-
Timm50,ENSMUSG00000003438.18,PAS4190_AATAAA_0.2,0.0081150028018803,0,10.390971071289641,1,0.0012663300771170551,0.008771471091350394,0.5641703081087852,0.36067595845597566,-0.20349434965280955,chr7,28005248,28005249,-
Psmd8,ENSMUSG00000030591.18,PAS4201_ATTAAA_0.35,0.002837867043347686,0,12.693888392087501,1,3.668526187153057e-4,0.003072715905693447,0.5665219572548729,0.701515213184327,0.1349932559294541,chr7,28873679,28873680,-
Psmd8,ENSMUSG00000030591.18,PAS4202_AATAAA_0.15,0.002837867043347686,0,12.693888392087501,1,3.668526187153057e-4,0.003072715905693447,0.43347804274512713,0.29848478681567303,-0.1349932559294541,chr7,28873955,28873956,-
Rpl13a,ENSMUSG00000074129.15,PAS4253_AATAAA_0.2,1.0893001204878989e-24,1.929641090238171e-26,116.03568816333427,1,4.668199128738696e-27,1.3782857927601001e-24,0.0400403985397249,0.16177489076680193,0.12173449222707702,chr7,44774988,44774989,-
Trappc5,ENSMUSG00000040236.5,PAS4495_APA_0.1,0.01106849820751721,0,9.754812853256169,1,0.0017885384915194015,0.011761227340346134,0.6577003827660978,0.3920499803563444,-0.26565040240975335,chr8,3729626,3729627,+
Trappc5,ENSMUSG00000040236.5,PAS4496_ATTAAA_0.2,0.01106849820751721,0,9.754812853256169,1,0.0017885384915194015,0.011761227340346134,0.34229961723390223,0.6079500196436556,0.26565040240975335,chr8,3730919,3730920,+
Nsd3,ENSMUSG00000054823.18,PAS4529_AATAAA_0.4,0.014400366212708073,0.002805229012599449,12.83981406258863,1,3.393213302405612e-4,0.0028830107267201637,0.35899692403345523,0.5173260241150653,0.1583291000816101,chr8,26164924,26164925,+
Gmip,ENSMUSG00000036246.15,PAS4572_AATAAA_0.2,0.03486544143252548,0,7.099472355476564,1,0.007710664747586148,0.03755292980173029,0.34589374817160673,0.2122660023448333,-0.13362774582677342,chr8,70274198,70274199,+
Gmip,ENSMUSG00000036246.15,PAS4573_AATAAA_0.1,0.03486544143252548,0,7.099472355475655,1,0.007710664747590063,0.03755292980173029,0.6541062518283933,0.7877339976551667,0.1336277458267734,chr8,70274507,70274508,+
Sin3b,ENSMUSG00000031622.17,PAS4614_AATAAA_0.15,0.04576462815252468,0,6.4742849020753965,1,0.010944634064177186,0.049146816843320375,0.7636006043223504,0.866309169326403,0.10270856500405257,chr8,73466528,73466529,+
Sin3b,ENSMUSG00000031622.17,PAS4615_ATTAAA_0.15,0.04576462815252468,0,6.4742849020753965,1,0.010944634064177186,0.049146816843320375,0.23639939567764956,0.133690830673597,-0.10270856500405257,chr8,73484828,73484829,+
Dnajb1,ENSMUSG00000005483.11,PAS4628_APA_0.25,2.1558264407953686e-15,0,72.15381390824041,1,1.990606131851679e-17,2.9386323021460414e-15,0.7430554497967041,0.3819715042588996,-0.36108394553780454,chr8,84337597,84337598,+
Dnajb1,ENSMUSG00000005483.11,PAS4629_ATTAAA_0.2,2.1558264407953686e-15,0,72.15381390824041,1,1.990606131851679e-17,2.9386323021460414e-15,0.2569445502032959,0.6180284957411004,0.36108394553780454,chr8,84338530,84338531,+
Cbfb,ENSMUSG00000031885.15,PAS4682_AATAAA_0.35,0.0016642240903070272,0,13.877135347598596,1,1.9515831899260614e-4,0.0018587256026634503,0.2503422272336218,0.11435459662300843,-0.1359876306106134,chr8,105944033,105944034,+
Cbfb,ENSMUSG00000031885.15,PAS4683_ATTAAA_0.45,0.0016642240903070272,0,13.877135347598596,1,1.9515831899260614e-4,0.0018587256026634503,0.7496577727663782,0.8856454033769916,0.13598763061061336,chr8,105944612,105944613,+
Aars,ENSMUSG00000031960.15,PAS4719_AATAAA_0.15,8.713736274310747e-8,0,35.09633354513062,1,3.1379105696963906e-9,1.0741659080612862e-7,0.37493146025179747,0.6130979185994053,0.23816645834760786,chr8,111782199,111782200,+
Aars,ENSMUSG00000031960.15,PAS4720_APA_0.25,8.713736274310747e-8,0,35.09633354513244,1,3.137910569693459e-9,1.0741659080612862e-7,0.6250685397482025,0.3869020814005947,-0.23816645834760786,chr8,111784233,111784234,+
Zfpm1,ENSMUSG00000049577.16,PAS4749_AATAAA_0.25,0.02193119899763025,0,8.155495070530378,1,0.004293087892426236,0.02336468571868841,0.85376949134253,0.961098201408523,0.10732871006599298,chr8,123063986,123063987,+
Zfpm1,ENSMUSG00000049577.16,PAS4750_AATAAA_0.2,0.02193119899763025,0,8.155495070530378,1,0.004293087892426236,0.02336468571868841,0.14623050865747,0.03890179859147702,-0.10732871006599298,chr8,123064599,123064600,+
Tcf25,ENSMUSG00000001472.18,PAS4762_None_0.1,5.509973849521728e-4,0,16.269297177735552,1,5.494710764065988e-5,6.180241345106601e-4,0.41677548437148854,0.5738463807224228,0.15707089635093424,chr8,124128068,124128069,+
Tcf25,ENSMUSG00000001472.18,PAS4763_APA_0.2,5.509973849521728e-4,0,16.269297177735552,1,5.494710764065988e-5,6.180241345106601e-4,0.5832245156285114,0.4261536192775772,-0.15707089635093419,chr8,124130553,124130554,+
Ash2l,ENSMUSG00000031575.19,PAS4816_AATAAA_0.15,0.004777194641379459,0,11.540836117189201,1,6.808401366710443e-4,0.005176085926307011,0.43043134821592316,0.6706573295179318,0.24022598130200862,chr8,26306904,26306905,-
Ash2l,ENSMUSG00000031575.19,PAS4817_APA_0.25,0.004777194641379459,0,11.540836117187837,1,6.808401366715455e-4,0.005176085926307011,0.5695686517840768,0.3293426704820682,-0.24022598130200856,chr8,26307346,26307347,-
Leprotl1,ENSMUSG00000031513.9,PAS4829_AATAAA_0.1,0.017844318315182267,0.003487784908748635,11.142399002262664,1,8.43766986234665e-4,0.006228055067144621,0.27636256996333114,0.39467007927559,0.11830750931225886,chr8,34602726,34602727,-
Ddx49,ENSMUSG00000057788.14,PAS4869_ATTAAA_0.3,0.031616418867488096,0,7.321897220718711,1,0.006811946395226649,0.034112914832948975,0.32913203452011813,0.5015358388475479,0.1724038043274298,chr8,70745516,70745517,-
Ddx49,ENSMUSG00000057788.14,PAS4870_APA_0.25,0.031616418867488096,0,7.32189722071962,1,0.006811946395223188,0.034112914832948975,0.6708679654798819,0.49846416115245207,-0.17240380432742985,chr8,70746101,70746102,-
Slc35e1,ENSMUSG00000019731.14,PAS4892_AATAAA_0.1,0.007329426969126272,0,10.647289992055676,1,0.0011023230826159277,0.007871927201422225,0.49999022838639656,0.7078704832164464,0.20788025483004985,chr8,73234487,73234488,-
Slc35e1,ENSMUSG00000019731.14,PAS4893_AATAAA_0.35,0.007329426969126272,0,10.647289992055676,1,0.0011023230826159277,0.007871927201422225,0.5000097716136034,0.2921295167835536,-0.2078802548300498,chr8,73235422,73235423,-
Smim7,ENSMUSG00000044600.15,PAS4895_APA_0.25,4.671917527418069e-5,2.5008489058168783e-6,24.89622803647103,1,6.050068451745357e-7,1.2535317265809239e-5,0.6012181105465277,0.3226325685831204,-0.27858554196340735,chr8,73319766,73319767,-
Smim7,ENSMUSG00000044600.15,PAS4896_AATAAA_0.1,4.671917527418069e-5,0.002713446262990957,11.60870476994478,1,6.564385234567227e-4,0.005067018929427383,0.3009590144829161,0.48697831008206605,0.18601929559914993,chr8,73320789,73320790,-
Amfr,ENSMUSG00000031751.15,PAS4941_AATAAA_0.2,0.0010341674192653248,4.6269014256452787e-4,14.923927152180113,1,1.1193427271644165e-4,0.0011803069292689072,0.21842967284037731,0.09045279819299788,-0.12797687464737945,chr8,94698216,94698217,-
Cog8,ENSMUSG00000031916.18,PAS4977_AATAAA_0.25,3.3698561095063525e-7,0,32.14433666044556,1,1.4313331582390786e-8,4.1738381725440785e-7,0.16240213419830654,0.5336694525187147,0.37126731832040816,chr8,107772923,107772924,-
Cog8,ENSMUSG00000031916.18,PAS4978_AATAAA_0.05,3.3698561095063525e-7,0,32.14433666044556,1,1.4313331582390786e-8,4.1738381725440785e-7,0.8375978658016935,0.46633054748128533,-0.37126731832040816,chr8,107775340,107775341,-
Taf1d,ENSMUSG00000031939.17,PAS5062_AATAAA_0.2,4.8568963908937924e-30,2.2716814829463408e-5,21.985044821863994,1,2.7478326340348166e-6,4.669338619849091e-5,0.28271180817700314,0.1529931531430186,-0.12971865503398455,chr9,15223399,15223400,+
Taf1d,ENSMUSG00000031939.17,PAS5063_APA_0.25,4.8568963908937924e-30,2.652534939762491e-33,148.776915573515,1,3.2085141007284056e-34,1.0826443294172134e-31,0.10280474716267372,0.4634137184102532,0.36060897124757946,chr9,15226617,15226618,+
Taf1d,ENSMUSG00000031939.17,PAS5064_AATAAA_0.25,4.8568963908937924e-30,3.0229335750592816e-4,17.041822877014056,1,3.6565493844207376e-5,4.340085249247127e-4,0.40420544020506644,0.2727296570527542,-0.13147578315231223,chr9,15228271,15228272,+
Sik3,ENSMUSG00000034135.16,PAS5126_AATAAA_0.15,8.688086568290388e-9,0,39.74891731171283,1,2.88800661549819e-10,1.1967494080363367e-8,0.23561972008860627,0.6727602600444249,0.43714053995581864,chr9,46114184,46114185,+
Sik3,ENSMUSG00000034135.16,PAS5128_AATAAA_0.2,8.688086568290388e-9,0,39.74891731171272,1,2.888006615498357e-10,1.1967494080363367e-8,0.7643802799113937,0.3272397399555751,-0.4371405399558186,chr9,46135483,46135484,+
Smarcc1,ENSMUSG00000032481.18,PAS5301_ATTAAA_0.25,0.0016306747397169727,0,13.930270789650422,1,1.897183907703957e-4,0.0018290401591826802,0.21905174668115182,0.4845200368076,0.2654682901264481,chr9,110064352,110064353,+
Smarcc1,ENSMUSG00000032481.18,PAS5302_AATAAA_0.15,0.0016306747397169727,0,13.93027078965008,1,1.8971839077043043e-4,0.0018290401591826802,0.7809482533188482,0.5154799631924001,-0.2654682901264481,chr9,110069244,110069245,+
Wdr48,ENSMUSG00000032512.8,PAS5325_APA_0.25,4.5400010761727954e-5,0,21.676096100469863,1,3.2278862683777028e-6,5.3316555006350586e-5,0.3962486867008057,0.11200655966482452,-0.2842421270359812,chr9,119754735,119754736,+
Wdr48,ENSMUSG00000032512.8,PAS5326_AATAAA_0.2,4.5400010761727954e-5,0,21.676096100469863,1,3.2278862683777028e-6,5.3316555006350586e-5,0.6037513132991943,0.8879934403351755,0.2842421270359812,chr9,119755650,119755651,+
Trak1,ENSMUSG00000032536.13,PAS5336_ATTAAA_0.2,0.031113135691344333,0,7.368854407423896,1,0.006636319801200869,0.033422147911437536,0.3385645873292675,0.5307148704276129,0.19215028309834542,chr9,121291673,121291674,+
Trak1,ENSMUSG00000032536.13,PAS5337_AATAAA_0.15,0.031113135691344333,0,7.368854407420713,1,0.006636319801212618,0.033422147911437536,0.6614354126707325,0.4692851295723871,-0.19215028309834536,chr9,121303981,121303982,+
Sc5d,ENSMUSG00000032018.15,PAS5405_AATAAA_0.3,0.012411712693373536,0,9.482554769888509,1,0.002074349028163075,0.013206502438062487,0.6534579786066964,0.37721995493277416,-0.27623802367392225,chr9,42165434,42165435,-
Sc5d,ENSMUSG00000032018.15,PAS5406_AATAAA_0.3,0.012411712693373536,0,9.482554769888509,1,0.002074349028163075,0.013206502438062487,0.3465420213933036,0.6227800450672258,0.27623802367392225,chr9,42166031,42166032,-
Pafah1b2,ENSMUSG00000003131.8,PAS5430_APA_0.25,7.944405602113385e-7,0,30.16835709265024,1,3.961199469197809e-8,9.842225972699064e-7,0.8623181921306702,0.5603354515208513,-0.3019827406098189,chr9,45876615,45876616,-
Pafah1b2,ENSMUSG00000003131.8,PAS5431_AATAAA_0.25,7.944405602113385e-7,0,30.16835709265024,1,3.961199469197809e-8,9.842225972699064e-7,0.13768180786932982,0.4396645484791487,0.3019827406098189,chr9,45877620,45877621,-
Csk,ENSMUSG00000032312.8,PAS5459_AATAAA_0.1,7.977908719266931e-7,0,30.102462229038792,1,4.098105641494285e-8,9.842225972699064e-7,0.6314142906632957,0.7858776275581245,0.15446333689482883,chr9,57533929,57533930,-
Csk,ENSMUSG00000032312.8,PAS5460_APA_0.3,7.977908719266931e-7,0,30.102462229038792,1,4.098105641494285e-8,9.842225972699064e-7,0.3685857093367043,0.21412237244187549,-0.15446333689482883,chr9,57534197,57534198,-
Prdx6,ENSMUSG00000026701.16,PAS545_AATAAA_0.25,6.287237122123824e-12,0,55.38786253455146,1,9.894552393671624e-14,8.815069696748995e-12,0.6088096593598564,0.8808128435610046,0.2720031842011482,chr1,161068582,161068583,-
Prdx6,ENSMUSG00000026701.16,PAS546_ATTAAA_0.25,6.287237122123824e-12,0,55.38786253455146,1,9.894552393671624e-14,8.815069696748995e-12,0.3911903406401436,0.11918715643899536,-0.2720031842011482,chr1,161069121,161069122,-
Tmod3,ENSMUSG00000058587.10,PAS5502_AATAAA_0.25,0.002386148493376381,0,13.086432185463195,1,2.9744233296935497e-4,0.0026020695943467275,0.7564117194936535,0.4906077704798784,-0.2658039490137751,chr9,75405398,75405399,-
Tmod3,ENSMUSG00000058587.10,PAS5503_AATAAA_0.35,0.002386148493376381,0,13.086432185463195,1,2.9744233296935497e-4,0.0026020695943467275,0.2435882805063465,0.5093922295201216,0.26580394901377513,chr9,75406930,75406931,-
Syncrip,ENSMUSG00000032423.14,PAS5523_AATAAA_0.45,9.683169529849316e-12,0.0028349509276303186,13.579977293586126,1,2.2861100124319593e-4,0.0021010863227098396,0.3726559151818279,0.22346921348837823,-0.14918670169344966,chr9,88335998,88335999,-
Syncrip,ENSMUSG00000032423.14,PAS5524_AATAAA_0.45,9.683169529849316e-12,2.6395030736836876e-13,58.409598173696395,1,2.1285004780090063e-14,2.0947992204405303e-12,0.1632440212224019,0.469958145580324,0.3067141243579221,chr9,88337650,88337651,-
Tiprl,ENSMUSG00000040843.11,PAS557_AATAAA_0.2,0.0015080175977681901,0,14.124276741187032,1,1.711210086447439e-4,0.0016803066216265195,0.7302253413463653,0.9089119519108191,0.17868661056445378,chr1,165042491,165042492,-
Tiprl,ENSMUSG00000040843.11,PAS558_AATAAA_0.15,0.0015080175977681901,0,14.124276741187032,1,1.711210086447439e-4,0.0016803066216265195,0.2697746586536347,0.09108804808918092,-0.17868661056445378,chr1,165043152,165043153,-
Vsir,ENSMUSG00000020101.15,PAS5700_ATTAAA_0.3,6.359280701023855e-5,0,20.980916516609796,1,4.638810483664677e-6,7.453653307765964e-5,0.7223871280219566,0.5373879615886255,-0.18499916643333114,chr10,60205611,60205612,+
Vsir,ENSMUSG00000020101.15,PAS5701_None_0.2,6.359280701023855e-5,0,20.980916516609796,1,4.638810483664677e-6,7.453653307765964e-5,0.2776128719780434,0.46261203841137455,0.18499916643333114,chr10,60208462,60208463,+
Btg1,ENSMUSG00000036478.9,PAS5812_AATAAA_0.25,5.670933242588947e-7,1.6583989286301535e-8,34.61789616677106,1,4.012008488468145e-9,1.3226679621811123e-7,0.05201901028474893,0.2791565512532485,0.22713754096849958,chr10,96455488,96455489,+
Btg1,ENSMUSG00000036478.9,PAS5814_ATTAAA_0.25,5.670933242588947e-7,0.005674676032376598,10.241953856335385,1,0.0013728209792083735,0.009377920975293282,0.7855194682654018,0.6138520422796354,-0.17166742598576634,chr10,96458670,96458671,+
Nap1l1,ENSMUSG00000058799.17,PAS5825_None_0.15,6.123952382728795e-12,2.0270399368609498e-14,62.663716696346455,1,2.4519134970340205e-15,3.048115621049661e-13,0.27637469787120794,0.11460479220283491,-0.16176990566837302,chr10,111331996,111331997,+
Pcmt1,ENSMUSG00000019795.18,PAS5883_ATTAAA_0.45,2.04310378362683e-4,5.928917036253521e-4,14.456516899606186,1,1.43432711311027e-4,0.001479423860771379,0.32098960423930756,0.14470275660487755,-0.17628684763443,chr10,7506453,7506454,-
Pcmt1,ENSMUSG00000019795.18,PAS5884_AATAAA_0.4,2.04310378362683e-4,3.4700642563661876e-5,19.845776637903782,1,8.394799955382651e-6,1.2549694616844191e-4,0.41287278636128644,0.6569172748985297,0.24404448853724325,chr10,7513500,7513501,-
Srgn,ENSMUSG00000020077.15,PAS5964_AATAAA_0.2,3.253661329595435e-6,6.779045260979439e-6,22.97643914522996,1,1.6399906356201412e-6,2.940004419022557e-5,0.6544214974503775,0.764800752372031,0.11037925492165357,chr10,62330206,62330207,-
Srgn,ENSMUSG00000020077.15,PAS5965_APA_0.3,3.253661329595435e-6,1.8493908036877883e-7,29.932263854436314,1,4.47405716127609e-8,1.0567723014934126e-6,0.32416832468894985,0.2010930201662302,-0.12307530452271964,chr10,62330531,62330532,-
Adss,ENSMUSG00000015961.9,PAS603_AATAAA_0.1,3.0339375246958556e-4,4.56350413629608e-5,19.3224514486501,1,1.1040056174603627e-5,1.5900373588057174e-4,0.20708586454440114,0.08394437333803662,-0.12314149120636453,chr1,177591704,177591705,-
Tmpo,ENSMUSG00000019961.18,PAS6065_ATTAAA_0.4,2.932400193575385e-17,1.0642903401356596e-8,35.481581307947636,1,2.574737480291254e-9,9.076910340967078e-8,0.6117637681751277,0.33774930014296034,-0.27401446803216734,chr10,90984976,90984977,-
Tmpo,ENSMUSG00000019961.18,PAS6066_AATAAA_0.15,2.932400193575385e-17,9.395523416673757e-19,80.98622063465882,1,2.272970577256255e-19,3.834826073913768e-17,0.0588253161691481,0.36423716813140183,0.30541185196225373,chr10,90996280,90996281,-
Hnrnpu,ENSMUSG00000039630.11,PAS607_ATTAAA_0.3,5.142779980086486e-13,2.0424639481631939e-10,44.55701229359511,1,2.4705704266793942e-11,1.4232895970284705e-9,0.3323888405793934,0.493688983303493,0.1613001427240996,chr1,178156135,178156136,-
Hnrnpu,ENSMUSG00000039630.11,PAS608_APA_0.2,5.142779980086486e-13,5.597575360872335e-12,51.609636399547526,1,6.770843695976694e-13,5.514735451688604e-11,0.4140259731871259,0.247545543382983,-0.1664804298041429,chr1,178156601,178156602,-
Dyrk2,ENSMUSG00000028630.10,PAS6107_AATAAA_0.15,0.007562959142285807,0,10.554214374574713,1,0.0011592347346439924,0.008113109740331387,0.4979761390073854,0.7081705901142383,0.21019445110685292,chr10,118691507,118691508,-
Dyrk2,ENSMUSG00000028630.10,PAS6108_APA_0.2,0.007562959142285807,0,10.554214374574713,1,0.0011592347346439924,0.008113109740331387,0.5020238609926146,0.29182940988576167,-0.21019445110685298,chr10,118695264,118695265,-
Ahctf1,ENSMUSG00000026491.14,PAS612_AATAAA_0.45,0.039098047166704335,0,6.817155035199221,1,0.009028628406408026,0.04229896174684336,0.32079332309996406,0.5265769415737761,0.20578361847381205,chr1,179572461,179572462,-
Ahctf1,ENSMUSG00000026491.14,PAS613_AATAAA_0.2,0.039098047166704335,0,6.817155035199221,1,0.009028628406408026,0.04229896174684336,0.679206676900036,0.4734230584262239,-0.2057836184738121,chr1,179573656,179573657,-
Xpo1,ENSMUSG00000020290.16,PAS6204_ATTAAA_0.05,0.00350071045086301,0,12.223420635552657,1,4.7193326484395147e-4,0.0038174875738404565,0.6145336322001191,0.4210205824157994,-0.1935130497843197,chr11,23246225,23246226,+
Xpo1,ENSMUSG00000020290.16,PAS6205_AATAAA_0.15,0.00350071045086301,0,12.223420635552657,1,4.7193326484395147e-4,0.0038174875738404565,0.38546636779988086,0.5789794175842006,0.1935130497843197,chr11,23247011,23247012,+
Wdr26,ENSMUSG00000038733.15,PAS621_ATTAAA_0.2,1.8169681671333903e-6,2.3924429802227374e-5,21.88564534210923,1,2.893906097961021e-6,4.8478058180027886e-5,0.27642914400517016,0.08408964098809521,-0.19233950301707495,chr1,181001049,181001050,-
Wdr26,ENSMUSG00000038733.15,PAS623_AATAAA_0.4,1.8169681671333903e-6,2.9583921242967835e-6,25.90926229654633,1,3.5784798548742256e-7,7.683972197466292e-6,0.3167288198197604,0.5804179796733758,0.2636891598536154,chr1,181003439,181003440,-
Rtn4,ENSMUSG00000020458.17,PAS6213_AATAAA_0.3,0.0029892565768382933,0,12.583424405956976,1,3.8918298922825423e-4,0.003236796551257523,0.054478235219572464,0.2262867455299109,0.17180851031033845,chr11,29692280,29692281,+
Rtn4,ENSMUSG00000020458.17,PAS6214_AATAAA_0.1,0.0029892565768382933,0,12.583424405957203,1,3.8918298922820636e-4,0.003236796551257523,0.9455217647804275,0.7737132544700891,-0.1718085103103384,chr11,29692914,29692915,+
Skp1,ENSMUSG00000036309.15,PAS6259_AATAAA_0.2,7.844262201700301e-9,0,40.07904612518814,1,2.4389113131216647e-10,1.110868760126195e-8,0.2336203645209448,0.5166975307744197,0.2830771662534749,chr11,52137072,52137073,+
Skp1,ENSMUSG00000036309.15,PAS6260_ATTAAA_0.15,7.844262201700301e-9,0,40.07904612518814,1,2.4389113131216647e-10,1.110868760126195e-8,0.7663796354790552,0.4833024692255803,-0.2830771662534749,chr11,52137499,52137500,+
Galnt10,ENSMUSG00000020520.15,PAS6277_APA_0.2,1.3350793741436963e-5,5.128760729903276e-6,23.51295820912128,1,1.2407528266248e-6,2.2895767003810762e-5,0.04523642658674792,0.2283928850243227,0.18315645843757478,chr11,57617737,57617738,+
Galnt10,ENSMUSG00000020520.15,PAS6279_AATAAA_0.25,1.3350793741436963e-5,0.001998285378834729,12.178533417270955,1,4.834263797365642e-4,0.003883854112033213,0.5329244823834474,0.31430550770708154,-0.21861897467636582,chr11,57678323,57678324,+
Ube2g1,ENSMUSG00000020794.14,PAS6360_APA_0.2,9.239055945538127e-4,0,15.189294302312192,1,9.72532204793487e-5,0.0010489137295535233,0.7244073246819561,0.9411754321217173,0.21676810743976116,chr11,72575435,72575436,+
Ube2g1,ENSMUSG00000020794.14,PAS6361_AATAAA_0.2,9.239055945538127e-4,0,15.189294302312192,1,9.72532204793487e-5,0.0010489137295535233,0.2755926753180439,0.05882456787828272,-0.21676810743976116,chr11,72577305,72577306,+
Ddx52,ENSMUSG00000020677.8,PAS6426_AATAAA_0.2,0.023062003185798107,0,8.047346718968129,1,0.004557034793869617,0.024574694482009215,0.3807459710082169,0.21557741682126969,-0.1651685541869472,chr11,83853009,83853010,+
Ddx52,ENSMUSG00000020677.8,PAS6427_AATAAA_0.15,0.023062003185798107,0,8.047346718968129,1,0.004557034793869617,0.024574694482009215,0.6192540289917832,0.7844225831787304,0.1651685541869472,chr11,83853913,83853914,+
Srsf1,ENSMUSG00000018379.18,PAS6449_AATAAA_0.1,2.2479203779673804e-4,0,18.319272008085136,1,1.868077876427186e-5,2.478876373101693e-4,0.8188939147334983,0.927868046124415,0.10897413139091672,chr11,87942317,87942318,+
Srsf1,ENSMUSG00000018379.18,PAS6450_AATAAA_0.35,2.2479203779673804e-4,0,18.319272008085136,1,1.868077876427186e-5,2.478876373101693e-4,0.18110608526650174,0.07213195387558502,-0.10897413139091672,chr11,87944574,87944575,+
Msl1,ENSMUSG00000052915.15,PAS6494_AATAAA_0.35,3.7649995273922353e-4,0,17.13774383840223,1,3.4764538572412146e-5,4.1894816381651785e-4,0.544702329060036,0.8081593796244712,0.26345705056443514,chr11,98691875,98691876,+
Msl1,ENSMUSG00000052915.15,PAS6495_AATAAA_0.2,3.7649995273922353e-4,0,17.13774383840223,1,3.4764538572412146e-5,4.1894816381651785e-4,0.455297670939964,0.19184062037552885,-0.26345705056443514,chr11,98698677,98698678,+
Gna13,ENSMUSG00000020611.15,PAS6555_AATAAA_0.1,2.156626148696575e-7,0,33.09821415855379,1,8.761916024252013e-9,2.619701980923156e-7,0.44246278406240286,0.06362516952329701,-0.37883761453910586,chr11,109271299,109271300,+
Gna13,ENSMUSG00000020611.15,PAS6556_AATAAA_0.25,2.156626148696575e-7,0,33.09821415855288,1,8.761916024256111e-9,2.619701980923156e-7,0.5575372159375971,0.936374830476703,0.3788376145391059,chr11,109292193,109292194,+
Prkar1a,ENSMUSG00000020612.17,PAS6561_AATAAA_0.45,0.030703845123272573,0.016697537616569367,8.265983084100299,1,0.004039478167628046,0.022394960369993593,0.5778725731201642,0.4752186987968603,-0.10265387432330386,chr11,109560473,109560474,+
Sap30bp,ENSMUSG00000020755.10,PAS6577_ATTAAA_0.15,0.036563387944872294,0,6.966439919616732,1,0.008305257095511158,0.03947085967725826,0.566439111866044,0.7293086351179904,0.16286952325194637,chr11,115855473,115855474,+
Sap30bp,ENSMUSG00000020755.10,PAS6578_ATTAAA_0.05,0.036563387944872294,0,6.966439919616732,1,0.008305257095511158,0.03947085967725826,0.433560888133956,0.2706913648820096,-0.16286952325194637,chr11,115857545,115857546,+
Npm1,ENSMUSG00000057113.14,PAS6681_AATAAA_0.15,5.427629845047644e-7,0,30.980704683104705,1,2.6060641915279546e-8,6.764311670757174e-7,0.8791416536119514,0.7677333249062371,-0.11140832870571427,chr11,33102510,33102511,-
Npm1,ENSMUSG00000057113.14,PAS6682_AATAAA_0.4,5.427629845047644e-7,0,30.980704683104705,1,2.6060641915279546e-8,6.764311670757174e-7,0.1208583463880486,0.23226667509376286,0.11140832870571427,chr11,33104926,33104927,-
Itk,ENSMUSG00000020395.14,PAS6701_APA_0.2,1.644867946554241e-42,0,198.4475218055668,1,4.556420904582385e-45,1.7937110294372657e-42,0.9323858446620029,0.6700930552355526,-0.2622927894264503,chr11,46215977,46215978,-
Itk,ENSMUSG00000020395.14,PAS6702_AATAAA_0.2,1.644867946554241e-42,0,198.4475218055668,1,4.556420904582385e-45,1.7937110294372657e-42,0.06761415533799708,0.3299069447644474,0.2622927894264503,chr11,46235305,46235306,-
Ube2b,ENSMUSG00000020390.13,PAS6723_APA_0.15,0.0020393152039048508,0,13.437255953995418,1,2.4667616963207334e-4,0.0022409581256575277,0.29228265635095585,0.49428469668158653,0.20200204033063068,chr11,51876384,51876385,-
Ube2b,ENSMUSG00000020390.13,PAS6724_APA_0.3,0.0020393152039048508,0,13.437255953995418,1,2.4667616963207334e-4,0.0022409581256575277,0.7077173436490442,0.5057153033184134,-0.20200204033063074,chr11,51877086,51877087,-
Hspa4,ENSMUSG00000020361.14,PAS6726_AATAAA_0.2,6.365311192717348e-5,0,20.955002420855635,1,4.701984260548364e-6,7.4537495459198e-5,0.14822131104696484,0.29674151740212207,0.14852020635515722,chr11,53150642,53150643,-
Hspa4,ENSMUSG00000020361.14,PAS6727_ATTAAA_0.35,6.365311192717348e-5,0,20.955002420854726,1,4.7019842605505936e-6,7.4537495459198e-5,0.8517786889530352,0.7032584825978779,-0.14852020635515728,chr11,53152403,53152404,-
Atpaf2,ENSMUSG00000042709.17,PAS6753_AATAAA_0.25,0.045888336696285295,0,6.462639135209088,1,0.011016590527270708,0.04928255080570722,0.357492864742684,0.5729142715915686,0.2154214068488846,chr11,60291451,60291452,-
Atpaf2,ENSMUSG00000042709.17,PAS6754_ATTAAA_0.3,0.045888336696285295,0,6.462639135209088,1,0.011016590527270708,0.04928255080570722,0.642507135257316,0.4270857284084314,-0.21542140684888456,chr11,60291867,60291868,-
Kdm6b,ENSMUSG00000018476.8,PAS6782_AATAAA_0.2,0.0015810084239045784,0,14.003401721496175,1,1.8248019666488672e-4,0.001773737549475154,0.5111426540350997,0.6941760118745562,0.1830333578394565,chr11,69289333,69289334,-
Kdm6b,ENSMUSG00000018476.8,PAS6783_AATAAA_0.2,0.0015810084239045784,0,14.003401721496175,1,1.8248019666488672e-4,0.001773737549475154,0.48885734596490027,0.30582398812544376,-0.1830333578394565,chr11,69289676,69289677,-
Derl2,ENSMUSG00000018442.14,PAS6806_AATAAA_0.3,0.02440395373617695,0,7.936503024187687,1,0.004844736891300133,0.02594845473299527,0.13700658972225174,0.3149066681902603,0.17790007846800857,chr11,70898270,70898271,-
Derl2,ENSMUSG00000018442.14,PAS6807_AATAAA_0.2,0.02440395373617695,0,7.9365030241878,1,0.004844736891299825,0.02594845473299527,0.8629934102777482,0.6850933318097396,-0.1779000784680086,chr11,70900751,70900752,-
Pafah1b1,ENSMUSG00000020745.16,PAS6811_ATTAAA_0.1,6.520183734151052e-9,3.780110160669849e-4,15.305525096944166,1,9.144864839293633e-5,9.953995737516847e-4,0.32482916112950444,0.48050630796241794,0.1556771468329135,chr11,74564775,74564776,-
Pafah1b1,ENSMUSG00000020745.16,PAS6813_AATAAA_0.35,6.520183734151052e-9,1.3289332221607905e-9,39.53946389737848,1,3.214963104396372e-10,1.3092660090662469e-8,0.624349867798937,0.3707653078029298,-0.25358455999600715,chr11,74568388,74568389,-
Glod4,ENSMUSG00000017286.16,PAS6823_AATAAA_0.2,0.01606172170625351,0,8.8557557239061,1,0.0029216612891338335,0.01720938644621974,0.4075332480489197,0.6404003393723734,0.23286709132345368,chr11,76101397,76101398,-
Glod4,ENSMUSG00000017286.16,PAS6824_ATTAAA_0.3,0.01606172170625351,0,8.8557557239061,1,0.0029216612891338335,0.01720938644621974,0.5924667519510802,0.3595996606276266,-0.23286709132345362,chr11,76112574,76112575,-
Ggnbp2,ENSMUSG00000020530.15,PAS6869_AATAAA_0.3,1.202885864052407e-4,0,19.64394228375795,1,9.329862657470194e-6,1.3603170121577213e-4,0.42241394137284755,0.6523263582899966,0.2299124169171491,chr11,84723408,84723409,-
Ggnbp2,ENSMUSG00000020530.15,PAS6870_AATAAA_0.25,1.202885864052407e-4,0,19.643942283757042,1,9.329862657474634e-6,1.3603170121577213e-4,0.5775860586271524,0.34767364171000337,-0.22991241691714903,chr11,84723799,84723800,-
Dynll2,ENSMUSG00000020483.15,PAS6885_ATTAAA_0.1,0.003262825808738831,0,12.38051129027508,1,4.338383346799554e-4,0.0035457652128514003,0.6680554397801532,0.48320496014808617,-0.18485047963206708,chr11,87870358,87870359,-
Dynll2,ENSMUSG00000020483.15,PAS6886_APA_0.05,0.003262825808738831,0,12.38051129027508,1,4.338383346799554e-4,0.0035457652128514003,0.33194456021984675,0.5167950398519139,0.18485047963206713,chr11,87872088,87872089,-
Luc7l3,ENSMUSG00000020863.16,PAS6895_AATAAA_0.15,0.0015080175977681901,0.0011451592962428451,13.21959405740472,1,2.770376136801712e-4,0.0024747870545100254,0.19124999801555836,0.3005256546866293,0.10927565667107092,chr11,94181971,94181972,-
Rpl23,ENSMUSG00000071415.7,PAS6920_AATAAA_0.15,3.7139966828827376e-65,0,304.51002387277913,1,3.4293598179896008e-68,4.0500739450457185e-65,0.35108906779439686,0.8016864294141367,0.45059736161973984,chr11,97668351,97668352,-
Rpl23,ENSMUSG00000071415.7,PAS6921_ATTAAA_0.15,3.7139966828827376e-65,0,304.51002387277913,1,3.4293598179896008e-68,4.0500739450457185e-65,0.6489109322056031,0.1983135705858633,-0.45059736161973984,chr11,97668859,97668860,-
Ccdc47,ENSMUSG00000078622.9,PAS6980_ATTAAA_0.2,0.007329426969126272,0,10.66744449153498,1,0.001090376561472659,0.007871927201422225,0.7591993996495454,0.5377840849994379,-0.22141531465010755,chr11,106090183,106090184,-
Ccdc47,ENSMUSG00000078622.9,PAS6981_AATAAA_0.45,0.007329426969126272,0,10.66744449153498,1,0.001090376561472659,0.007871927201422225,0.24080060035045459,0.46221591500056214,0.22141531465010755,chr11,106091307,106091308,-
Nol11,ENSMUSG00000018433.15,PAS6991_APA_0.3,0.018713639036123164,0.0031828492613592916,11.31219538269579,1,7.699967742161906e-4,0.005810646583701733,0.5144608034393576,0.31013413817589647,-0.20432666526346116,chr11,107057484,107057485,-
H3f3b,ENSMUSG00000016559.15,PAS7020_AATAAA_0.45,1.1442595973061261e-5,1.4301339009799005e-6,25.974377672708215,1,3.459788384642049e-7,7.4972662059857984e-6,0.348062214299013,0.49885785241154673,0.15079563811253371,chr11,115913118,115913119,-
H3f3b,ENSMUSG00000016559.15,PAS7022_APA_0.2,1.1442595973061261e-5,2.7272463441822823e-5,20.30645254917181,1,6.597770472537008e-6,1.0054150874924137e-4,0.4388293961522387,0.3085798351957366,-0.1302495609565021,chr11,115914188,115914189,-
Nploc4,ENSMUSG00000039703.17,PAS7056_AATAAA_0.1,3.7673343511840666e-4,0,17.117667168999105,1,3.513395839977754e-5,4.1912328151653814e-4,0.7635194238525765,0.4660974149987561,-0.2974220088538204,chr11,120271195,120271196,-
Nploc4,ENSMUSG00000039703.17,PAS7057_APA_0.15,3.7673343511840666e-4,0,17.117667168999105,1,3.513395839977754e-5,4.1912328151653814e-4,0.23648057614742346,0.5339025850012439,0.2974220088538204,chr11,120271619,120271620,-
Csnk1d,ENSMUSG00000025162.19,PAS7072_AATAAA_0.05,0.0015080175977681901,0,14.12071471537547,1,1.7144534115664316e-4,0.0016803066216265195,0.5608007084775707,0.7270017598449998,0.16620105136742913,chr11,120852580,120852581,-
Csnk1d,ENSMUSG00000025162.19,PAS7073_None_0.2,0.0015080175977681901,0,14.12071471537547,1,1.7144534115664316e-4,0.0016803066216265195,0.4391992915224293,0.2729982401550002,-0.16620105136742913,chr11,120854250,120854251,-
Nampt,ENSMUSG00000020572.9,PAS7125_AATAAA_0.1,0.002280573556099797,0,13.185149988389071,1,2.821762294712584e-4,0.0024962556330004205,0.2460097570529174,0.5692867292574981,0.32327697220458074,chr12,32901096,32901097,+
Nampt,ENSMUSG00000020572.9,PAS7126_ATTAAA_0.35,0.002280573556099797,0,13.185149988389071,1,2.821762294712584e-4,0.0024962556330004205,0.7539902429470826,0.4307132707425019,-0.32327697220458074,chr12,32901605,32901606,+
Dlst,ENSMUSG00000004789.11,PAS7200_ATTAAA_0.25,1.8536200411274298e-6,0,28.32253268710656,1,1.0269363108739223e-7,2.2459477465594485e-6,0.8278159028593218,0.9768893444040188,0.14907344154469693,chr12,85180856,85180857,+
Dlst,ENSMUSG00000004789.11,PAS7201_AATAAA_0.25,1.8536200411274298e-6,0,28.32253268710656,1,1.0269363108739223e-7,2.2459477465594485e-6,0.17218409714067817,0.023110655595981244,-0.14907344154469693,chr12,85182475,85182476,+
Papola,ENSMUSG00000021111.16,PAS7237_AATAAA_0.2,0.014692056854162461,0,9.104064179190573,1,0.002550421688441868,0.015728710256134967,0.24559072768769477,0.13688156355122114,-0.10870916413647363,chr12,105775965,105775966,+
Papola,ENSMUSG00000021111.16,PAS7238_AATAAA_0.25,0.014692056854162461,0,9.104064179190573,1,0.002550421688441868,0.015728710256134967,0.7544092723123053,0.8631184364487788,0.10870916413647358,chr12,105805199,105805200,+
Yy1,ENSMUSG00000021264.13,PAS7243_AATAAA_0.25,0.03295067732616787,0,7.227281026241599,1,0.0071803876721843185,0.03570542248778812,0.7048518954330233,0.5489931536372951,-0.15585874179572823,chr12,108782556,108782557,+
Yy1,ENSMUSG00000021264.13,PAS7244_AATAAA_0.1,0.03295067732616787,0,7.227281026241599,1,0.0071803876721843185,0.03570542248778812,0.2951481045669767,0.45100684636270494,0.15585874179572823,chr12,108786071,108786072,+
Ppp2r5c,ENSMUSG00000017843.15,PAS7248_AATAAA_0.2,4.547218609782173e-13,3.2941086289050347e-6,25.701794603197413,1,3.9845635308084907e-7,8.4788640178105e-6,0.11939123075242873,0.2784704647827539,0.15907923403032515,chr12,110538122,110538123,+
Ppp2r5c,ENSMUSG00000017843.15,PAS7249_AATAAA_0.45,4.547218609782173e-13,3.928869816739317e-5,20.93458225454833,1,4.752372539176828e-6,7.483402625023779e-5,0.14313591988559857,0.040487881980718995,-0.10264803790487957,chr12,110549254,110549255,+
Ppp2r5c,ENSMUSG00000017843.15,PAS7250_AATAAA_0.4,4.547218609782173e-13,2.2463227217934435e-7,30.89968511697316,1,2.717158601615338e-8,6.976009366321118e-7,0.13995093680763615,0.022755029238004654,-0.1171959075696315,chr12,110549494,110549495,+
Eif5,ENSMUSG00000021282.18,PAS7255_AATAAA_0.25,6.520183734151052e-9,0,40.53976072657133,1,1.9265547506263496e-10,9.48025483537383e-9,0.1400149238764205,0.32278249211365995,0.18276756823723944,chr12,111511360,111511361,+
Eif5,ENSMUSG00000021282.18,PAS7256_ATTAAA_0.25,6.520183734151052e-9,0,40.53976072657315,1,1.926554750624558e-10,9.48025483537383e-9,0.8599850761235794,0.67721750788634,-0.1827675682372394,chr12,111513021,111513022,+
Ppp4r3a,ENSMUSG00000041846.16,PAS7400_AATAAA_0.45,0.009983618806026233,0,9.976416889325264,1,0.0015855793486948403,0.010700395490334894,0.5876059180211711,0.7711893091358445,0.18358339111467337,chr12,101005778,101005779,-
Ppp4r3a,ENSMUSG00000041846.16,PAS7401_ATTAAA_0.15,0.009983618806026233,0,9.976416889325264,1,0.0015855793486948403,0.010700395490334894,0.4123940819788289,0.2288106908641555,-0.18358339111467337,chr12,101006302,101006303,-
Prrc2b,ENSMUSG00000039262.17,PAS745_AATAAA_0.35,0.015862782969937053,0,8.887798450083665,1,0.002870826834817786,0.016994719257743384,0.2615266074655054,0.37046636585001225,0.10893975838450687,chr2,32122791,32122792,+
Prrc2b,ENSMUSG00000039262.17,PAS746_AATAAA_0.1,0.015862782969937053,0,8.887798450085484,1,0.002870826834814928,0.016994719257743384,0.7384733925344946,0.6295336341499878,-0.10893975838450687,chr2,32124547,32124548,+
BC005537,ENSMUSG00000019132.12,PAS7477_AATAAA_0.3,0.003753606415482762,0,12.067959219573822,1,5.129582174436277e-4,0.004060186666800843,0.14696427064379744,0.2541001390439898,0.10713586840019237,chr13,24997592,24997593,+
BC005537,ENSMUSG00000019132.12,PAS7478_AATAAA_0.2,0.003753606415482762,0,12.067959219572913,1,5.129582174438771e-4,0.004060186666800843,0.8530357293562025,0.7458998609560101,-0.1071358684001924,chr13,24997967,24997968,+
Serpinb9,ENSMUSG00000045827.11,PAS7484_ATTAAA_0.15,0.003996798718970556,0,11.92595228287962,1,5.535732297743153e-4,0.0043153134281416925,0.8628924486323861,0.5469876306045797,-0.31590481802780646,chr13,33200861,33200862,+
Serpinb9,ENSMUSG00000045827.11,PAS7485_AATAAA_0.2,0.003996798718970556,0,11.92595228287962,1,5.535732297743153e-4,0.0043153134281416925,0.13710755136761388,0.45301236939542033,0.31590481802780646,chr13,33201937,33201938,+
Prpf4b,ENSMUSG00000021413.10,PAS7489_AATAAA_0.25,1.4283164642997516e-12,0,58.55359596650851,1,1.9782776513846974e-14,2.031605135900285e-12,0.33935657634393573,0.7438147919694064,0.40445821562547063,chr13,35086858,35086859,+
Prpf4b,ENSMUSG00000021413.10,PAS7490_AATAAA_0.2,1.4283164642997516e-12,0,58.553595966508965,1,1.9782776513842402e-14,2.031605135900285e-12,0.6606434236560643,0.25618520803059364,-0.4044582156254707,chr13,35090045,35090046,+
Rpl12,ENSMUSG00000038900.18,PAS761_AATAAA_0.05,1.1905456531367447e-4,0,19.686531353813507,1,9.124218763651875e-6,1.346962794984108e-4,0.7922408298755961,0.4123195023439088,-0.3799213275316873,chr2,32854056,32854057,+
Rpl12,ENSMUSG00000038900.18,PAS762_AATAAA_0.3,1.1905456531367447e-4,0,19.686531353813507,1,9.124218763651875e-6,1.346962794984108e-4,0.20775917012440392,0.5876804976560912,0.3799213275316873,chr2,32854500,32854501,+
Lman2,ENSMUSG00000021484.9,PAS7702_AATAAA_0.2,4.7543498231565184e-7,0,31.31392980930741,1,2.1949906847444683e-8,5.959273560194091e-7,0.22617434302241832,0.4458913438081236,0.2197170007857053,chr13,55491651,55491652,-
Lman2,ENSMUSG00000021484.9,PAS7703_ATTAAA_0.1,4.7543498231565184e-7,0,31.3139298093065,1,2.194990684745495e-8,5.959273560194091e-7,0.7738256569775817,0.5541086561918764,-0.21971700078570522,chr13,55494558,55494559,-
Hmgcr,ENSMUSG00000021670.15,PAS7758_APA_0.35,0.04035548024178145,0,6.740000942604183,1,0.009427457526473414,0.04366206799515727,0.3104107079312947,0.5196109688886108,0.2092002609573161,chr13,96785473,96785474,-
Hmgcr,ENSMUSG00000021670.15,PAS7759_AATAAA_0.25,0.04035548024178145,0,6.740000942604183,1,0.009427457526473414,0.04366206799515727,0.6895892920687052,0.4803890311113892,-0.20920026095731603,chr13,96785842,96785843,-
Utp15,ENSMUSG00000041747.4,PAS7765_ATTAAA_0.4,0.012274610159774017,0,9.52332427150975,1,0.0020287675148656964,0.013057081389953066,0.3565558700570286,0.6576697713046975,0.3011139012476689,chr13,98383327,98383328,-
Utp15,ENSMUSG00000041747.4,PAS7766_APA_0.05,0.012274610159774017,0,9.523324271509864,1,0.0020287675148655746,0.013057081389953066,0.6434441299429714,0.3423302286953025,-0.3011139012476689,chr13,98384735,98384736,-
Gpbp1,ENSMUSG00000032745.19,PAS7789_AATAAA_0.2,0.007402903133717749,0,10.604928601332176,1,0.0011278661284057512,0.007952297896401148,0.22344523988758036,0.33409115175709225,0.11064591186951189,chr13,111562215,111562216,-
Gpbp1,ENSMUSG00000032745.19,PAS7790_AATAAA_0.35,0.007402903133717749,0,10.604928601332176,1,0.0011278661284057512,0.007952297896401148,0.7765547601124196,0.6659088482429077,-0.11064591186951189,chr13,111562694,111562695,-
Dnajc3,ENSMUSG00000022136.9,PAS7957_AATAAA_0.3,0.018713639036123164,0.004038739115306522,10.870551787672412,1,9.770541534721226e-4,0.007122845402781338,0.06731908795138723,0.17700953044177245,0.10969044249038522,chr14,119217302,119217303,+
Ipo5,ENSMUSG00000030662.11,PAS7961_AATAAA_0.35,0.014842356283487498,0.01741120439678013,8.190027350715809,1,0.004212128856838776,0.023137321767100438,0.6042047657228186,0.4746602379494488,-0.12954452777336978,chr14,121184824,121184825,+
Ipo5,ENSMUSG00000030662.11,PAS7962_ATTAAA_0.3,0.014842356283487498,0.0031995682374666517,11.302467734716174,1,7.740414387961798e-4,0.005822566491836232,0.21815493021414456,0.35614676379404986,0.1379918335799053,chr14,121185407,121185408,+
Gng2,ENSMUSG00000043004.14,PAS7978_AATAAA_0.15,0.0018408565706365307,0,13.658290774669354,1,2.1927100425864492e-4,0.002031051419838899,0.6230313117611205,0.2930948347314222,-0.32993647702969825,chr14,19922627,19922628,-
Gng2,ENSMUSG00000043004.14,PAS7979_AATAAA_0.25,0.0018408565706365307,0,13.658290774669354,1,2.1927100425864492e-4,0.002031051419838899,0.3769686882388795,0.7069051652685778,0.3299364770296983,chr14,19925539,19925540,-
Cd28,ENSMUSG00000026012.3,PAS80_AATAAA_0.25,1.5423288269410205e-5,0,23.98993560660074,1,9.684059116527184e-7,1.9061456361031006e-5,0.5802630824834835,0.777917301375652,0.1976542188921685,chr1,60812514,60812515,+
Cd28,ENSMUSG00000026012.3,PAS81_AATAAA_0.2,1.5423288269410205e-5,0,23.98993560660074,1,9.684059116527184e-7,1.9061456361031006e-5,0.41973691751651654,0.22208269862434804,-0.1976542188921685,chr1,60813077,60813078,+
Gtf2f2,ENSMUSG00000067995.5,PAS8119_AATAAA_0.25,0.018549720375863957,0,8.538562059619153,1,0.0034770020649126346,0.01978958765620155,0.5693709800808259,0.7347382715002829,0.16536729141945705,chr14,76134371,76134372,-
Gtf2f2,ENSMUSG00000067995.5,PAS8120_APA_0.35,0.018549720375863957,0,8.538562059619153,1,0.0034770020649126346,0.01978958765620155,0.4306290199191741,0.2652617284997171,-0.16536729141945705,chr14,76134816,76134817,-
Mtdh,ENSMUSG00000022255.17,PAS8190_AATAAA_0.25,3.986011077083488e-6,9.84323584924919e-6,23.592282785373754,1,1.1906407167605206e-6,2.214404230699488e-5,0.30184312328196183,0.1651181116906748,-0.13672501159128703,chr15,34143679,34143680,+
Atp6v1c1,ENSMUSG00000022295.9,PAS8195_APA_0.1,0.01051963403698869,0.01419947403909218,8.560608869767748,1,0.0034351451507314413,0.01964885327830774,0.20710279309772078,0.08403567247817816,-0.12306712061954263,chr15,38691968,38691969,+
Atp6v1c1,ENSMUSG00000022295.9,PAS8197_AATAAA_0.25,0.01051963403698869,0.006256151077643616,10.062117467168719,1,0.001513491765782666,0.010272607904536372,0.4674529261333924,0.6554608623895803,0.18800793625618795,chr15,38692686,38692687,+
Srebf2,ENSMUSG00000022463.9,PAS8300_AATAAA_0.1,0.030733761072790924,0,7.398722265768356,1,0.006527022203824481,0.03301247632855123,0.3222964686584655,0.2129358908861049,-0.1093605777723606,chr15,82088876,82088877,+
Srebf2,ENSMUSG00000022463.9,PAS8301_AATAAA_0.3,0.030733761072790924,0,7.398722265768356,1,0.006527022203824481,0.03301247632855123,0.6777035313415345,0.7870641091138951,0.10936057777236063,chr15,82089577,82089578,+
Slc48a1,ENSMUSG00000081534.4,PAS8327_APA_0.1,0.01622160929337983,0,8.819205937951438,1,0.0029807634997468233,0.01742713709505445,0.5959456758435948,0.38907451655292336,-0.20687115929067146,chr15,97689685,97689686,+
Slc48a1,ENSMUSG00000081534.4,PAS8328_AATAAA_0.1,0.01622160929337983,0,8.819205937951438,1,0.0029807634997468233,0.01742713709505445,0.4040543241564052,0.6109254834470766,0.20687115929067146,chr15,97690570,97690571,+
Eif4b,ENSMUSG00000058655.10,PAS8353_AATAAA_0.3,0.001699312546169916,0,13.82318866904643,1,2.0084211071999007e-4,0.0018899962769754815,0.28793566131249076,0.18113120905070232,-0.10680445226178845,chr15,102003868,102003869,+
Eif4b,ENSMUSG00000058655.10,PAS8354_AATAAA_0.2,0.001699312546169916,0,13.823188669045521,1,2.0084211072008714e-4,0.0018899962769754815,0.7120643386875092,0.8188687909492977,0.10680445226178847,chr15,102005605,102005606,+
Hnrnpa1,ENSMUSG00000046434.17,PAS8368_AATAAA_0.1,2.302303444250694e-9,3.4125685476645134e-11,46.704077302584665,1,8.255705997120061e-12,5.270264206810158e-10,0.9203567865657178,0.7629534991074456,-0.15740328745827226,chr15,103155116,103155117,+
Nckap1l,ENSMUSG00000022488.10,PAS8370_ATTAAA_0.15,0.03799540956098598,0,6.876061289165591,1,0.00873578668576686,0.04110344253342894,0.5872912968701886,0.7031739193073325,0.11588262243714398,chr15,103406366,103406367,+
Nckap1l,ENSMUSG00000022488.10,PAS8371_ATTAAA_0.1,0.03799540956098598,0,6.876061289165591,1,0.00873578668576686,0.04110344253342894,0.41270870312981145,0.29682608069266747,-0.11588262243714398,chr15,103407235,103407236,+
Il7r,ENSMUSG00000003882.6,PAS8383_AATAAA_0.25,0.01606391443252924,0.004103423754475399,10.841127461725478,1,9.927026996053136e-4,0.007214657773746925,0.115836050378736,0.2635629146637045,0.1477268642849685,chr15,9505880,9505881,-
Zfp706,ENSMUSG00000062397.9,PAS8410_ATTAAA_0.3,0.006300696291957627,0,10.971911436336086,1,9.250329736115076e-4,0.006764482611982604,0.3448129829530816,0.48506174130610635,0.14024875835302475,chr15,36999247,36999248,-
Zfp706,ENSMUSG00000062397.9,PAS8411_AATAAA_0.4,0.006300696291957627,0,10.971911436336086,1,9.250329736115076e-4,0.006764482611982604,0.6551870170469184,0.5149382586938936,-0.14024875835302475,chr15,37000862,37000863,-
Asap1,ENSMUSG00000022377.17,PAS8440_AATAAA_0.3,1.8169681671333903e-6,0,28.41763989030119,1,9.777038956501259e-8,2.178619435401507e-6,0.20685075376813847,0.5790240694379485,0.37217331566981005,chr15,63958705,63958706,-
Asap1,ENSMUSG00000022377.17,PAS8441_ATTAAA_0.2,1.8169681671333903e-6,0,28.417639890301416,1,9.777038956500113e-8,2.178619435401507e-6,0.7931492462318616,0.4209759305620515,-0.37217331566981005,chr15,63960389,63960390,-
Il2rb,ENSMUSG00000068227.10,PAS8485_ATTAAA_0.25,0.0014851240429020584,0,14.182254774636931,1,1.659279863260841e-4,0.0016536789185747287,0.48427570032525785,0.6710255563167353,0.18674985599147748,chr15,78363456,78363457,-
Il2rb,ENSMUSG00000068227.10,PAS8486_APA_0.3,0.0014851240429020584,0,14.182254774636931,1,1.659279863260841e-4,0.0016536789185747287,0.5157242996747422,0.3289744436832647,-0.18674985599147753,chr15,78364750,78364751,-
Ufd1,ENSMUSG00000005262.14,PAS8640_AATAAA_0.2,0.015862782969937053,0,8.891091759379378,1,0.0028656533063458915,0.016994719257743384,0.5363239195707136,0.33832253810718693,-0.19800138146352664,chr16,18653102,18653103,+
Ufd1,ENSMUSG00000005262.14,PAS8641_AATAAA_0.15,0.015862782969937053,0,8.891091759379378,1,0.0028656533063458915,0.016994719257743384,0.46367608042928643,0.6616774618928131,0.19800138146352664,chr16,18654004,18654005,+
Dnajb11,ENSMUSG00000004460.18,PAS8659_APA_0.05,0.039098047166704335,0,6.810664277054684,1,0.0090615049296794,0.04229896174684336,0.5103295371729457,0.6438026271964268,0.13347309002348107,chr16,22690857,22690858,+
Dnajb11,ENSMUSG00000004460.18,PAS8660_AATAAA_0.25,0.039098047166704335,0,6.810664277054684,1,0.0090615049296794,0.04229896174684336,0.4896704628270543,0.3561973728035732,-0.13347309002348107,chr16,22691117,22691118,+
Eif4a2,ENSMUSG00000022884.17,PAS8662_None_0.25,2.6699877666584838e-5,0,22.79780140615503,1,1.799714745762413e-6,3.172333007083077e-5,0.09206444692406941,0.2860580309708133,0.19399358404674388,chr16,22929260,22929261,+
Eif4a2,ENSMUSG00000022884.17,PAS8663_None_0.1,2.6699877666584838e-5,0,22.797801406154804,1,1.799714745762626e-6,3.172333007083077e-5,0.9079355530759305,0.7139419690291867,-0.19399358404674383,chr16,22930506,22930507,+
Cblb,ENSMUSG00000022637.12,PAS8726_AATAAA_0.3,0.002194820638038,0,13.28517705987997,1,2.6751276474701384e-4,0.0024116990470704073,0.484534532853128,0.6333991519499681,0.14886461909684012,chr16,52025749,52025750,+
Cblb,ENSMUSG00000022637.12,PAS8727_APA_0.25,0.002194820638038,0,13.28517705987997,1,2.6751276474701384e-4,0.0024116990470704073,0.515465467146872,0.3666008480500319,-0.14886461909684012,chr16,52028406,52028407,+
Comt,ENSMUSG00000000326.14,PAS8836_ATTAAA_0.3,0.02097879071839115,0,8.261915613218775,1,0.00404853855968952,0.022394960369993593,0.20845887921921608,0.4789552180643382,0.27049633884512214,chr16,18225630,18225631,-
Comt,ENSMUSG00000000326.14,PAS8837_None_0.25,0.02097879071839115,0,8.261915613218662,1,0.0040485385596897815,0.022394960369993593,0.7915411207807839,0.5210447819356618,-0.27049633884512203,chr16,18226043,18226044,-
Ppp1r2,ENSMUSG00000047714.15,PAS8862_AATAAA_0.2,0.013945598394997953,0,9.23885139381531,1,0.002369335276712487,0.014844482555955564,0.5953863400226063,0.2758629379341831,-0.31952340208842317,chr16,31072921,31072922,-
Ppp1r2,ENSMUSG00000047714.15,PAS8863_ATTAAA_0.05,0.013945598394997953,0,9.238851393815196,1,0.0023693352767126365,0.014844482555955564,0.40461365997739374,0.724137062065817,0.3195234020884232,chr16,31076872,31076873,-
Pak2,ENSMUSG00000022781.9,PAS8866_AATAAA_0.2,4.010903807107524e-4,0,16.979991340530432,1,3.7775825330098565e-5,4.4391293248603384e-4,0.38982164722600643,0.20276106383359283,-0.1870605833924136,chr16,31835117,31835118,-
Pak2,ENSMUSG00000022781.9,PAS8867_ATTAAA_0.35,4.010903807107524e-4,0,16.979991340530432,1,3.7775825330098565e-5,4.4391293248603384e-4,0.6101783527739936,0.7972389361664072,0.1870605833924136,chr16,31836682,31836683,-
Tcp1,ENSMUSG00000068039.14,PAS8966_ATTAAA_0.05,1.7647041773195934e-6,0,28.517004833386636,1,9.287916722734702e-8,2.1094287787595544e-6,0.8683182437570766,0.7078317496295621,-0.16048649412751448,chr17,13143444,13143445,+
Tcp1,ENSMUSG00000068039.14,PAS8967_AATAAA_0.1,1.7647041773195934e-6,0,28.517004833386636,1,9.287916722734702e-8,2.1094287787595544e-6,0.13168175624292344,0.2921682503704379,0.16048649412751448,chr17,13143948,13143949,+
Mrps34,ENSMUSG00000038880.14,PAS9000_AATAAA_0.1,4.188988106655975e-7,0,31.598976315272694,1,1.895294711229388e-8,5.2666895387339e-7,0.5219495172212897,0.8409116736061022,0.3189621563848125,chr17,25115262,25115263,+
Mrps34,ENSMUSG00000038880.14,PAS9001_AATAAA_0.1,4.188988106655975e-7,0,31.598976315272694,1,1.895294711229388e-8,5.2666895387339e-7,0.4780504827787103,0.1590883263938978,-0.3189621563848125,chr17,25116474,25116475,+
Zfand3,ENSMUSG00000044477.13,PAS9051_ATTAAA_0.15,0.020605890568299964,0,8.303190770035599,1,0.003957548696404795,0.022046533068179542,0.2542163552524964,0.4487040847314363,0.19448772947893989,chr17,30427381,30427382,+
Zfand3,ENSMUSG00000044477.13,PAS9052_ATTAAA_0.15,0.020605890568299964,0,8.303190770036053,1,0.003957548696403808,0.022046533068179542,0.7457836447475036,0.5512959152685637,-0.19448772947893989,chr17,30428992,30428993,+
Wdr43,ENSMUSG00000041057.11,PAS9195_AATAAA_0.3,0.004257833358642187,0,11.795755574238683,1,5.936591294136382e-4,0.004597452012049224,0.36534927539802114,0.22647048723185814,-0.138878788166163,chr17,71964885,71964886,+
Wdr43,ENSMUSG00000041057.11,PAS9196_AATAAA_0.1,0.004257833358642187,0,11.795755574240502,1,5.936591294130584e-4,0.004597452012049224,0.6346507246019788,0.7735295127681419,0.13887878816616306,chr17,71966019,71966020,+
Ppm1b,ENSMUSG00000061130.14,PAS9219_AATAAA_0.4,0.004464615268515171,5.562646891390264e-4,14.576648469987049,1,1.34571882321722e-4,0.0014064548055040147,0.5008638705030987,0.711061211528439,0.21019734102534038,chr17,85324548,85324549,+
Ppm1b,ENSMUSG00000061130.14,PAS9220_AATAAA_0.15,0.004464615268515171,0.008788915185435342,9.437251015925312,1,0.0021262195554792793,0.013428156657866465,0.3583632043447659,0.20269120627439152,-0.15567199807037435,chr17,85331418,85331419,+
Srpk1,ENSMUSG00000004865.17,PAS9306_AATAAA_0.15,0.0025542093838032713,0,12.945156933158614,1,3.20750208861722e-4,0.0027853382107771592,0.4655787128412336,0.6132572439176895,0.14767853107645595,chr17,28806623,28806624,-
Srpk1,ENSMUSG00000004865.17,PAS9307_None_0.1,0.0025542093838032713,0,12.945156933158614,1,3.20750208861722e-4,0.0027853382107771592,0.5344212871587664,0.38674275608231046,-0.1476785310764559,chr17,28808564,28808565,-
Wdr4,ENSMUSG00000024037.14,PAS9316_ATTAAA_0.1,9.636543966820445e-4,0,15.076932856112762,1,1.0321690675449414e-4,0.0010932660706462565,0.4902481627776625,0.22131573319036482,-0.2689324295872977,chr17,31713296,31713297,-
Wdr4,ENSMUSG00000024037.14,PAS9317_AATAAA_0.2,9.636543966820445e-4,0,15.076932856112876,1,1.0321690675448783e-4,0.0010932660706462565,0.5097518372223375,0.7786842668096352,0.2689324295872977,chr17,31715097,31715098,-
Brd4,ENSMUSG00000024002.19,PAS9321_AATAAA_0.15,4.947297205313499e-7,0,31.198256594054783,1,2.3297521465465235e-8,6.18300513499201e-7,0.8645076323848184,0.6370726501845619,-0.22743498220025649,chr17,32415249,32415250,-
Brd4,ENSMUSG00000024002.19,PAS9322_AATAAA_0.2,4.947297205313499e-7,0,31.198256594054783,1,2.3297521465465235e-8,6.18300513499201e-7,0.13549236761518157,0.36292734981543806,0.22743498220025649,chr17,32423884,32423885,-
Bysl,ENSMUSG00000023988.9,PAS9415_None_0.2,4.4000213471169324e-4,0.0021245377928580528,12.064287705466995,1,5.139694383460848e-4,0.004060186666800843,0.12505132486640705,0.32043556119736005,0.195384236330953,chr17,47911304,47911305,-
Bysl,ENSMUSG00000023988.9,PAS9416_None_0.05,4.4000213471169324e-4,4.2613870460863505e-5,19.453260058160595,1,1.0309172724604097e-5,1.4938813481910968e-4,0.7410474493051776,0.4462468032109259,-0.2948006460942517,chr17,47912161,47912162,-
Cds2,ENSMUSG00000058793.15,PAS947_AATAAA_0.1,2.8823609935511984e-10,1.5077110539769343e-9,39.29300135731546,1,3.647463491615483e-10,1.4480007880986356e-8,0.07947725444344789,0.34943172075464896,0.26995446631120107,chr2,132149540,132149541,+
Cds2,ENSMUSG00000058793.15,PAS948_AATAAA_0.1,2.8823609935511984e-10,1.387185451650983e-10,43.95747234685905,1,3.3558872422212145e-11,1.876069414101194e-9,0.7811313172093421,0.42633711978090927,-0.3547941974284329,chr2,132153968,132153969,+
Ndfip1,ENSMUSG00000024425.5,PAS9573_AATAAA_0.15,0.002595009837934078,0,12.888167284195333,1,3.306660735317662e-4,0.0028298306727651138,0.19734330366518918,0.31705543864373126,0.11971213497854208,chr18,38597457,38597458,+
Ndfip1,ENSMUSG00000024425.5,PAS9574_AATAAA_0.25,0.002595009837934078,0,12.888167284192605,1,3.3066607353224867e-4,0.0028298306727651138,0.8026566963348108,0.6829445613562688,-0.11971213497854205,chr18,38598236,38598237,+
Dcp2,ENSMUSG00000024472.10,PAS9578_AATAAA_0.2,0.0025626307400095586,0,12.925281091477473,1,3.241739717278943e-4,0.002794521610296665,0.5659194511502751,0.29401501831424043,-0.27190443283603466,chr18,44529150,44529151,+
Dcp2,ENSMUSG00000024472.10,PAS9580_AATAAA_0.1,0.0025626307400095586,0,12.925281091477473,1,3.241739717278943e-4,0.002794521610296665,0.4340805488497249,0.7059849816857595,0.2719044328360346,chr18,44558033,44558034,+
Csnk1a1,ENSMUSG00000024576.15,PAS9608_ATTAAA_0.35,0.003237295742253944,1.4785772466611747e-4,19.17551886990259,1,1.1923276042635513e-5,1.6763558340895883e-4,0.3250767573212984,0.2197497188538872,-0.10532703846741123,chr18,61721374,61721375,+
Ier3ip1,ENSMUSG00000090000.3,PAS9640_AATAAA_0.1,0.005548137726668374,0,11.219498614246731,1,8.094236018592826e-4,0.005993286983045847,0.7696050981296924,0.6377136439211628,-0.13189145420852955,chr18,77028420,77028421,+
Ier3ip1,ENSMUSG00000090000.3,PAS9641_AATAAA_0.2,0.005548137726668374,0,11.219498614246731,1,8.094236018592826e-4,0.005993286983045847,0.23039490187030764,0.3622863560788372,0.13189145420852955,chr18,77029307,77029308,+
Atp5f1a,ENSMUSG00000025428.16,PAS9642_AATAAA_0.05,3.709480249598106e-7,0,31.91602086085186,1,1.6098390741561495e-8,4.5812528833214755e-7,0.5148726947054063,0.6393790174187273,0.12450632271332096,chr18,77870211,77870212,+
Atp5f1a,ENSMUSG00000025428.16,PAS9643_ATTAAA_0.2,3.709480249598106e-7,0,31.91602086085186,1,1.6098390741561495e-8,4.5812528833214755e-7,0.4851273052945937,0.36062098258127273,-0.12450632271332096,chr18,77870565,77870566,+
Epc1,ENSMUSG00000024240.14,PAS9666_AATAAA_0.15,1.2080082381883542e-9,1.6193004018327182e-11,48.16539027516592,1,3.917421101386631e-12,2.570263511520895e-10,0.384529150516454,0.9038078892050343,0.5192787386885803,chr18,6435952,6435953,-
Epc1,ENSMUSG00000024240.14,PAS9667_ATTAAA_0.15,1.2080082381883542e-9,1.1025190650472221e-5,22.04219478261689,1,2.6672206375103618e-6,4.565199381014112e-5,0.3255836096714312,0.03761230508028926,-0.28797130459114195,chr18,6488893,6488894,-
Epc1,ENSMUSG00000024240.14,PAS9668_AATAAA_0.15,1.2080082381883542e-9,5.589771535443558e-4,14.56748266168438,1,1.3522808331359302e-4,0.0014070869285758006,0.28988723981211484,0.05857980571467647,-0.23130743409743837,chr18,6489160,6489161,-
Nfatc1,ENSMUSG00000033016.17,PAS9766_AATAAA_0,5.2724841550290246e-21,0,98.40621244884801,1,3.407884495401955e-23,6.7078526484495145e-21,0.5653237493301596,0.05730679159071364,-0.508016957739446,chr18,80649418,80649419,-
Nfatc1,ENSMUSG00000033016.17,PAS9767_AATAAA_0.05,5.2724841550290246e-21,0,98.40621244884801,1,3.407884495401955e-23,6.7078526484495145e-21,0.4346762506698404,0.9426932084092864,0.508016957739446,chr18,80691034,80691035,-
Asxl1,ENSMUSG00000042548.15,PAS983_AATAAA_0.2,1.3517367201029592e-9,0,43.87808867985518,1,3.494794844218177e-11,1.876069414101194e-9,0.6232491171489728,0.19373310215164888,-0.42951601499732395,chr2,153244018,153244019,+
Asxl1,ENSMUSG00000042548.15,PAS984_AATAAA_0.1,1.3517367201029592e-9,0,43.87808867985473,1,3.494794844218989e-11,1.876069414101194e-9,0.3767508828510272,0.8062668978483511,0.42951601499732395,chr2,153245925,153245926,+
Aip,ENSMUSG00000024847.16,PAS9976_AATAAA_0.2,0.02590017458699482,0,7.820501572133708,1,0.005165685790203952,0.027480517649688594,0.14846843423303946,0.2576425268479555,0.10917409261491606,chr19,4163757,4163758,-
Aip,ENSMUSG00000024847.16,PAS9977_APA_0.25,0.02590017458699482,0,7.820501572133708,1,0.005165685790203952,0.027480517649688594,0.8515315657669605,0.7423574731520445,-0.10917409261491606,chr19,4164462,4164463,-
